LOANAMOUNT_NOT_INSURANCE,INSURANCE_FEE,LA,EFF_RATE,TERM,RESULT_YES/NO,COUNT_TERM_RECEIPT,SUM_RECEIPT_AMT,EMI,GENDER,AGE,Number of Children,PERSONAL_INCOME,ADDITIONAL_INCOME,PERSONAL_EXPENSE,FAMILY_INCOME,FAMILY_EXPENSE,MARITAL_STATUS,EDUCATION
18000000,990000,18990000,45.0,24,1,12.0,14701000.0,1213820,0,30,0,9000000,0,9600000,20000000,5000000,3,3
10000000,550000,10550000,44.5,12,1,13.0,13465000.0,1105184,0,25,0,5500000,0,7200000,15000000,4000000,2,3
25000000,1375000,26375000,47.0,24,1,11.0,19003625.0,1715125,1,21,0,5182000,0,12000000,5200000,1000000,4,5
30000000,1650000,31650000,44.5,24,0,10.0,18741000.0,2014302,0,29,0,10000000,0,18000000,20000000,6000000,2,5
20000000,1100000,21100000,44.5,18,1,12.0,19673856.0,1627488,1,23,0,7000000,0,12000000,20000000,7000000,4,3
15000000,825000,15825000,37.0,18,1,12.0,13961737.0,1158737,1,99,0,5300000,0,12000000,11000000,4000000,2,3
30000000,0,30000000,33.5,30,0,-1.0,-1.0,1489649,0,28,0,25000000,0,12000000,35000000,8000000,1,2
30000000,0,30000000,35.0,20,1,12.0,24153000.0,2000967,1,33,0,10000000,0,12000000,30000000,6000000,2,3
20000000,0,20000000,35.0,18,1,2.0,21961000.0,1443948,0,43,0,6965000,0,24000000,13000000,3000000,1,3
20000000,1100000,21100000,44.5,18,1,12.0,19676928.0,1627488,0,27,0,8000000,0,12000000,8000000,1000000,1,5
15000000,825000,15825000,45.0,12,1,12.0,19769460.0,1661820,0,46,0,6000000,0,10800000,36000000,6000000,2,3
50000000,2750000,52750000,37.0,36,1,12.0,29485148.0,2446287,0,30,0,10000000,0,18000000,30000000,10000000,2,3
20000000,1100000,21100000,33.5,24,1,12.0,14761000.0,1218107,0,32,0,4500000,0,10800000,14000000,4500000,2,5
30000000,1650000,31650000,44.5,24,1,12.0,24306416.0,2014302,0,25,0,10000000,0,12000000,18000000,6000000,2,2
10000000,550000,10550000,60.0,12,1,12.0,14436000.0,1190308,1,40,0,7000000,0,12000000,20000000,6000000,2,1
9500000,522500,10022500,60.0,12,1,12.0,13572000.0,1130793,0,57,0,10000000,0,10800000,18000000,3600000,2,7
20000000,1100000,21100000,35.0,24,0,7.0,11115000.0,1234743,1,29,0,15000000,0,12000000,30000000,6000000,2,5
30000000,1650000,31650000,45.0,24,1,12.0,24424264.0,2023033,0,39,0,10000000,0,18000000,25000000,5000000,2,3
20000000,1100000,21100000,59.99,24,0,8.0,13776072.0,1529012,0,38,0,5000000,0,6000000,17000000,2500000,2,5
50000000,2750000,52750000,47.0,24,0,14.0,30881008.0,3430251,0,28,0,12000000,0,24000000,25000000,4500000,4,4
20000000,1100000,21100000,47.0,24,0,11.0,15214000.0,1372100,1,24,0,6000000,0,18000000,26000000,6000000,4,3
30000000,1650000,31650000,33.5,30,1,12.0,18991211.0,1571579,0,42,0,14000000,0,24000000,30000000,7000000,2,3
40000000,2200000,42200000,35.0,12,1,13.0,50941380.0,4218438,1,50,0,20000000,0,36000000,35000000,5000000,2,1
20000000,1100000,21100000,35.0,18,1,12.0,18430730.0,1523365,1,42,0,14000000,0,24000000,25000000,4000000,2,3
20000000,0,20000000,35.0,12,1,10.0,24124040.0,1999260,0,32,0,5738000,0,9600000,30000000,4000000,4,3
20000000,1100000,21100000,45.0,24,1,12.0,16332000.0,1348689,1,35,0,10000000,0,12000000,18000000,4000000,2,3
25000000,1375000,26375000,47.0,26,0,11.0,17996000.0,1635265,0,26,0,4800000,0,9600000,10000000,2500000,2,3
50000000,2750000,52750000,35.0,30,0,9.0,25635142.0,2662357,0,31,0,10000000,0,24000000,35000000,5000000,2,3
20000000,1100000,21100000,47.0,24,1,12.0,16604000.0,1372100,0,32,0,6000000,0,12000000,20000000,4000000,2,3
20000000,1100000,21100000,47.0,24,1,13.0,17995200.0,1372100,1,54,0,6500000,0,12000000,20000000,5000000,2,3
25000000,1375000,26375000,47.0,24,1,12.0,20714000.0,1715125,1,36,0,6000000,0,18000000,16000000,5000000,2,5
20000000,1100000,21100000,60.0,24,0,9.0,12333000.0,1529136,0,35,0,6000000,0,18000000,15000000,4500000,2,4
20000000,1100000,21100000,59.99,18,1,12.0,21802896.0,1804908,1,27,0,8000000,0,9600000,16000000,3500000,2,5
15000000,825000,15825000,42.5,12,0,5.0,6950000.0,1641652,1,42,0,5500000,0,6000000,10000000,3000000,2,3
20000000,1100000,21100000,47.0,24,1,12.0,16609000.0,1372100,0,24,0,4452000,0,7200000,18000000,3900000,4,3
10000000,550000,10550000,37.0,12,0,11.0,11841000.0,1065154,0,37,0,8519000,0,12000000,25000000,5000000,2,5
20000000,1100000,21100000,45.0,26,1,11.0,15558000.0,1284456,0,28,0,8000000,0,10800000,25000000,5000000,2,3
20000000,1100000,21100000,47.0,24,1,13.0,16625000.0,1372100,0,51,0,10000000,0,24000000,29000000,7000000,2,5
30000000,1650000,31650000,35.0,30,1,5.0,38727656.0,1597414,0,47,0,10000000,0,9600000,29000000,3500000,2,3
50000000,2750000,52750000,35.0,30,0,11.0,29430000.0,2662357,1,49,0,15000000,0,36000000,25000000,5000000,2,5
30000000,1650000,31650000,35.0,24,0,11.0,20493254.0,1852114,0,40,0,9000000,0,12000000,22000000,5000000,2,3
40000000,2200000,42200000,33.5,30,1,2.0,34000000.0,2095439,1,26,0,25000000,0,36000000,40000000,5000000,2,7
20000000,1100000,21100000,44.5,24,1,12.0,16257624.0,1342868,1,52,0,5000000,0,18000000,18000000,3000000,2,1
20000000,1100000,21100000,35.0,15,1,12.0,21226056.0,1756838,1,45,0,7000000,0,12000000,15000000,5000000,2,5
40000000,2200000,42200000,35.0,30,1,12.0,25704000.0,2129886,1,52,0,10000000,0,24000000,22000000,4000000,2,3
30000000,1650000,31650000,45.0,18,1,12.0,29560000.0,2449603,1,32,0,8000000,0,12000000,38000000,2000000,4,3
35000000,1925000,36925000,37.0,12,0,11.0,41140400.0,3728040,0,46,0,12000000,0,18000000,40000000,5000000,1,5
25000000,1375000,26375000,47.0,36,1,12.0,16710000.0,1378837,0,38,0,8000000,0,7200000,30000000,2000000,2,5
25000000,0,25000000,59.99,24,0,11.0,20060000.0,1811626,1,44,0,9000000,0,21600000,13000000,4600000,2,5
40000000,2200000,42200000,45.0,24,1,10.0,32494000.0,2697378,1,37,0,15000000,0,12000000,35000000,3000000,2,3
30000000,1650000,31650000,45.0,24,1,12.0,24420396.0,2023033,0,27,0,7000000,0,10800000,25000000,6500000,2,1
25000000,1375000,26375000,45.0,24,1,12.0,20376000.0,1685861,1,55,0,7000000,0,12000000,25000000,5000000,2,1
15000000,825000,15825000,45.0,18,1,11.0,14843010.0,1224802,1,24,0,9000000,0,12000000,14000000,4500000,2,5
20000000,1100000,21100000,33.5,30,1,12.0,12720000.0,1047720,0,21,0,10000000,0,6000000,30000000,4000000,4,3
20000000,1100000,21100000,44.5,12,1,12.0,26619000.0,2210368,0,33,0,7000000,0,7200000,13000000,3000000,2,1
20000000,1100000,21100000,45.0,18,1,12.0,19747345.0,1633069,0,48,0,5000000,0,6000000,30000000,2000000,3,5
25000000,1375000,26375000,59.99,24,1,12.0,23079180.0,1911265,0,38,0,6000000,0,7200000,40000000,4000000,2,3
10000000,550000,10550000,47.0,24,0,5.0,3476000.0,686050,0,37,0,3700000,0,8400000,45000000,6500000,2,5
40000000,0,40000000,45.0,24,1,7.0,50654000.0,2556756,0,46,0,12000000,0,48000000,26000000,5200000,2,7
50000000,2750000,52750000,37.0,36,1,12.0,29504574.0,2446287,0,50,0,20000000,0,12000000,40000000,3000000,2,5
35000000,1925000,36925000,35.0,20,0,10.0,24749000.0,2462857,1,28,0,15000000,0,18000000,30000000,5000000,2,5
20000000,1100000,21100000,59.99,24,1,13.0,20086000.0,1529012,1,29,0,7000000,0,9600000,17000000,3100000,2,3
40000000,2200000,42200000,33.5,18,0,11.0,33286671.0,3014519,1,38,0,40000000,0,60000000,45000000,15000000,2,3
40000000,2200000,42200000,45.0,24,1,12.0,32517378.0,2697378,0,43,0,15000000,0,18000000,25000000,2500000,1,3
20000000,0,20000000,59.99,12,0,11.0,26556402.0,2256402,0,47,0,12000000,0,12000000,42000000,6000000,3,3
35000000,1925000,36925000,37.0,36,0,11.0,18968411.0,1712401,1,41,0,10000000,0,24000000,25000000,3500000,2,7
30000000,1650000,31650000,33.5,30,1,12.0,18991158.0,1571579,1,38,0,10000000,0,21600000,25000000,5200000,2,7
10000000,550000,10550000,35.0,24,0,11.0,6923081.0,617371,1,20,0,7000000,0,18000000,20000000,4500000,4,3
9000000,0,9000000,60.0,12,1,12.0,12229000.0,1015429,1,54,0,8000000,0,9600000,20000000,5000000,2,3
15000000,825000,15825000,59.99,12,1,12.0,22008158.0,1785378,0,53,0,6000000,0,12000000,19000000,5000000,2,3
20000000,1100000,21100000,35.0,24,0,11.0,13706000.0,1234743,0,53,0,4000000,0,18000000,38000000,6500000,2,5
40000000,2200000,42200000,35.0,30,0,11.0,23561000.0,2129886,1,47,0,12000000,0,12000000,25000000,4000000,2,2
10000000,550000,10550000,44.5,12,0,7.0,10728736.0,1105184,1,41,0,6000000,0,12000000,14000000,3000000,2,5
15000000,0,15000000,59.99,12,0,9.0,15339000.0,1692302,0,32,0,7500000,0,12000000,17000000,4000000,2,2
30000000,1650000,31650000,35.0,18,1,13.0,29874000.0,2285048,0,41,0,15000000,0,12000000,15000000,1000000,4,3
50000000,2750000,52750000,37.0,36,0,8.0,20728000.0,2446287,0,59,0,20000000,0,24000000,30000000,7000000,2,3
15000000,825000,15825000,59.99,24,0,3.0,3477000.0,1146759,1,51,0,7000000,0,9600000,10000000,1000000,2,5
20000000,1100000,21100000,44.5,24,1,12.0,16247000.0,1342868,1,28,0,7000000,0,12000000,18000000,4000000,2,3
15000000,825000,15825000,44.5,24,1,4.0,18807000.0,1007151,1,24,0,7000000,0,9600000,15000000,4000000,4,7
20000000,1100000,21100000,47.0,24,1,12.0,16609000.0,1372100,0,31,0,4196000,0,12000000,12000000,4000000,2,5
20000000,1100000,21100000,35.0,24,0,11.0,13655715.0,1234743,1,53,0,6000000,0,12000000,20000000,3000000,2,3
17000000,935000,17935000,60.0,12,0,8.0,14749000.0,2023524,0,30,0,15000000,0,12000000,20000000,4000000,2,3
10000000,550000,10550000,35.0,12,0,5.0,12191220.0,1054610,1,29,0,7000000,0,9600000,22000000,1000000,4,3
20000000,1100000,21100000,47.0,24,0,11.0,15213100.0,1372100,1,22,0,7000000,0,16800000,20000000,4000000,4,4
10000000,550000,10550000,47.0,36,0,9.0,5071350.0,551535,0,21,0,4114000,0,9600000,4500000,800000,4,4
40000000,2200000,42200000,44.5,24,1,7.0,54118000.0,2685736,1,26,0,19000000,0,12000000,39000000,6000000,4,2
20000000,1100000,21100000,59.99,24,0,-1.0,-1.0,1529012,1,26,0,8000000,0,24000000,15000000,8000000,2,3
25000000,1375000,26375000,47.0,24,0,4.0,6912000.0,1715125,0,29,0,5243000,0,15600000,20000000,6000000,2,5
30000000,1650000,31650000,33.5,30,0,11.0,17427000.0,1571579,1,35,0,15000000,0,12000000,25000000,8000000,2,3
30000000,1650000,31650000,47.0,24,1,13.0,24841650.0,2058150,1,22,0,8600000,0,12000000,15000000,3000000,2,1
15000000,825000,15825000,59.99,15,1,12.0,18434531.0,1524531,0,44,0,8000000,0,12000000,16000000,4000000,2,1
30000000,1650000,31650000,37.0,36,0,11.0,16277720.0,1467772,0,22,0,20000000,0,9600000,30000000,6000000,3,3
25000000,1375000,26375000,59.99,24,0,-1.0,-1.0,1911265,1,23,0,7000000,0,12000000,15000000,3000000,4,5
10000000,550000,10550000,44.5,12,0,7.0,12860000.0,1105184,1,30,0,9000000,0,12000000,18000000,3000000,2,2
50000000,2750000,52750000,35.0,24,1,13.0,40287000.0,3086857,0,29,0,15000000,0,12000000,25000000,2000000,2,7
40000000,2200000,42200000,33.5,30,0,1.0,2108000.0,2095439,1,30,0,10000000,0,12000000,40000000,3000000,2,7
10000000,550000,10550000,44.5,18,1,12.0,9908929.0,813744,1,48,0,5000000,0,6000000,15000000,3000000,2,3
10000000,550000,10550000,35.0,12,0,11.0,11735000.0,1054610,0,28,0,7000000,0,18000000,17000000,5000000,4,4
20000000,1100000,21100000,44.5,24,0,3.0,4067000.0,1342868,1,42,0,20000000,0,30000000,30000000,9000000,2,3
15000000,825000,15825000,33.5,12,1,12.0,19050000.0,1570106,1,30,0,10000000,0,24000000,18000000,4000000,4,7
20000000,0,20000000,47.0,24,1,12.0,15744000.0,1300569,1,35,0,6397000,0,12000000,15000000,4000000,2,5
25000000,1375000,26375000,35.0,18,0,11.0,21087000.0,1904206,0,49,0,7000000,0,12000000,15000000,3000000,2,5
20000000,1100000,21100000,47.0,24,0,11.0,15235100.0,1372100,1,22,0,6000000,0,6000000,16000000,2000000,4,3
15000000,825000,15825000,45.0,18,1,12.0,14844000.0,1224802,1,25,0,9000000,0,16800000,25000000,4000000,2,3
10000000,550000,10550000,44.5,12,1,11.0,13405000.0,1105184,0,37,0,6000000,0,12000000,16000000,5000000,2,5
15000000,825000,15825000,35.0,20,1,12.0,12812080.0,1055510,0,24,0,5300000,0,8400000,45000000,9000000,2,3
50000000,2750000,52750000,35.0,30,0,-1.0,-1.0,2662357,0,52,0,12000000,0,12000000,33000000,4000000,2,3
20000000,1100000,21100000,47.0,12,1,12.0,26736546.0,2237394,0,28,0,10000000,0,12000000,20000000,2800000,2,3
15000000,825000,15825000,45.0,18,0,11.0,13473000.0,1224802,1,53,0,13000000,0,13200000,25000000,3000000,2,1
30000000,1650000,31650000,37.0,36,1,12.0,17779000.0,1467772,0,42,0,10000000,0,18000000,30000000,3000000,2,5
40000000,2200000,42200000,37.0,36,1,12.0,23636030.0,1957030,0,48,0,10000000,0,12000000,25000000,4000000,2,3
30000000,0,30000000,47.0,12,0,13.0,34432000.0,3181128,0,41,0,10000000,0,12000000,20000000,3000000,0,5
20000000,1100000,21100000,45.0,24,0,8.0,12150000.0,1348689,0,47,0,12000000,0,14400000,21000000,5000000,2,7
20000000,1100000,21100000,47.0,24,0,10.0,13842100.0,1372100,0,21,0,10000000,0,19200000,40000000,6000000,4,3
40000000,2200000,42200000,35.0,30,1,17.0,25690746.0,2129886,0,54,0,12000000,0,24000000,22000000,7000000,2,7
25000000,1375000,26375000,44.5,24,0,6.0,8450000.0,1678585,1,30,0,9000000,0,12000000,16000000,5000000,2,3
35000000,1925000,36925000,44.5,24,0,8.0,18898000.0,2350019,0,36,0,7000000,0,12000000,30000000,4000000,2,3
20000000,1100000,21100000,59.99,24,1,12.0,18726000.0,1529012,1,31,0,8000000,0,14400000,25000000,3000000,2,5
50000000,2750000,52750000,37.0,36,1,12.0,29487000.0,2446287,0,36,0,8000000,0,10800000,20000000,3500000,1,7
29000000,1595000,30595000,47.0,24,0,11.0,22001545.0,1989545,1,44,0,15000000,0,36000000,25000000,6000000,2,3
30000000,1650000,31650000,35.0,24,0,4.0,5592000.0,1852114,1,28,0,7000000,0,7200000,25000000,3000000,2,3
10000000,550000,10550000,45.0,24,0,11.0,7557000.0,674344,0,51,0,3000000,0,7200000,12000000,3000000,4,1
10000000,550000,10550000,47.0,12,1,12.0,13556667.0,1118697,1,27,0,7692000,0,9600000,17000000,4000000,2,3
25000000,1375000,26375000,35.0,30,0,4.0,5373000.0,1331179,1,49,0,15000000,0,13200000,25000000,3000000,2,5
30000000,1650000,31650000,45.0,18,1,12.0,29541000.0,2449603,1,37,0,9000000,0,30000000,25000000,6500000,2,1
20000000,1100000,21100000,35.0,12,0,11.0,23342000.0,2109219,1,27,0,7000000,0,12000000,30000000,5000000,2,7
20000000,1100000,21100000,44.5,24,1,12.0,17250000.0,1342868,0,53,0,10000000,0,12000000,15000000,3000000,2,5
30000000,1650000,31650000,35.0,24,0,11.0,20395000.0,1852114,1,31,0,8000000,0,6000000,30000000,3000000,4,5
30000000,0,30000000,35.0,24,0,11.0,19431149.0,1755559,0,25,0,8000000,0,12000000,30000000,6000000,2,5
20000000,1100000,21100000,44.5,24,1,12.0,16260000.0,1342868,1,27,0,7000000,0,8400000,7000000,700000,4,5
15000000,825000,15825000,35.0,12,1,13.0,19191000.0,1581914,0,42,0,10000000,0,24000000,20000000,8000000,2,3
55000000,3025000,58025000,37.0,24,1,12.0,41649000.0,3457056,0,23,0,15000000,0,36000000,27000000,8000000,2,3
25000000,1375000,26375000,35.0,24,1,12.0,18663716.0,1543429,0,27,0,16000000,0,24000000,35000000,5000000,4,5
30000000,1650000,31650000,35.0,24,1,10.0,40836228.0,1852114,0,24,0,10000000,0,12000000,80000000,9000000,4,3
20000000,1100000,21100000,45.0,18,1,13.0,21373897.0,1633069,1,39,0,7000000,0,18000000,12000000,6000000,1,5
30000000,1650000,31650000,37.0,24,1,12.0,22772667.0,1885667,0,49,0,7000000,0,24000000,45000000,11000000,2,3
20000000,1100000,21100000,47.0,18,1,12.0,19870000.0,1655490,0,23,0,6000000,0,12000000,25000000,4000000,4,5
20000000,1100000,21100000,45.0,12,0,11.0,24505000.0,2215760,1,34,0,10000000,0,12000000,20000000,3000000,2,3
40000000,2200000,42200000,35.0,24,1,14.0,29794944.0,2469486,0,30,0,7000000,0,24000000,22000000,5000000,2,3
30000000,1650000,31650000,44.5,24,0,-1.0,-1.0,2014302,1,28,0,18000000,0,24000000,30000000,5000000,2,2
10000000,550000,10550000,44.5,12,0,-1.0,-1.0,1105184,1,25,0,15000000,0,12000000,30000000,3000000,4,3
20000000,1100000,21100000,35.0,24,0,11.0,13715000.0,1234743,1,37,0,8000000,0,19200000,20000000,4000000,2,3
30000000,1650000,31650000,47.0,36,0,12.0,18499000.0,1654605,1,21,0,5023000,0,8400000,25000000,3000000,4,5
40000000,2200000,42200000,37.0,30,1,12.0,26259538.0,2176269,1,31,0,7000000,0,18000000,15000000,5500000,2,3
30000000,1650000,31650000,35.0,24,1,12.0,22224000.0,1852114,1,44,0,10000000,0,30000000,25000000,7000000,2,3
10000000,550000,10550000,59.99,24,0,11.0,8536000.0,764506,0,24,0,10000000,0,18000000,15000000,2500000,2,5
20000000,1100000,21100000,45.0,24,1,12.0,16332000.0,1348689,0,23,0,6000000,0,19200000,9000000,1600000,4,1
15000000,825000,15825000,33.5,18,0,7.0,7995890.0,1130445,1,38,0,10000000,0,24000000,30000000,5000000,2,3
10000000,550000,10550000,35.0,12,1,14.0,12759490.0,1054610,1,39,0,6000000,0,12000000,20000000,5000000,4,3
30000000,1650000,31650000,47.0,18,0,6.0,14971000.0,2483234,1,32,0,12000000,0,18000000,21000000,4500000,2,4
10000000,550000,10550000,59.99,15,1,12.0,12328248.0,1016354,0,32,0,4500000,0,18000000,15000000,4500000,2,3
20000000,0,20000000,45.0,24,0,3.0,3872000.0,1278378,0,58,0,10000000,0,18000000,30000000,9000000,0,5
20000000,1100000,21100000,47.0,18,0,7.0,11672000.0,1655490,1,33,0,7500000,0,18000000,13500000,3000000,2,3
20000000,1100000,21100000,47.0,24,0,8.0,10976000.0,1372100,1,23,0,5100000,0,8400000,20000000,3000000,4,5
25000000,1375000,26375000,59.99,24,1,12.0,23021000.0,1911265,0,45,0,10000000,0,12000000,22000000,5000000,2,3
20000000,1100000,21100000,47.0,12,1,12.0,27360000.0,2237394,0,21,0,8000000,0,24000000,16500000,4000000,4,3
20000000,1100000,21100000,45.0,24,0,10.0,13244689.0,1348689,0,48,0,10000000,0,24000000,35000000,7000000,2,1
15000000,825000,15825000,35.0,12,1,12.0,18974000.0,1581914,1,30,0,5000000,0,12000000,15000000,2000000,4,3
30000000,1650000,31650000,45.0,24,1,12.0,24744000.0,2023033,1,36,0,9000000,0,10800000,25000000,5000000,2,3
10000000,550000,10550000,59.99,12,1,12.0,14428008.0,1190252,0,47,0,10000000,0,12000000,70000000,16000000,2,3
35000000,1925000,36925000,45.0,24,1,12.0,28475206.0,2360206,0,52,0,12000000,0,21600000,30000000,7500000,2,2
20000000,1100000,21100000,50.0,20,1,14.0,20639000.0,1575574,0,20,0,5000000,0,6000000,10000000,2000000,2,3
15000000,825000,15825000,45.0,12,1,9.0,20002000.0,1661820,1,27,0,8000000,0,12000000,22000000,5000000,2,3
50000000,2750000,52750000,35.0,30,0,5.0,16050000.0,2662357,1,49,0,20000000,0,18000000,40000000,3500000,2,3
20000000,1100000,21100000,59.99,24,0,11.0,16939012.0,1529012,0,33,0,8500000,0,6000000,14000000,1800000,2,4
25000000,1375000,26375000,35.0,24,1,12.0,18667000.0,1543429,0,25,0,8000000,0,30000000,35000000,7000000,2,3
40000000,2200000,42200000,35.0,24,0,1.0,2482000.0,2469486,1,35,0,9000000,0,12000000,35000000,5000000,1,3
40000000,2200000,42200000,37.0,18,0,11.0,34122000.0,3089965,1,58,0,20000000,0,48000000,40000000,10000000,2,3
20000000,1100000,21100000,35.0,18,1,12.0,18432000.0,1523365,0,20,0,5000000,0,6000000,20000000,4000000,4,3
50000000,2750000,52750000,37.0,36,1,13.0,31946000.0,2446287,0,32,0,10000000,0,36000000,25000000,10000000,2,3
20000000,1100000,21100000,44.5,18,0,5.0,8200000.0,1627488,0,22,0,7000000,0,14400000,16000000,3600000,2,3
10000000,0,10000000,35.0,12,1,8.0,12309000.0,999630,0,27,0,4000000,0,18000000,30000000,5000000,4,2
25000000,1375000,26375000,45.0,24,0,11.0,18562000.0,1685861,0,42,0,10000000,0,24000000,25000000,6000000,2,3
30000000,1650000,31650000,35.0,30,0,12.0,17700312.0,1597414,1,53,0,10000000,0,36000000,25000000,15000000,2,5
20000000,1100000,21100000,35.0,30,1,5.0,23930000.0,1064943,0,20,0,20000000,0,8400000,27000000,4000000,2,3
25000000,1375000,26375000,44.5,24,0,11.0,18610000.0,1678585,1,24,0,10000000,0,18000000,20000000,6500000,4,2
20000000,1100000,21100000,45.0,24,1,13.0,17690689.0,1348689,1,49,0,6000000,0,6000000,16000000,1500000,2,1
20000000,1100000,21100000,47.0,24,1,12.0,16595000.0,1372100,0,31,0,9000000,0,12000000,27000000,7000000,1,2
20000000,1100000,21100000,35.0,18,0,8.0,12288000.0,1523365,1,52,0,10000000,0,18000000,15000000,3600000,2,1
25000000,1375000,26375000,45.0,24,1,12.0,36632027.0,1685861,0,31,0,8000000,0,9600000,27000000,7000000,2,5
30000000,1650000,31650000,35.0,36,0,11.0,15880931.0,1431721,1,26,0,5874000,0,8400000,12000000,4000000,4,3
20000000,0,20000000,59.99,24,0,9.0,16076381.0,1449301,0,24,0,30000000,0,24000000,30000000,5000000,2,3
25000000,1375000,26375000,45.0,24,0,12.0,20375583.0,1685861,1,38,0,15000000,0,12000000,25000000,4000000,2,1
30000000,1650000,31650000,35.0,24,1,12.0,22224000.0,1852114,0,40,0,7000000,0,14400000,15000000,4500000,4,3
40000000,2200000,42200000,33.5,30,0,7.0,12948000.0,2095439,1,53,0,15000000,0,36000000,35000000,9000000,2,3
25000000,1375000,26375000,45.0,24,0,11.0,18676471.0,1685861,1,36,0,10000000,0,18000000,40000000,8000000,2,3
10000000,550000,10550000,35.0,12,0,11.0,11721000.0,1054610,0,24,0,6000000,0,9600000,20000000,4000000,2,3
15000000,825000,15825000,33.5,24,1,11.0,11237000.0,913580,1,24,0,6000000,0,18000000,25000000,7000000,4,4
17000000,0,17000000,47.0,12,0,11.0,19936000.0,1802639,0,20,0,5269000,0,8400000,17000000,4000000,4,3
25000000,1375000,26375000,47.0,12,0,2.0,5618000.0,2796742,0,27,0,10000000,0,12000000,30000000,3200000,2,3
10000000,550000,10550000,44.5,12,0,6.0,10939000.0,1105184,0,24,0,5000000,0,18000000,17000000,5000000,4,4
15000000,825000,15825000,59.99,24,1,12.0,13894000.0,1146759,0,20,0,4200000,0,14400000,18200000,2200000,4,3
20000000,0,20000000,45.0,24,1,12.0,15473268.0,1278378,1,39,0,10000000,0,36000000,35000000,9000000,2,3
25000000,1375000,26375000,35.0,36,0,1.0,1206000.0,1193101,1,21,0,4128000,0,8400000,20000000,3000000,4,5
20000000,1100000,21100000,59.99,24,0,8.0,14375036.0,1529012,0,31,0,6000000,0,12000000,13000000,3000000,2,3
40000000,2200000,42200000,37.0,36,1,2.0,45630000.0,1957030,1,29,0,15000000,0,18000000,30000000,7000000,4,4
30000000,1650000,31650000,35.0,18,1,12.0,27553528.0,2285048,0,54,0,15000000,0,12000000,55000000,8000000,2,4
20000000,1100000,21100000,45.0,24,0,9.0,12249000.0,1348689,0,59,0,6000000,0,7200000,18000000,3000000,2,1
30000000,0,30000000,37.0,24,0,11.0,19795000.0,1787362,0,30,0,15000000,0,9600000,30000000,4500000,2,7
30000000,1650000,31650000,35.0,24,1,12.0,22380000.0,1852114,0,54,0,10000000,0,12000000,25000000,5000000,2,3
20000000,1100000,21100000,47.0,24,1,5.0,26173000.0,1372100,0,20,0,9000000,0,8400000,16000000,4000000,2,3
15000000,825000,15825000,47.0,36,0,5.0,4196510.0,827302,1,26,0,4681000,0,18000000,18000000,6000000,2,3
20000000,0,20000000,45.0,24,0,4.0,3871134.0,1278378,0,34,0,20000000,0,12000000,25000000,4000000,2,2
25000000,1375000,26375000,59.99,12,1,12.0,36001520.0,2975630,0,30,0,12000000,0,21600000,30000000,5400000,4,3
50000000,2750000,52750000,37.0,30,0,11.0,30056033.0,2720337,1,31,0,8882000,0,12000000,17200000,4800000,2,4
30000000,1650000,31650000,44.5,24,1,12.0,24303624.0,2014302,1,29,0,8000000,0,9000000,30000000,3000000,4,0
15000000,825000,15825000,60.0,12,1,12.0,21354000.0,1785462,1,41,0,5000000,0,9600000,30000000,2500000,2,5
25000000,1375000,26375000,33.5,30,0,7.0,9257000.0,1309650,1,28,0,12000000,0,24000000,20000000,6000000,4,3
20000000,1100000,21100000,35.0,18,1,7.0,24561095.0,1523365,0,45,0,9000000,0,18000000,28000000,8000000,4,5
25000000,1375000,26375000,35.0,24,1,12.0,18665006.0,1543429,1,28,0,12000000,0,24000000,25000000,5000000,2,7
10000000,550000,10550000,47.0,12,0,11.0,12420000.0,1118697,1,32,0,5500000,0,6000000,5500000,1500000,1,3
25000000,1375000,26375000,59.99,24,0,8.0,15385590.0,1911265,1,41,0,10000000,0,21600000,45000000,9000000,2,1
10000000,550000,10550000,35.0,15,0,11.0,9801000.0,878419,0,52,0,4000000,0,6000000,25000000,1200000,0,5
20000000,1100000,21100000,37.0,15,1,10.0,26307146.0,1778146,1,41,0,7000000,0,9600000,15000000,3000000,1,5
30000000,1650000,31650000,45.0,20,1,12.0,27516000.0,2277600,0,50,0,7000000,0,7200000,13000000,2500000,2,3
20000000,1100000,21100000,45.0,24,1,10.0,28668201.0,1348689,0,22,0,8000000,0,12000000,25000000,4000000,4,2
20000000,1100000,21100000,47.0,24,0,10.0,13846000.0,1372100,1,47,0,4441000,0,18000000,30000000,6000000,2,4
20000000,1100000,21100000,45.0,24,0,11.0,14955579.0,1348689,1,39,0,7000000,0,12000000,15000000,7000000,2,7
10000000,550000,10550000,59.99,12,1,12.0,14414772.0,1190252,0,44,0,9000000,0,12000000,36000000,6000000,2,5
20000000,1100000,21100000,59.99,18,0,3.0,5451000.0,1804908,0,32,0,7000000,0,8400000,22000000,2500000,2,5
30000000,1650000,31650000,44.5,24,0,-1.0,-1.0,2014302,1,42,0,28000000,0,36000000,45000000,4500000,2,7
30000000,1650000,31650000,37.0,18,1,12.0,27944000.0,2317474,1,27,0,11000000,0,9600000,16000000,2000000,2,3
30000000,1650000,31650000,37.0,36,0,11.0,16279544.0,1467772,0,51,0,15000000,0,18000000,30000000,6000000,2,3
30000000,1650000,31650000,35.0,30,1,13.0,20905000.0,1597414,0,20,0,12000000,0,18000000,40000000,6000000,4,2
25000000,1375000,26375000,44.5,24,1,12.0,20292000.0,1678585,0,28,0,12000000,0,14400000,24000000,6500000,4,1
20000000,1100000,21100000,44.5,24,0,2.0,2709000.0,1342868,1,42,0,15000000,0,18000000,25000000,5000000,2,3
20000000,1100000,21100000,47.0,24,1,12.0,16611000.0,1372100,1,27,0,5180000,0,12000000,12000000,4000000,2,5
40000000,2200000,42200000,44.5,24,0,11.0,29683000.0,2685736,1,33,0,15000000,0,12000000,50000000,5000000,2,2
10000000,550000,10550000,45.0,24,0,11.0,7540408.0,674344,0,58,0,3000000,0,12000000,25000000,5000000,0,3
30000000,1650000,31650000,35.0,24,1,12.0,22376570.0,1852114,1,23,0,15000000,0,24000000,45000000,12000000,4,3
25000000,1375000,26375000,59.99,20,1,12.0,25538988.0,2116249,0,26,0,8000000,0,8400000,20000000,3500000,2,3
30000000,1650000,31650000,35.0,30,0,-1.0,-1.0,1597414,0,37,0,10000000,0,24000000,28000000,8000000,2,3
20000000,1100000,21100000,33.5,24,0,10.0,12301535.0,1218107,0,32,0,6500000,0,6000000,13000000,3000000,2,3
10000000,550000,10550000,59.99,24,1,14.0,11342000.0,764506,0,44,0,10000000,0,24000000,27000000,6000000,1,2
25000000,1375000,26375000,59.99,24,0,11.0,11540060.0,1911265,0,36,0,20000000,0,24000000,20000000,3000000,2,3
35000000,1925000,36925000,33.5,30,1,10.0,47574000.0,1833509,0,48,0,15000000,0,12000000,20000000,4500000,2,3
10000000,550000,10550000,59.99,12,0,3.0,3607000.0,1190252,0,22,0,10000000,0,36000000,12000000,3000000,4,3
40000000,2200000,42200000,44.5,24,1,12.0,32374000.0,2685736,1,32,0,8000000,0,24000000,15000000,3000000,2,3
20000000,1100000,21100000,44.5,24,1,11.0,29244944.0,1342868,1,24,0,10000000,0,24000000,10000000,2000000,4,3
30000000,1650000,31650000,45.0,24,1,12.0,24420363.0,2023033,0,30,0,6000000,0,9600000,15000000,4000000,2,3
40000000,2200000,42200000,35.0,30,1,12.0,25561000.0,2129886,0,33,0,10000000,0,12000000,25000000,3000000,2,3
15000000,825000,15825000,47.0,24,0,11.0,11439750.0,1029075,1,46,0,9000000,0,12000000,21000000,7000000,2,3
15000000,825000,15825000,47.0,12,1,12.0,20066975.0,1678045,1,26,0,6000000,0,12000000,20000000,4000000,4,3
25000000,1375000,26375000,44.5,24,1,12.0,20287000.0,1678585,1,29,0,9000000,0,18000000,13000000,3000000,2,3
40000000,2200000,42200000,44.5,24,0,-1.0,-1.0,2685736,1,35,0,18000000,0,36000000,50000000,5000000,2,3
30000000,1650000,31650000,45.0,24,1,12.0,24421000.0,2023033,1,26,0,10000000,0,24000000,35000000,7000000,2,5
15000000,825000,15825000,59.99,18,0,8.0,10916000.0,1353681,1,34,0,6000000,0,9600000,25000000,7000000,2,5
20000000,1100000,21100000,44.5,24,0,11.0,14905000.0,1342868,1,31,0,10000000,0,12000000,22000000,8000000,2,5
15000000,0,15000000,35.0,12,0,11.0,16613895.0,1499445,0,32,0,5787000,0,12000000,30000000,4000000,2,5
30000000,1650000,31650000,60.0,30,1,12.0,24841000.0,2058878,0,27,0,6000000,0,12000000,18000000,4000000,2,5
30000000,1650000,31650000,47.0,24,0,10.0,20700300.0,2058150,1,31,0,8800000,0,9600000,25000000,8000000,2,5
40000000,2200000,42200000,45.0,24,1,12.0,32520000.0,2697378,0,32,0,12000000,0,12000000,22000000,4000000,2,5
14000000,770000,14770000,60.0,12,1,12.0,20051017.0,1666431,1,41,0,9000000,0,7200000,20000000,4000000,2,5
10000000,550000,10550000,35.0,12,1,12.0,12706000.0,1054610,1,32,0,7000000,0,12000000,25000000,5000000,2,5
30000000,1650000,31650000,47.0,24,0,9.0,19904000.0,2058150,1,28,0,6027000,0,42000000,25000000,6000000,2,3
15000000,825000,15825000,35.0,12,1,13.0,19148080.0,1581914,0,25,0,8000000,0,12000000,14000000,4000000,2,3
25000000,1375000,26375000,59.99,24,1,8.0,37699000.0,1911265,0,23,0,6000000,0,6000000,15000000,2000000,2,7
30000000,1650000,31650000,33.5,24,0,2.0,3679160.0,1827160,1,20,0,15000000,0,12000000,24000000,3500000,4,3
20000000,1100000,21100000,45.0,24,1,12.0,16317378.0,1348689,0,47,0,7000000,0,12000000,20000000,5000000,2,1
10000000,550000,10550000,33.5,12,0,11.0,11646107.0,1046737,1,49,0,5000000,0,12000000,15000000,3000000,2,5
20000000,1100000,21100000,37.0,12,0,11.0,23566163.0,2130309,1,40,0,10000000,0,24000000,20000000,7000000,2,3
12000000,660000,12660000,68.0,15,0,9.0,12760000.0,1275268,1,34,0,6500000,0,6000000,16000000,2500000,2,3
10000000,550000,10550000,47.0,12,1,12.0,13440000.0,1118697,0,25,0,6792000,0,6000000,23000000,4000000,4,3
30000000,1650000,31650000,45.0,24,1,12.0,24420396.0,2023033,1,53,0,15000000,0,18000000,35000000,7000000,2,3
35000000,1925000,36925000,35.0,30,1,5.0,40204000.0,1863650,1,28,0,15000000,0,12000000,25000000,3000000,2,3
20000000,1100000,21100000,35.0,24,1,12.0,14979000.0,1234743,1,49,0,15000000,0,36000000,20000000,5000000,2,5
30000000,1650000,31650000,35.0,30,0,10.0,17826414.0,1597414,0,29,0,10000000,0,18000000,30000000,7000000,2,4
20000000,1100000,21100000,45.0,18,1,12.0,19629207.0,1633069,1,31,0,7000000,0,9600000,11000000,2500000,2,5
25000000,1375000,26375000,44.5,24,0,11.0,18597340.0,1678585,1,36,0,15000000,0,9000000,18000000,2000000,2,3
10000000,550000,10550000,59.99,18,0,10.0,9150000.0,902454,1,52,0,3000000,0,9600000,12000000,4000000,1,5
15000000,825000,15825000,44.5,24,0,2.0,2028000.0,1007151,1,56,0,25000000,0,10800000,38000000,3000000,2,2
10000000,550000,10550000,60.0,12,0,5.0,6012000.0,1190308,1,25,0,8000000,0,18000000,26000000,5000000,4,3
10000000,550000,10550000,37.0,18,1,12.0,9417000.0,772491,0,32,0,7000000,0,12000000,16000000,4000000,2,3
35000000,1925000,36925000,33.5,30,0,4.0,7395000.0,1833509,0,30,0,15000000,0,24000000,35000000,11000000,2,7
40000000,0,40000000,37.0,36,0,11.0,20537000.0,1855004,1,41,0,12000000,0,12000000,20000000,3000000,0,5
40000000,2200000,42200000,33.5,30,1,12.0,25291317.0,2095439,1,39,0,10000000,0,12000000,20000000,4000000,2,5
40000000,2200000,42200000,37.0,36,1,12.0,23628300.0,1957030,0,56,0,10000000,0,18000000,18000000,3000000,2,5
30000000,1650000,31650000,35.0,24,0,11.0,20512342.0,1852114,0,45,0,8000000,0,12000000,20000000,5000000,2,4
12000000,660000,12660000,68.0,12,1,12.0,17468115.0,1482574,0,34,0,4000000,0,12000000,12000000,4000000,2,1
20000000,1100000,21100000,33.5,12,1,13.0,25359896.0,2093474,1,27,0,8000000,0,12000000,20000000,4000000,4,4
40000000,2200000,42200000,45.0,24,0,2.0,31000000.0,2697378,0,48,0,10000000,0,21600000,20000000,6000000,2,1
20000000,1100000,21100000,44.5,12,1,13.0,26980048.0,2210368,1,30,0,10000000,0,12000000,17000000,4000000,2,3
15000000,825000,15825000,44.5,24,1,12.0,12229604.0,1007151,1,34,0,5000000,0,24000000,25000000,10000000,2,7
25000000,1375000,26375000,44.5,18,1,12.0,24556000.0,2034360,0,29,0,15000000,0,12000000,15000000,3500000,1,2
20000000,1100000,21100000,35.0,24,1,12.0,14808000.0,1234743,0,22,0,10000000,0,12000000,35000000,5000000,4,3
20000000,1100000,21100000,59.99,24,1,12.0,32763120.0,1529012,1,35,0,7000000,0,12000000,15000000,4000000,2,5
25000000,1375000,26375000,35.0,24,1,12.0,18654003.0,1543429,1,25,0,7000000,0,24000000,40000000,6000000,2,4
20000000,1100000,21100000,47.0,24,0,10.0,13829200.0,1372100,0,20,0,6453000,0,12000000,25000000,10000000,2,5
25000000,1375000,26375000,59.99,24,0,6.0,11466000.0,1911265,1,38,0,9400000,0,18000000,19500000,2500000,2,3
20000000,1100000,21100000,35.0,30,0,4.0,4308000.0,1064943,1,22,0,8000000,0,9600000,20000000,5000000,3,3
10000000,550000,10550000,60.0,20,0,9.0,8585590.0,846559,1,27,0,10000000,0,12000000,20000000,5000000,2,3
20000000,1100000,21100000,44.5,24,0,8.0,10827000.0,1342868,1,28,0,8000000,0,12000000,13000000,4000000,2,3
15000000,825000,15825000,59.99,12,1,12.0,21089000.0,1785378,0,56,0,6000000,0,18000000,40000000,5000000,2,3
25000000,0,25000000,37.0,24,1,3.0,29430000.0,1489468,1,47,0,10000000,0,18000000,30000000,5400000,2,3
10000000,550000,10550000,59.99,24,1,12.0,9322518.0,764506,1,47,0,6000000,0,6000000,12000000,2000000,2,1
40000000,2200000,42200000,35.0,12,0,3.0,12695876.0,4218438,0,28,0,15000000,0,12000000,28000000,3000000,2,4
20000000,1100000,21100000,45.0,24,1,12.0,16188000.0,1348689,1,21,0,5000000,0,12000000,30000000,6000000,4,3
35000000,1925000,36925000,35.0,24,1,12.0,26076000.0,2160800,1,47,0,12000000,0,30000000,20000000,9000000,2,3
5310000,350460,5660460,0.01,6,1,6.0,5736000.0,944000,1,42,0,11000000,0,900000,20000000,4500000,2,3
8100000,534600,8634600,0.01,6,1,6.0,8712000.0,1440000,1,25,0,7000000,0,1000000,2000000,2000000,2,5
6890000,454740,7344740,0.01,6,1,6.0,7422000.0,1225000,0,40,0,7800000,0,1000000,7800000,1000000,2,5
14392000,949872,15341872,0.01,6,1,6.0,15420000.0,2558000,1,30,0,30000000,0,2000000,30000000,6000000,0,3
20000000,1320000,21320000,21.46,12,1,12.0,24022616.0,1990000,1,27,0,8000000,0,2000000,15000000,5000000,2,3
2394000,158004,2552004,0.01,4,1,4.0,2601000.0,639000,1,26,0,6500000,0,900000,20000000,5400000,4,5
5840000,292000,6132000,35.0,12,1,12.0,7500000.0,613000,1,28,0,7000000,0,1000000,7000000,3500000,1,5
2653000,175098,2828098,0.01,6,1,6.0,2904000.0,472000,0,20,0,4000000,0,1500000,16000000,7000000,4,2
5593000,0,5593000,0.01,6,1,6.0,5670000.0,933000,0,39,2,6000000,0,1200000,12000000,5000000,2,1
5800000,290000,6090000,68.0,9,1,9.0,8067000.0,883000,1,23,0,7000000,0,1000000,40000000,6000000,4,3
6291000,0,6291000,19.6,10,1,10.0,6990000.0,687000,0,24,0,8000000,0,1000000,15000000,4000000,2,3
2790000,139500,2929500,45.0,9,1,9.0,3647000.0,390000,0,41,0,6000000,0,800000,18000000,2500000,2,3
2690000,134500,2824500,45.0,6,1,5.0,3287000.0,535000,1,31,0,6000000,0,1000000,13000000,3000000,2,5
3843000,253638,4096638,0.01,6,1,6.0,4170000.0,683000,1,27,0,30000000,0,1000000,30000000,5000000,2,5
4392000,219600,4611600,65.0,9,1,9.0,6057000.0,661000,0,27,1,6500000,0,1000000,13000000,3000000,0,3
2690000,134500,2824500,45.0,9,1,9.0,3492000.0,376000,1,52,2,8000000,0,3000000,25000000,8000000,2,3
2990000,149500,3139500,65.0,6,1,6.0,3835000.0,627000,1,57,1,5000000,0,900000,18000000,2700000,0,3
4893000,322938,5215938,0.01,6,1,3.0,5426000.0,870000,0,33,2,7000000,0,1200000,15000000,4500000,2,3
9990000,659340,10649340,0.01,6,1,6.0,10722000.0,1775000,1,34,2,8000000,0,1000000,15000000,4000000,2,2
3000000,150000,3150000,35.0,9,1,9.0,3735000.0,403000,0,25,0,6000000,0,800000,18000000,4000000,2,2
10000000,500000,10500000,68.0,6,1,6.0,12947000.0,2113000,0,38,0,9000000,0,700000,25000000,1500000,2,5
3090000,0,3090000,65.0,6,1,6.0,3762000.0,617000,1,24,0,6000000,0,1000000,15000000,5000000,2,3
4893000,322938,5215938,0.01,6,1,6.0,5292000.0,870000,1,29,0,6000000,0,1000000,20000000,4000000,4,3
8190000,540540,8730540,0.01,6,1,6.0,8803000.0,1456000,0,35,2,10000000,0,300000,16500000,4000000,2,1
4600000,303600,4903600,48.2,6,1,5.0,5688000.0,936000,0,29,0,6000000,0,1000000,15000000,3500000,2,5
3990000,199500,4189500,35.0,9,1,9.0,4932000.0,536000,0,46,3,15000000,0,500000,30000000,4000000,2,3
5832000,384912,6216912,0.01,6,1,6.0,6290000.0,1037000,1,27,0,10000000,0,1000000,25000000,8000000,4,3
4123000,272118,4395118,0.01,6,1,6.0,4467246.0,733000,1,21,0,5000000,0,450000,23000000,3100000,4,3
4390000,219500,4609500,35.0,9,1,9.0,5416000.0,590000,1,22,0,6000000,0,1000000,15000000,5000000,4,3
6952000,347600,7299600,65.0,6,1,6.0,8820000.0,1458000,1,38,0,9000000,0,3000000,9000000,3000000,4,5
7512000,495792,8007792,0.01,6,1,6.0,8082000.0,1335000,1,31,1,9000000,0,1000000,18000000,5000000,2,3
6990000,349500,7339500,65.0,6,0,6.0,7390000.0,1466000,0,24,0,8000000,0,800000,20000000,4000000,4,3
9140000,457000,9597000,35.0,12,1,12.0,11655000.0,960000,1,29,2,10000000,0,1500000,25000000,8000000,2,3
4893000,322938,5215938,0.01,6,1,6.0,5292000.0,870000,0,45,0,5000000,0,1000000,20000000,4000000,0,2
7490000,494340,7984340,10.21,6,1,6.0,8298000.0,1371000,1,37,2,10000000,0,800000,25000000,3000000,2,5
3143000,207438,3350438,0.01,4,1,4.0,3398508.0,838000,1,39,3,10000000,0,1000000,12000000,3000000,2,3
9351000,617166,9968166,0.01,6,1,6.0,10044000.0,1662000,1,28,0,4000000,0,1200000,18000000,3500000,2,2
2994000,197604,3191604,0.01,4,1,4.0,3240000.0,798000,1,29,1,6500000,0,1000000,11000000,3000000,2,3
4390000,219500,4609500,65.0,6,1,6.0,5598000.0,921000,1,21,0,7000000,0,1000000,15000000,4000000,4,2
4543000,299838,4842838,0.01,6,1,6.0,4914000.0,808000,1,43,1,12000000,0,3000000,18000000,5000000,2,3
5593000,369138,5962138,0.01,6,1,6.0,6036000.0,994000,1,44,3,7000000,0,1000000,30000000,3000000,2,5
7200000,360000,7560000,60.0,6,1,6.0,9012000.0,1490000,1,22,0,7000000,0,1500000,18000000,5000000,4,2
6291000,415206,6706206,19.6,10,0,8.0,5960000.0,733000,0,43,2,8000000,0,1800000,14000000,3500000,1,5
16900000,929500,17829500,45.0,15,0,9.0,14292000.0,1576000,0,22,0,5500000,0,1000000,18000000,4000000,4,5
4893000,322938,5215938,0.01,6,1,6.0,5292000.0,870000,1,47,0,7000000,0,1500000,20000000,4000000,2,3
25000000,1375000,26375000,47.0,30,0,7.0,10647000.0,1509874,0,56,0,5000000,0,12000000,14000000,1000000,3,3
25000000,0,25000000,47.0,24,0,10.0,16380000.0,1625711,0,43,0,5226000,0,9600000,25000000,7000000,2,5
15000000,825000,15825000,59.99,24,0,4.0,4662000.0,1146759,1,59,0,4000000,0,12000000,30000000,5000000,2,1
25000000,1375000,26375000,59.99,18,0,11.0,24950405.0,2256135,0,43,0,15000000,0,8400000,15000000,3000000,2,1
8000000,400000,8400000,35.0,9,1,9.0,9776000.0,1075000,0,25,0,8000000,0,1000000,26000000,4000000,4,5
4790000,239500,5029500,65.0,6,1,6.0,6102000.0,1005000,1,21,0,6000000,0,1000000,24000000,5000000,2,4
6990000,349500,7339500,65.0,6,1,6.0,8870000.0,1466000,1,22,0,12000000,0,1000000,18000000,2000000,2,3
4543000,299838,4842838,0.01,6,1,6.0,4920000.0,808000,0,27,0,8000000,0,1000000,30000000,4000000,4,7
2290000,114500,2404500,65.0,6,1,6.0,2958000.0,481000,1,40,2,6000000,0,800000,24000000,4500000,2,3
14000000,770000,14770000,45.0,10,1,10.0,18104000.0,1799000,1,29,0,7000000,0,800000,17000000,3000000,2,1
6000000,300000,6300000,45.0,6,1,6.0,7230000.0,1193000,1,42,0,7000000,0,1000000,28000000,4000000,3,3
4221000,278586,4499586,17.7,10,1,10.0,5010000.0,488000,1,25,0,5500000,0,2500000,5500000,2500000,4,3
4893000,322938,5215938,0.01,6,1,5.0,5280000.0,870000,0,22,0,6000000,4000000,1000000,30000000,6000000,2,2
6990000,0,6990000,85.0,6,1,6.0,8898000.0,1471000,0,42,2,7000000,0,500000,20000000,1000000,1,3
10000000,660000,10660000,0.01,6,1,6.0,10734000.0,1777000,1,27,0,15000000,0,1000000,35000000,6000000,2,3
37000000,0,37000000,45.0,18,1,12.0,34512000.0,2864000,1,56,4,8000000,0,1000000,18000000,6000000,2,3
16000000,0,16000000,0.0,12,1,12.0,19375658.0,1604000,1,24,0,10000000,0,900000,18000000,4000000,4,2
4000000,200000,4200000,35.0,12,1,12.0,5184000.0,420000,1,21,0,3000000,0,1000000,15000000,4000000,4,2
8610000,568260,9178260,31.32,9,1,7.0,10525000.0,1158000,0,22,0,7000000,0,1000000,17000000,6000000,3,2
6291000,0,6291000,19.6,10,1,10.0,6990000.0,687000,0,43,0,6000000,0,900000,6000000,900000,0,1
5190000,342540,5532540,0.01,6,1,6.0,5610000.0,923000,0,28,0,6000000,0,800000,20000000,4000000,3,3
2630000,131500,2761500,45.0,6,1,6.0,3210000.0,523000,1,26,0,7000000,0,1000000,32000000,3000000,2,2
4080000,204000,4284000,65.0,6,1,6.0,5203818.0,855303,0,25,0,5000000,0,12000000,5000000,1000000,4,3
3913000,258258,4171258,0.01,6,1,6.0,4248000.0,696000,1,36,0,7000000,0,2000000,7000000,2000000,1,3
2632000,131600,2763600,45.0,6,1,6.0,3210000.0,523000,0,38,2,5000000,0,1000000,10000000,4000000,2,5
5990000,299500,6289500,85.0,6,1,6.0,8010000.0,1323000,1,22,0,8000000,0,1200000,21000000,3100000,4,5
5715000,377190,6092190,0.01,6,1,6.0,6168000.0,1016000,0,31,0,10000000,0,1000000,20000000,4000000,4,1
3983000,262878,4245878,0.01,6,1,6.0,4320000.0,708000,1,42,0,7000000,0,1500000,31000000,5000000,2,2
16900000,929500,17829500,45.0,18,1,13.0,18096000.0,1380000,1,44,0,7000000,0,1000000,19000000,3000000,4,3
4000000,264000,4264000,0.01,6,1,2.0,4466000.0,711000,1,45,2,6000000,0,800000,14000000,4000000,1,3
9990000,659340,10649340,0.01,6,1,6.0,10722000.0,1775000,0,27,0,6000000,0,600000,12000000,1800000,2,3
5000000,250000,5250000,65.0,6,1,6.0,6408000.0,1049000,0,37,0,6500000,0,800000,14000000,4000000,2,3
2190000,109500,2299500,65.0,6,1,6.0,2873000.0,460000,0,41,0,10000000,0,2000000,20000000,7000000,2,1
17900000,895000,18795000,68.0,24,1,12.0,17568000.0,1452000,1,32,0,6000000,0,800000,21000000,5000000,2,1
8000000,400000,8400000,65.0,6,1,6.0,10114000.0,1678000,0,21,0,7000000,0,1200000,30000000,5000000,4,2
12000000,600000,12600000,60.0,8,0,4.0,7848000.0,1950000,0,20,0,9000000,0,1000000,25000000,8000000,4,3
5740000,378840,6118840,0.01,6,1,6.0,6192000.0,1020000,1,54,0,20000000,0,800000,30000000,3000000,2,3
2694000,134700,2828700,45.0,6,1,2.0,3210000.0,536000,1,35,0,4500000,0,600000,18000000,3000000,2,2
4893000,322938,5215938,0.01,6,1,4.0,5292000.0,870000,0,36,0,6000000,0,500000,12000000,2500000,2,2
4312000,284592,4596592,0.01,6,1,6.0,4674000.0,767000,0,28,0,5000000,0,1000000,5000000,1000000,0,2
6048000,302400,6350400,65.0,6,1,6.0,7680000.0,1268000,0,44,2,10000000,0,1000000,21000000,3000000,1,3
9960000,657360,10617360,10.21,6,0,5.0,9505000.0,1823000,0,59,2,7000000,0,2000000,15000000,6000000,0,1
5590000,279500,5869500,45.0,6,1,6.0,6738000.0,1111000,0,43,0,6000000,0,2000000,6000000,2000000,2,3
7400000,0,7400000,61.8,6,1,6.0,8862000.0,1465000,1,39,2,9000000,0,1000000,18000000,4000000,2,3
4600000,0,4600000,48.2,6,1,6.0,5409000.0,878000,1,39,2,5000000,0,800000,13000000,3200000,2,5
13000000,650000,13650000,35.0,12,1,12.0,16524000.0,1365000,1,34,1,8000000,0,3000000,11000000,4000000,2,5
5590000,279500,5869500,65.0,12,1,12.0,8267000.0,678000,0,52,1,10000000,0,1000000,25000000,5000000,2,3
10009000,660594,10669594,0.01,6,1,6.0,10740000.0,1779000,1,21,0,5000000,0,1200000,30000000,5500000,4,3
4490000,224500,4714500,45.0,6,1,4.0,5429000.0,893000,1,34,0,6000000,0,1200000,12000000,4000000,2,3
4893000,322938,5215938,0.01,6,1,6.0,5289000.0,870000,1,41,0,10000000,0,1500000,20000000,4000000,2,3
5593000,0,5593000,0.01,6,1,6.0,5665172.0,933000,1,31,0,10000000,0,1000000,16000000,3500000,2,5
1600000,105600,1705600,65.0,6,0,1.0,1896000.0,341000,1,22,0,6000000,0,800000,11000000,2500000,0,2
6290000,415140,6705140,0.01,6,1,6.0,6768000.0,1118000,1,31,0,8000000,0,1000000,8000000,1000000,2,5
2800000,0,2800000,65.0,6,1,6.0,3439000.0,560000,0,33,1,7000000,0,1000000,14000000,3000000,2,5
2152000,107600,2259600,65.0,6,1,6.0,2778000.0,452000,0,32,0,9000000,0,1000000,19000000,3000000,2,5
2000000,100000,2100000,45.0,6,1,6.0,2475000.0,398000,1,29,0,5000000,0,1000000,24000000,10000000,2,3
2394000,158004,2552004,0.01,4,0,3.0,1953000.0,639000,0,37,2,6500000,0,750000,20000000,3000000,2,5
26000000,1300000,27300000,45.0,12,0,2.0,5758000.0,2867000,1,25,0,5800000,0,700000,18000000,2500000,4,3
3045000,200970,3245970,0.01,4,1,4.0,3284000.0,812000,0,48,3,8000000,0,3000000,13000000,4000000,0,5
5000000,250000,5250000,65.0,9,0,5.0,5355000.0,753000,0,34,1,7700000,0,500000,15000000,2500000,1,5
3843000,253638,4096638,0.01,4,1,4.0,4136000.0,1025000,1,45,0,10000000,0,1200000,30000000,5000000,2,3
9900000,653400,10553400,0.01,6,1,6.0,10626000.0,1759000,0,39,0,12000000,0,1000000,20000000,3000000,2,3
5490000,274500,5764500,45.0,9,0,5.0,6737000.0,767000,1,38,0,8000000,0,2000000,13000000,7000000,2,3
2982000,196812,3178812,0.01,6,1,6.0,3180000.0,530000,0,36,0,12000000,0,3000000,20000000,6000000,2,3
10000000,500000,10500000,45.0,12,1,12.0,13363000.0,1103000,0,20,0,5500000,0,1000000,25000000,5000000,4,2
9000000,594000,9594000,0.01,6,1,7.0,11270000.0,1600000,1,31,0,7000000,0,1000000,20000000,10000000,2,3
2000000,132000,2132000,0.01,3,1,3.0,2169000.0,711000,0,35,0,8000000,0,1000000,24000000,5000000,3,3
10000000,0,10000000,0.01,6,1,6.0,10062000.0,1667000,1,30,0,6000000,0,1000000,15000000,3500000,0,2
2000000,100000,2100000,45.0,6,1,6.0,2487000.0,398000,1,39,0,5000000,0,1000000,18000000,4500000,2,3
7800000,390000,8190000,65.0,6,1,4.0,9954000.0,1636000,1,24,0,7000000,0,750000,15000000,2500000,2,3
4390000,219500,4609500,65.0,6,1,6.0,5614000.0,921000,1,31,0,9000000,0,1000000,12000000,3500000,2,1
2793000,184338,2977338,0.01,6,1,5.0,3042000.0,497000,1,28,0,6000000,0,800000,28000000,4500000,4,3
2997000,149850,3146850,65.0,6,1,6.0,3841000.0,629000,1,36,0,8000000,0,3000000,18000000,6000000,2,5
17100000,855000,17955000,45.0,12,0,9.0,20878000.0,1886000,1,43,0,15000000,0,3000000,40000000,12000000,4,2
5490000,274500,5764500,35.0,9,1,8.0,6766000.0,738000,1,42,0,10000000,0,1000000,20000000,4000000,0,2
2814000,140700,2954700,45.0,6,0,2.0,3244000.0,560000,1,48,0,7000000,0,1500000,19000000,6500000,2,2
4490000,224500,4714500,35.0,12,0,3.0,5528000.0,472000,0,46,1,7000000,0,900000,15000000,2000000,2,2
4600000,0,4600000,48.2,6,1,6.0,5340000.0,878000,1,20,0,7000000,0,900000,42000000,4500000,4,3
6291000,415206,6706206,19.6,10,1,10.0,7431000.0,733000,0,26,0,10000000,0,1100000,20000000,2500000,2,5
11290000,564500,11854500,35.0,12,1,12.0,14376000.0,1186000,0,52,0,16000000,0,1600000,40000000,4000000,0,3
2990000,149500,3139500,45.0,6,1,6.0,3642000.0,595000,0,35,0,4000000,0,500000,9000000,2000000,2,3
5490000,274500,5764500,45.0,6,1,6.0,6618000.0,1091000,0,34,0,8924000,0,800000,15000000,5000000,1,5
3590000,179500,3769500,85.0,6,1,6.0,4830000.0,793000,1,37,0,6000000,0,800000,13000000,2400000,2,3
5590000,279500,5869500,35.0,9,1,5.0,6867000.0,751000,0,26,1,6200000,0,1000000,15000000,3500000,0,3
33950000,1697500,35647500,45.0,20,1,9.0,47195000.0,2566000,1,31,0,6000000,0,1000000,11000000,3000000,2,5
2303000,151998,2454998,0.01,6,1,5.0,2528000.0,410000,1,39,2,6000000,0,700000,12000000,3500000,2,2
4893000,322938,5215938,0.01,6,1,6.0,5292000.0,870000,1,35,2,12000000,0,1200000,20000000,7500000,2,3
4893000,322938,5215938,0.01,6,1,6.0,5292000.0,870000,1,43,0,10000000,0,1000000,28000000,4500000,2,2
6985000,461010,7446010,0.01,6,1,5.0,7524000.0,1242000,0,38,0,15000000,0,2000000,25000000,5000000,4,3
18000000,900000,18900000,45.0,18,0,10.0,14750000.0,1463000,1,25,1,8000000,0,2000000,20000000,6500000,1,5
9190000,459500,9649500,35.0,12,1,12.0,11724000.0,965000,0,39,4,10000000,0,1000000,20000000,5000000,2,1
2994000,197604,3191604,0.01,4,1,4.0,3240000.0,798000,0,57,0,4000000,0,1200000,25000000,8000000,2,3
5290000,264500,5554500,65.0,12,1,12.0,7848000.0,642000,0,29,0,4000000,0,800000,10000000,1500000,2,3
4480000,224000,4704000,85.0,12,1,12.0,7282000.0,595000,0,23,1,5500000,0,1500000,10000000,4000000,2,3
4193000,276738,4469738,0.01,4,1,7.0,4508000.0,1118000,0,32,0,5000000,0,800000,12000000,4000000,2,0
2690000,134500,2824500,65.0,6,1,6.0,3456000.0,564000,1,46,0,4000000,0,600000,14000000,4000000,2,5
2814000,185724,2999724,0.01,4,1,4.0,3048000.0,750000,1,24,0,6000000,0,1000000,20000000,4000000,4,5
2690000,134500,2824500,45.0,6,1,6.0,3285000.0,535000,0,34,0,5000000,0,600000,20000000,2400000,2,5
2159000,107950,2266950,45.0,9,1,9.0,2826000.0,302000,1,37,0,6000000,0,1000000,15000000,5000000,2,5
23000000,1518000,24518000,21.46,12,1,12.0,27604000.0,2289000,0,43,0,15000000,0,5000000,30000000,2000000,1,3
4312000,215600,4527600,35.0,9,1,9.0,5321000.0,580000,1,29,1,7000000,0,1000000,15000000,3000000,2,5
16000000,0,16000000,45.0,12,1,12.0,20323000.0,1681000,1,48,0,8000000,0,700000,16000000,2600000,3,3
13000000,650000,13650000,68.0,6,1,3.0,16554000.0,2747000,1,31,2,7000000,0,850000,15000000,3250000,2,3
4940000,247000,5187000,35.0,9,1,6.0,6068000.0,664000,0,40,0,6000000,0,700000,15000000,2500000,2,5
6174000,0,6174000,45.0,6,1,6.0,7086000.0,1169000,0,44,0,7000000,0,1000000,12700000,3000000,1,2
4893000,322938,5215938,0.01,6,1,6.0,5288000.0,870000,0,27,0,9000000,0,4000000,14000000,5000000,2,3
5890000,388740,6278740,0.01,6,1,6.0,6354000.0,1047000,1,32,0,7000000,0,1000000,14000000,4500000,2,3
2392000,119600,2511600,65.0,6,1,6.0,3084000.0,502000,1,32,2,5000000,0,500000,10000000,3000000,2,3
4893000,322938,5215938,0.01,6,1,6.0,5292000.0,870000,0,21,0,6000000,0,1000000,14000000,3000000,2,5
5190000,259500,5449500,45.0,12,1,12.0,7020000.0,573000,0,47,0,5000000,0,1000000,15000000,3000000,0,5
4590000,229500,4819500,35.0,9,1,9.0,5687000.0,617000,1,26,0,5000000,0,2000000,20000000,10000000,4,3
2000000,100000,2100000,45.0,6,1,6.0,2455687.0,398000,1,50,3,5500000,0,800000,20000000,4500000,0,3
2793000,184338,2977338,0.01,4,1,4.0,3016000.0,745000,0,38,3,5000000,0,500000,12000000,4000000,2,1
8700000,574200,9274200,0.01,6,1,6.0,9348000.0,1546000,0,26,1,6000000,0,1000000,12000000,3000000,2,3
6414000,423324,6837324,0.01,6,1,6.0,6912000.0,1140000,1,29,0,6000000,0,1000000,12000000,3000000,2,2
2000000,100000,2100000,65.0,6,1,6.0,2580000.0,420000,1,28,0,6000000,0,800000,22000000,3000000,4,3
3000000,150000,3150000,65.0,6,1,6.0,3845000.0,629000,1,24,0,6000000,0,800000,12000000,3000000,2,3
6290000,314500,6604500,65.0,6,1,6.0,7984000.0,1319000,0,26,0,6000000,0,1000000,20000000,4000000,4,0
5990000,299500,6289500,45.0,6,1,6.0,7219000.0,1191000,1,30,0,7000000,0,1200000,14000000,4500000,2,2
2303000,151998,2454998,0.01,4,1,4.0,2504000.0,614000,0,36,0,6000000,0,800000,32000000,3500000,3,2
8000000,400000,8400000,65.0,6,1,6.0,10140000.0,1678000,1,30,2,6000000,0,900000,19000000,3500000,2,3
2150000,107500,2257500,45.0,6,1,6.0,2640000.0,428000,1,21,0,6000000,0,600000,28000000,5500000,4,3
1896000,125136,2021136,65.0,6,1,6.0,2496000.0,404000,1,34,0,6000000,0,1000000,20000000,4000000,2,5
10000000,660000,10660000,0.01,6,1,6.0,10735000.0,1777000,0,28,2,6000000,0,800000,15000000,6000000,2,3
14000000,770000,14770000,45.0,12,1,12.0,18781337.0,1552000,0,27,0,4000000,0,1000000,16000000,5000000,2,2
22000000,1100000,23100000,45.0,18,1,8.0,29875806.0,1788000,0,44,0,9500000,0,1500000,25000000,7500000,2,3
3913000,258258,4171258,0.01,6,1,6.0,4234000.0,696000,1,36,0,7000000,0,700000,9000000,3000000,0,2
6490000,324500,6814500,45.0,6,1,6.0,7812000.0,1290000,1,20,1,9000000,0,1800000,14000000,4500000,2,3
7191000,0,7191000,0.01,6,1,6.0,7266000.0,1199000,1,31,0,6500000,0,1000000,25000000,6000000,4,3
12990000,649500,13639500,61.8,6,1,7.0,16273000.0,2701000,1,25,0,8500000,0,1000000,20000000,3000000,4,5
20500000,1025000,21525000,35.0,12,1,12.0,26022000.0,2152000,1,24,0,10000000,0,1000000,18000000,3500000,2,3
2400000,120000,2520000,65.0,6,1,6.0,3090000.0,504000,0,41,0,6000000,0,1000000,25000000,5000000,2,5
4680000,234000,4914000,45.0,9,0,3.0,1998000.0,654000,0,24,0,4000000,0,700000,15000000,2000000,2,5
2400000,120000,2520000,45.0,6,1,6.0,2934000.0,477000,1,48,0,8000000,0,900000,17000000,4500000,2,2
6290000,314500,6604500,35.0,12,0,9.0,6057000.0,661000,0,35,2,6000000,0,1000000,18000000,3000000,2,5
5040000,252000,5292000,45.0,12,1,12.0,6816000.0,556000,1,37,0,8000000,0,2000000,8000000,2000000,4,3
4893000,322938,5215938,0.01,6,1,6.0,5292000.0,870000,1,46,0,8000000,0,800000,18000000,1800000,2,5
6950000,347500,7297500,35.0,12,0,3.0,2226000.0,730000,1,42,0,9000000,0,1000000,9000000,1000000,2,3
20000000,1000000,21000000,68.0,12,0,4.0,9888000.0,2460000,1,33,2,8000000,0,500000,16000000,1500000,2,3
4753000,313698,5066698,0.01,6,1,5.0,5139000.0,845000,1,28,0,7000000,0,1000000,20000000,3000000,4,3
8500000,0,8500000,45.0,12,1,12.0,10854143.0,893000,0,45,0,9000000,0,1000000,15000000,3000000,2,5
2690000,134500,2824500,45.0,9,1,9.0,3492000.0,376000,0,28,0,5000000,0,900000,16000000,4000000,2,3
3143000,207438,3350438,0.01,4,1,4.0,3400000.0,838000,0,37,0,6000000,0,800000,12000000,32000000,2,2
4893000,322938,5215938,0.01,6,1,6.0,5289000.0,870000,0,37,0,6000000,0,1000000,12000000,4000000,2,5
22500000,1125000,23625000,45.0,12,0,1.0,25790000.0,2481000,1,36,0,7000000,0,700000,25000000,3500000,3,5
5190000,342540,5532540,10.21,6,0,5.0,4810000.0,950000,1,30,0,10000000,0,600000,20000000,3200000,4,3
5751000,287550,6038550,35.0,9,1,9.0,7065000.0,773000,1,30,2,6000000,0,1500000,12000000,3500000,2,5
4390000,219500,4609500,65.0,6,0,-1.0,-1.0,921000,1,36,1,5000000,0,1200000,16000000,8000000,2,5
16000000,0,16000000,35.0,12,1,12.0,19336000.0,1600000,0,30,0,10000000,0,800000,25000000,4000000,2,3
2000000,100000,2100000,45.0,6,1,6.0,2460000.0,398000,0,48,0,6000000,0,700000,18000000,4000000,2,5
3990000,199500,4189500,45.0,6,1,6.0,4829000.0,793000,0,26,1,7000000,0,600000,16000000,2700000,0,5
6622000,0,6622000,45.0,6,1,6.0,7590000.0,1253000,1,42,0,7500000,0,1000000,15000000,4000000,2,5
2000000,100000,2100000,45.0,6,1,6.0,2460000.0,398000,1,37,4,6000000,0,1000000,15000000,2000000,2,1
3843000,253638,4096638,0.01,6,1,6.0,4170000.0,683000,0,23,0,5000000,0,1100000,24000000,5000000,3,2
8380000,553080,8933080,0.01,6,1,5.0,9006000.0,1489000,0,36,2,8000000,0,1000000,25000000,4000000,0,5
2694000,177804,2871804,0.01,4,1,4.0,2920000.0,718000,0,29,1,6000000,0,2000000,16000000,4000000,2,0
5432000,358512,5790512,0.01,6,1,6.0,5878000.0,966000,0,39,2,8000000,0,1000000,20000000,4000000,2,5
2190000,109500,2299500,45.0,6,1,5.0,2688000.0,436000,1,27,1,12000000,0,1000000,20000000,3000000,2,3
9594000,633204,10227204,0.01,6,0,3.0,5155000.0,1705000,1,42,0,8000000,0,900000,45000000,3000000,1,3
12000000,660000,12660000,45.0,6,1,6.0,14592000.0,2396000,1,22,1,7000000,5000000,1000000,28000000,3500000,2,7
32000000,1600000,33600000,45.0,18,0,5.0,13065000.0,2601000,1,29,2,15000000,0,700000,21000000,4000000,2,1
5990000,0,5990000,35.0,9,1,9.0,7011000.0,767000,1,22,0,8000000,0,1600000,15000000,4000000,4,3
5840000,385440,6225440,0.01,6,1,6.0,6300000.0,1038000,0,32,0,5000000,0,1000000,30000000,5000000,1,3
8694000,434700,9128700,45.0,6,1,6.0,10440000.0,1728000,1,33,3,7000000,0,1400000,15000000,6000000,2,3
47870000,0,47870000,35.0,12,1,12.0,57576000.0,4786000,0,30,1,30000000,0,2000000,70000000,7000000,2,3
25000000,0,25000000,0.0,12,1,12.0,30216000.0,2506000,1,32,0,9000000,0,500000,20000000,3000000,2,5
2982000,196812,3178812,0.01,6,1,6.0,3252000.0,530000,1,55,0,5000000,0,500000,15000000,2300000,2,2
7690000,507540,8197540,0.01,6,1,6.0,8295000.0,1367000,1,47,0,8000000,0,1200000,14000000,4000000,2,3
8000000,528000,8528000,0.01,6,1,4.0,8601000.0,1422000,1,22,0,7000000,0,800000,12000000,2000000,2,3
8099100,534541,8633641,0.01,6,1,6.0,8706000.0,1439000,0,29,1,6000000,0,800000,20000000,4000000,0,2
1200000,79200,1279200,65.0,3,1,3.0,1461085.0,474000,1,34,0,4500000,0,900000,12000000,3500000,1,3
9290000,613140,9903140,0.01,6,1,7.0,9976000.0,1651000,1,41,3,15000000,0,2000000,28000000,7000000,2,3
6390000,0,6390000,10.21,6,1,6.0,6654000.0,1097000,1,31,0,7000000,0,1200000,13000000,6000000,2,2
4690000,234500,4924500,65.0,6,0,2.0,1980000.0,984000,0,45,3,8000000,0,900000,28000000,4600000,2,1
13700000,685000,14385000,68.0,6,0,1.0,15932000.0,2895000,1,34,2,10000000,0,1500000,15000000,3500000,2,3
7273000,480018,7753018,0.01,6,1,5.0,7818000.0,1293000,1,39,0,10000000,0,3000000,17000000,6000000,2,2
2990000,149500,3139500,65.0,6,1,6.0,3834000.0,627000,1,28,1,5000000,0,300000,10000000,2500000,2,3
2590000,129500,2719500,45.0,6,1,6.0,3162000.0,515000,0,32,0,7000000,0,700000,14000000,2000000,2,2
2960000,148000,3108000,45.0,6,1,6.0,3638000.0,589000,1,22,0,8000000,0,900000,25000000,3500000,4,2
8390000,553740,8943740,0.01,6,1,6.0,9018000.0,1491000,0,47,0,9000000,0,1000000,24000000,3000000,2,2
4600000,0,4600000,48.2,6,1,6.0,5328000.0,878000,0,20,0,5000000,0,600000,15000000,3200000,4,3
3843000,253638,4096638,0.01,6,1,6.0,4158000.0,683000,1,26,0,6000000,0,1000000,30000000,5000000,4,3
2793000,184338,2977338,0.01,4,1,2.0,3028000.0,745000,1,52,0,5000000,0,1500000,30000000,3700000,2,3
2650000,132500,2782500,65.0,6,0,2.0,3205000.0,556000,1,22,0,8000000,0,500000,16000000,3000000,2,5
3490000,174500,3664500,35.0,9,1,8.0,4332000.0,469000,1,34,0,10000000,0,1100000,35000000,4700000,2,2
14343000,717150,15060150,35.0,12,1,13.0,18258000.0,1506000,1,26,1,8000000,0,1500000,15000000,3000000,2,2
4392000,0,4392000,0.01,4,1,4.0,4444000.0,1099000,1,35,0,7000000,0,1500000,14000000,5000000,2,3
28000000,0,28000000,45.0,18,0,11.0,23980000.0,2168000,1,32,0,6000000,0,600000,11000000,5000000,2,3
2000000,100000,2100000,45.0,6,1,5.0,2460000.0,398000,1,30,1,5500000,0,1000000,11000000,3500000,0,3
1430000,94380,1524380,65.0,6,1,6.0,1902000.0,305000,0,54,4,5000000,0,800000,20000000,4000000,2,1
8100000,534600,8634600,0.01,6,1,6.0,8712000.0,1440000,0,20,0,4000000,0,1500000,25000000,12000000,4,0
6290000,314500,6604500,45.0,6,1,6.0,7572000.0,1250000,1,39,0,6000000,0,700000,24000000,2800000,2,5
4543000,299838,4842838,0.01,6,1,6.0,4920000.0,808000,0,38,0,8000000,0,500000,15000000,2000000,2,2
17000000,0,17000000,35.0,12,0,1.0,18000000.0,1700000,0,22,0,8000000,0,1000000,25000000,7000000,4,3
2400000,120000,2520000,65.0,6,0,1.0,2795000.0,504000,1,58,0,4000000,0,1000000,13000000,3000000,2,3
2690000,134500,2824500,45.0,12,1,10.0,3708000.0,297000,0,40,0,4000000,0,1000000,30000000,6000000,2,3
3590000,179500,3769500,45.0,6,1,6.0,4351000.0,714000,0,27,0,6000000,0,1000000,25000000,5000000,2,3
8901000,587466,9488466,0.01,6,1,6.0,9564000.0,1582000,1,20,0,3000000,0,1000000,30000000,6000000,4,0
10000000,550000,10550000,45.0,9,1,9.0,12735000.0,1403000,1,37,0,7000000,0,1000000,12000000,4000000,4,2
4040000,202000,4242000,35.0,9,1,9.0,4995000.0,543000,0,21,0,4500000,0,1000000,19000000,4000000,4,3
7990000,399500,8389500,35.0,9,1,8.0,9787000.0,1074000,0,23,0,4000000,0,1000000,20000000,4000000,4,2
4390000,289740,4679740,0.01,4,1,4.0,4728000.0,1170000,0,32,1,6000000,0,1000000,14000000,4000000,2,3
8800000,440000,9240000,68.0,6,1,6.0,11232000.0,1860000,1,21,0,5000000,0,800000,12000000,3000000,4,0
2500000,125000,2625000,65.0,6,1,4.0,3215000.0,525000,0,37,0,7000000,0,1000000,18000000,5000000,1,2
4893000,322938,5215938,0.01,6,1,6.0,5301000.0,870000,1,28,0,8000000,0,1000000,15000000,4000000,2,2
11990000,599500,12589500,35.0,9,1,9.0,14607000.0,1611000,0,40,2,20000000,0,1000000,30000000,5000000,2,3
2982000,196812,3178812,0.01,6,1,6.0,3252000.0,530000,1,48,0,12000000,0,2400000,18000000,8000000,2,7
3850000,192500,4042500,65.0,6,1,6.0,4920000.0,808000,0,31,0,7000000,0,1000000,20000000,4000000,2,2
29400000,0,29400000,35.0,15,1,2.0,32484000.0,2448000,0,22,0,8000000,0,2500000,25000000,7000000,4,3
2000000,100000,2100000,45.0,6,1,6.0,2460000.0,398000,1,42,0,9000000,0,900000,15000000,3800000,0,5
3913000,258258,4171258,0.01,6,1,2.0,4248000.0,696000,1,22,0,6000000,0,1000000,20000000,4000000,4,5
6291000,415206,6706206,19.6,10,1,10.0,7442765.0,733000,0,25,0,7000000,0,1000000,16000000,6000000,2,2
8990000,593340,9583340,0.01,6,1,6.0,9660000.0,1598000,0,37,0,7500000,0,1000000,15000000,2000000,1,2
9495000,626670,10121670,0.01,9,1,9.0,10233000.0,1125000,0,27,0,8000000,0,1000000,25000000,3000000,2,3
6690000,334500,7024500,65.0,6,1,6.0,8625000.0,1403000,0,29,2,7000000,0,1000000,13000000,3500000,2,3
17000000,850000,17850000,68.0,24,1,12.0,16692000.0,1379000,0,45,2,10000000,0,700000,12000000,1500000,0,5
5000000,250000,5250000,85.0,6,0,4.0,4468000.0,1105000,0,36,2,7000000,0,800000,14000000,3500000,2,5
5390000,0,5390000,0.01,6,1,6.0,5466000.0,899000,1,40,0,8000000,0,1200000,15000000,6000000,2,0
2632000,131600,2763600,65.0,6,1,5.0,3383000.0,552000,0,25,1,6000000,0,500000,15000000,2000000,2,5
3143000,207438,3350438,0.01,4,1,4.0,3400000.0,838000,1,25,1,8000000,0,1000000,24000000,3000000,2,5
2072000,103600,2175600,65.0,9,1,8.0,2916000.0,312000,1,23,2,10000000,0,2000000,30000000,4000000,2,5
40000000,2200000,42200000,45.0,24,0,5.0,14156000.0,2698000,1,20,0,7000000,0,1000000,30000000,1500000,4,5
5850000,386100,6236100,0.01,6,1,6.0,6312000.0,1040000,1,27,0,6000000,0,1000000,15000000,3000000,4,5
40000000,2200000,42200000,45.0,16,0,4.0,30568000.0,3556000,1,27,0,11000000,0,4000000,20000000,3500000,4,2
4893000,322938,5215938,0.01,6,1,6.0,5288000.0,870000,1,26,0,7000000,0,1500000,22000000,10000000,2,3
6291000,415206,6706206,19.6,10,1,10.0,7464000.0,733000,1,41,2,6000000,0,1000000,25000000,3500000,2,3
26000000,1300000,27300000,35.0,12,1,12.0,32892000.0,2729000,0,29,2,7000000,0,500000,16000000,4000000,2,3
4390000,219500,4609500,45.0,6,1,6.0,5298000.0,873000,1,23,0,6500000,0,1000000,18000000,4000000,4,2
5500000,0,5500000,45.0,6,1,6.0,6353000.0,1041000,1,22,0,6500000,0,1000000,26000000,5000000,4,3
2982000,196812,3178812,0.01,6,1,6.0,3252000.0,530000,1,26,0,5000000,0,1000000,30000000,4000000,4,3
4999000,329934,5328934,0.01,6,1,6.0,5406000.0,889000,1,33,2,6000000,0,600000,24000000,4500000,2,0
20500000,1353000,21853000,21.11,9,1,9.0,23904000.0,2647000,0,37,3,10000000,0,800000,16000000,3500000,2,5
15000000,825000,15825000,45.0,6,1,6.0,18030000.0,2995000,0,23,0,10000000,0,1000000,20000000,5000000,2,3
11680000,770880,12450880,0.01,6,1,6.0,12528000.0,2076000,1,36,2,6000000,0,1000000,15000000,4000000,2,3
2290000,114500,2404500,45.0,6,0,1.0,2627000.0,455000,1,30,2,6000000,0,900000,12000000,3500000,2,3
5590000,0,5590000,65.0,12,1,12.0,7944000.0,646000,1,28,0,7000000,0,1500000,14000000,4000000,2,3
2000000,100000,2100000,45.0,6,1,4.0,2819000.0,398000,0,39,0,8000000,0,800000,16000000,4000000,2,7
2590000,129500,2719500,65.0,6,1,2.0,3330000.0,543000,1,31,0,7500000,0,1000000,14000000,4000000,2,3
4248000,280368,4528368,0.01,6,1,6.0,4602000.0,755000,1,41,2,40000000,0,3000000,21000000,10000000,2,5
5990000,299500,6289500,85.0,9,0,1.0,981000.0,969000,1,32,1,7000000,0,2000000,7000000,2000000,1,5
8100000,0,8100000,35.0,9,1,9.0,9441000.0,1037000,0,24,0,10000000,0,3000000,25000000,9000000,4,2
4940000,247000,5187000,35.0,9,1,8.0,6125000.0,664000,0,56,0,9000000,0,1000000,15000000,3000000,4,3
2000000,100000,2100000,65.0,6,1,6.0,2587000.0,420000,1,35,0,8000000,0,1000000,8000000,1000000,4,5
3143000,207438,3350438,0.01,4,0,7.0,3200000.0,838000,0,40,2,6000000,0,1000000,24000000,3300000,2,1
4890000,244500,5134500,35.0,9,1,7.0,6033571.0,657000,1,38,0,8000000,0,1000000,15000000,4000000,2,0
3690000,243540,3933540,0.01,6,1,6.0,3996000.0,656000,1,30,0,6000000,0,500000,19000000,3000000,2,3
7820000,391000,8211000,45.0,6,0,6.0,7859000.0,1554000,1,23,0,8000000,0,900000,16000000,3000000,4,3
4268000,281688,4549688,0.01,6,1,6.0,4622000.0,759000,0,38,2,40000000,0,2000000,40000000,15000000,2,3
21000000,0,21000000,45.0,6,1,6.0,23916000.0,3974000,0,31,2,8000000,0,1000000,20000000,8000000,2,3
6299000,415734,6714734,0.01,6,1,6.0,6792000.0,1120000,1,20,0,6000000,0,1000000,6000000,1000000,4,2
11000000,726000,11726000,0.01,6,1,6.0,11790000.0,1955000,0,21,0,10000000,0,1000000,35000000,7000000,4,3
4152000,0,4152000,0.01,6,1,6.0,4225000.0,693000,1,29,0,5000000,0,500000,10000000,1500000,2,3
6000000,300000,6300000,35.0,12,1,12.0,7712000.0,630000,0,38,0,6500000,0,1300000,23000000,6200000,2,3
7000000,350000,7350000,35.0,9,1,9.0,8577000.0,941000,1,44,0,7000000,0,1800000,25600000,5700000,2,3
6990000,349500,7339500,85.0,6,1,6.0,9542000.0,1544000,0,47,3,6000000,0,800000,23000000,3500000,1,5
6990000,349500,7339500,35.0,12,1,12.0,8948000.0,734000,0,26,0,6000000,0,800000,30000000,4000000,4,3
2000000,100000,2100000,45.0,6,1,6.0,2460000.0,398000,1,31,0,4000000,0,900000,7500000,3900000,2,5
2000000,100000,2100000,45.0,6,1,6.0,2480000.0,398000,1,24,0,5000000,0,600000,16000000,4000000,4,0
3032000,200112,3232112,0.01,4,1,4.0,3284000.0,809000,0,44,0,5000000,0,1000000,20000000,5000000,2,5
4221000,0,4221000,17.7,10,1,10.0,4690322.0,458000,0,52,0,5000000,0,800000,20000000,4000000,2,5
14300000,715000,15015000,68.0,12,1,12.0,21252000.0,1759000,0,38,0,8000000,0,1000000,20000000,4000000,0,3
2214000,146124,2360124,0.01,4,1,4.0,2412000.0,591000,1,33,0,8000000,0,3000000,15000000,10000000,2,5
22000000,1100000,23100000,45.0,24,1,7.0,29690000.0,1477000,0,27,0,10000000,0,1000000,22000000,5000000,3,3
4221000,278586,4499586,17.7,10,0,7.0,3500000.0,488000,1,35,3,7000000,0,2000000,15000000,10000000,2,3
9000000,450000,9450000,60.0,10,1,10.0,12358000.0,1224000,1,25,0,10000000,0,1000000,35000000,4000000,4,2
3913000,258258,4171258,0.01,6,1,6.0,4246000.0,696000,1,25,0,6000000,0,1000000,16000000,5000000,2,3
2290000,114500,2404500,45.0,6,1,6.0,2802000.0,455000,0,42,0,5400000,0,1000000,15000000,3000000,1,7
6190000,408540,6598540,10.21,6,1,6.0,6870000.0,1133000,1,34,0,10000000,0,2000000,16000000,3000000,4,3
12200000,671000,12871000,45.0,24,1,12.0,10020000.0,823000,0,20,0,4500000,0,900000,20000000,4000000,4,5
7794000,514404,8308404,0.01,6,1,6.0,8380000.0,1385000,1,33,1,6000000,0,700000,10000000,4000000,0,3
4490000,224500,4714500,45.0,6,1,6.0,5424000.0,893000,1,53,2,10000000,0,2000000,30000000,8000000,2,5
7990000,399500,8389500,45.0,9,1,9.0,10152000.0,1116000,0,21,0,10000000,0,1500000,18000000,6500000,2,2
7191000,474606,7665606,0.01,6,1,6.0,7740000.0,1278000,1,29,1,9000000,0,1000000,18000000,3000000,2,5
4600000,0,4600000,48.2,6,1,6.0,5391000.0,878000,0,36,0,7000000,0,1000000,22000000,5000000,2,3
6190000,309500,6499500,85.0,6,1,6.0,8350000.0,1368000,0,22,1,6200000,0,1200000,13000000,3800000,2,5
4893000,322938,5215938,0.01,6,1,3.0,5216000.0,870000,0,47,2,10000000,0,1000000,23000000,4000000,0,3
19000000,950000,19950000,68.0,18,1,12.0,21708000.0,1797000,1,45,0,6000000,0,1000000,24000000,4000000,2,5
4893000,322938,5215938,0.01,6,1,6.0,5292000.0,870000,1,32,0,10000000,0,1500000,10000000,1500000,2,3
4490000,224500,4714500,35.0,12,1,12.0,5824000.0,472000,0,23,0,5500000,0,750000,14000000,4000000,2,3
2150000,107500,2257500,45.0,6,1,6.0,2635000.0,428000,0,34,0,5000000,0,1000000,10000000,4000000,0,3
2303000,151998,2454998,0.01,6,1,6.0,2527070.0,410000,0,43,0,7000000,0,1000000,14000000,2000000,0,2
4221000,0,4221000,17.7,10,1,10.0,4690322.0,458000,1,39,0,8000000,0,800000,20000000,4000000,0,7
5350000,353100,5703100,0.01,6,1,6.0,5766000.0,951000,0,39,2,6000000,0,700000,20000000,3000000,2,5
8720000,575520,9295520,0.01,6,1,6.0,9372000.0,1550000,0,55,0,6000000,0,1000000,20000000,3000000,2,3
2632000,131600,2763600,65.0,6,1,6.0,3384000.0,552000,0,21,0,5500000,0,1500000,5500000,1500000,4,5
3594000,237204,3831204,0.01,4,1,4.0,3881000.0,958000,1,38,0,7000000,0,1000000,20000000,4000000,4,3
2792000,184272,2976272,0.01,6,1,6.0,3051000.0,497000,0,28,1,10000000,0,1000000,50000000,5000000,2,2
11000000,605000,11605000,45.0,12,1,12.0,14833000.0,1219000,1,30,0,7000000,0,1000000,20000000,3000000,4,7
4893000,0,4893000,0.01,6,1,6.0,4966000.0,816000,0,33,0,5000000,0,700000,13000000,4500000,2,0
10000000,550000,10550000,35.0,12,1,12.0,12785000.0,1054610,0,39,0,5000000,0,10800000,240000000,4000000,2,1
40000000,2200000,42200000,33.5,30,0,13.0,23182000.0,2095439,1,53,0,15000000,0,24000000,30000000,5000000,2,5
15000000,825000,15825000,44.5,12,1,13.0,19841000.0,1657776,0,20,0,8000000,0,18000000,8000000,1500000,4,3
30000000,1650000,31650000,45.0,18,0,4.0,9848000.0,2449603,0,55,0,15000000,0,30000000,35000000,8000000,2,5
30000000,1650000,31650000,33.5,30,0,-1.0,-1.0,1571579,0,36,0,17000000,0,36000000,50000000,8000000,2,3
10000000,550000,10550000,60.0,20,0,7.0,6872000.0,846559,0,45,0,10000000,0,12000000,30000000,6000000,2,5
25000000,0,25000000,45.0,24,1,12.0,19307865.0,1597973,0,41,0,6000000,0,24000000,50000000,10000000,2,3
20000000,1100000,21100000,47.0,36,0,9.0,10037000.0,1103070,0,32,0,6937000,0,12000000,20000000,8000000,2,3
20000000,1100000,21100000,47.0,18,0,11.0,18348000.0,1655490,1,44,0,5500000,0,6000000,10500000,2000000,2,5
15000000,825000,15825000,47.0,18,1,12.0,15046000.0,1241617,0,26,0,6384000,0,15600000,15000000,3000000,2,5
10000000,550000,10550000,60.0,12,0,10.0,14105308.0,1190308,1,39,0,10000000,0,12000000,20000000,3000000,2,3
25000000,1375000,26375000,35.0,30,1,12.0,16107000.0,1331179,0,45,0,10000000,0,60000000,40000000,9000000,2,5
10000000,550000,10550000,44.5,24,0,11.0,7506000.0,671434,1,27,0,8000000,0,9600000,15000000,6500000,2,3
20000000,1100000,21100000,59.99,18,0,11.0,19987000.0,1804908,0,27,0,9000000,0,7200000,20000000,3000000,2,3
20000000,1100000,21100000,47.0,24,1,12.0,16620000.0,1372100,1,39,0,7500000,0,16800000,25000000,5000000,2,3
20000000,1100000,21100000,35.0,24,0,8.0,9972000.0,1234743,0,35,0,5000000,0,10800000,20000000,3500000,2,3
10000000,0,10000000,45.0,12,1,12.0,12636661.0,1050123,0,21,0,4000000,0,16800000,20000000,2500000,4,7
30000000,1650000,31650000,37.0,24,0,2.0,3800000.0,1885667,0,51,0,18000000,0,12000000,35000000,3000000,2,3
25000000,1375000,26375000,47.0,24,1,13.0,22464000.0,1715125,0,38,0,5500000,0,9600000,30000000,5000000,1,1
30000000,1650000,31650000,45.0,24,1,12.0,24420396.0,2023033,1,28,0,18000000,0,9600000,30000000,7000000,3,4
10000000,550000,10550000,44.5,12,1,12.0,13278000.0,1105184,1,36,0,10000000,0,12000000,14000000,4000000,2,7
15000000,825000,15825000,45.0,24,1,12.0,12284619.0,1011517,0,20,0,9000000,0,12000000,9000000,1000000,4,5
15000000,825000,15825000,59.99,24,1,12.0,13893108.0,1146759,0,50,0,10000000,0,24000000,20000000,4000000,2,5
30000000,1650000,31650000,45.0,24,1,12.0,24420132.0,2023033,1,36,0,8000000,0,9600000,18000000,4000000,2,5
15000000,825000,15825000,42.5,12,1,10.0,19701652.0,1641652,0,29,0,10000000,0,36000000,12000000,3000000,1,7
20000000,1100000,21100000,45.0,24,1,12.0,16410000.0,1348689,1,21,0,5000000,0,8400000,40000000,3500000,4,3
30000000,0,30000000,13.5,36,1,12.0,12372000.0,1019000,0,29,0,15000000,0,2000000,40000000,5000000,2,0
40000000,2200000,42200000,47.0,35,1,12.0,26678140.0,2206140,1,43,0,10000000,0,18000000,40000000,7000000,2,4
20000000,1100000,21100000,59.99,18,1,12.0,21804000.0,1804908,0,53,0,8000000,0,12000000,20000000,3000000,2,1
20000000,1100000,21100000,45.0,24,0,7.0,9525000.0,1348689,0,37,0,8000000,0,14400000,20000000,3600000,2,3
25000000,1375000,26375000,35.0,36,0,11.0,13255000.0,1193101,0,32,0,10000000,0,12000000,20000000,4000000,2,2
20000000,1100000,21100000,59.99,24,0,6.0,7694000.0,1529012,1,31,0,12000000,0,24000000,16000000,4000000,2,3
20000000,1100000,21100000,45.0,24,1,12.0,16317000.0,1348689,0,22,0,9000000,0,12000000,45000000,11000000,4,3
30000000,1650000,31650000,42.5,24,1,13.0,23900560.0,1979570,0,27,0,10000000,0,12000000,20000000,4000000,2,2
20000000,1100000,21100000,44.5,12,1,12.0,26484000.0,2210368,1,27,0,13000000,0,30000000,13000000,2500000,4,3
50000000,2750000,52750000,33.5,30,1,13.0,34203299.0,2619299,1,43,0,15000000,0,12000000,25000000,4000000,2,5
30000000,1650000,31650000,45.0,24,1,12.0,24420000.0,2023033,0,23,0,7000000,0,8400000,15000000,4000000,2,3
40000000,0,40000000,47.0,24,0,-1.0,-1.0,2601138,1,25,0,8000000,0,19200000,70000000,22000000,2,3
20000000,1100000,21100000,33.5,24,1,12.0,14770000.0,1218107,1,28,0,8500000,0,9600000,30000000,8000000,4,7
20000000,1100000,21100000,35.0,24,0,11.0,13717000.0,1234743,0,41,0,5000000,0,10800000,17000000,3000000,2,1
25000000,1375000,26375000,47.0,20,1,8.0,35114000.0,1926425,0,28,0,8000000,0,9600000,19000000,5000000,3,3
10000000,550000,10550000,35.0,12,0,11.0,11737000.0,1054610,1,29,0,4100000,0,9600000,15000000,3000000,2,3
10000000,550000,10550000,33.5,12,1,9.0,12586000.0,1046737,1,26,0,8000000,0,8400000,30000000,4000000,4,3
10000000,550000,10550000,35.0,12,1,12.0,12672000.0,1054610,0,29,0,3901000,0,12000000,10000000,3000000,2,1
10000000,550000,10550000,59.99,24,0,6.0,4661506.0,764506,0,35,0,6000000,0,12000000,12000000,4500000,2,3
20000000,1100000,21100000,47.0,35,1,12.0,13265770.0,1103070,0,57,0,6000000,0,7200000,17000000,4000000,2,3
30000000,1650000,31650000,45.0,24,1,12.0,24408000.0,2023033,0,46,0,10000000,0,13200000,30000000,7000000,2,2
15000000,825000,15825000,59.99,18,0,5.0,6821043.0,1353681,1,42,0,6000000,0,12000000,35000000,8000000,4,5
15000000,825000,15825000,44.5,24,1,11.0,12220057.0,1007151,1,37,0,8000000,0,9600000,8000000,2000000,2,3
25000000,1375000,26375000,45.0,24,1,13.0,20363000.0,1685861,0,43,0,5000000,0,12000000,22000000,5000000,2,5
30000000,1650000,31650000,35.0,24,0,11.0,20520000.0,1852114,1,47,0,8711000,0,12000000,18000000,4000000,2,7
40000000,2200000,42200000,44.5,24,0,1.0,2698000.0,2685736,0,48,0,15000000,0,12000000,30000000,5000000,2,3
10000000,550000,10550000,47.0,12,1,12.0,13443879.0,1118697,1,30,0,4500000,0,6000000,7500000,1500000,2,3
25000000,1375000,26375000,33.5,30,1,12.0,15864000.0,1309650,0,43,0,5000000,0,18000000,20000000,3000000,2,5
20000000,1100000,21100000,45.0,24,1,12.0,16336000.0,1348689,1,26,0,6600000,0,24000000,42000000,11260000,4,5
20000000,1100000,21100000,44.5,24,0,10.0,13547756.0,1342868,0,23,0,6000000,0,7200000,8000000,3000000,4,4
40000000,2200000,42200000,37.0,24,0,11.0,27791669.0,2514223,0,35,0,15000000,0,24000000,35000000,5000000,2,5
25000000,1375000,26375000,47.0,24,0,11.0,19001750.0,1715125,1,31,0,6000000,0,18000000,13000000,3000000,2,3
30000000,1650000,31650000,45.0,24,0,10.0,20315000.0,2023033,1,43,0,8000000,0,21600000,10000000,3000000,2,5
40000000,2200000,42200000,44.5,24,1,24.0,32373152.0,2685736,1,23,0,10000000,0,30000000,30000000,6000000,4,7
20000000,1100000,21100000,59.99,18,1,12.0,21785356.0,1804908,1,31,0,10000000,0,12000000,18000000,4000000,1,3
40000000,2200000,42200000,35.0,24,1,8.0,51171000.0,2469486,1,37,0,10000000,0,12000000,20000000,3000000,2,3
15000000,825000,15825000,45.0,24,1,12.0,12283170.0,1011517,1,39,0,10000000,0,18000000,20000000,6000000,2,3
30000000,1650000,31650000,45.0,24,1,12.0,24421165.0,2023033,1,31,0,25000000,0,30000000,50000000,10000000,2,3
40000000,2200000,42200000,35.0,30,0,11.0,23561658.0,2129886,1,32,0,10000000,0,24000000,25000000,6000000,2,4
15000000,825000,15825000,44.5,18,1,7.0,20767080.0,1220616,1,38,0,4500000,0,12000000,10000000,3000000,2,3
10000000,550000,10550000,33.5,12,1,12.0,12633000.0,1046737,1,21,0,5000000,0,24000000,6000000,2000000,4,2
10000000,550000,10550000,45.0,12,0,9.0,10080000.0,1107880,1,55,0,5000000,0,12000000,15000000,2000000,2,1
15000000,825000,15825000,44.5,12,1,12.0,19867775.0,1657776,1,23,0,10000000,0,18000000,30000000,8000000,1,3
10000000,550000,10550000,35.0,12,0,6.0,6330000.0,1054610,1,29,0,4600000,0,12000000,4600000,1000000,1,3
20000000,1100000,21100000,50.0,24,0,9.0,12780000.0,1407597,1,31,0,15000000,0,8400000,15000000,25000000,2,5
20000000,1100000,21100000,45.0,24,1,12.0,16344000.0,1348689,0,55,0,4000000,0,10800000,25000000,5000000,2,3
10000000,550000,10550000,45.0,18,0,8.0,7462000.0,816534,0,40,0,3200000,0,7200000,10000000,2000000,2,1
10000000,550000,10550000,60.0,15,1,12.0,12339699.0,1016411,1,56,0,10000000,0,18000000,30000000,5000000,2,3
30000000,1650000,31650000,35.0,24,1,12.0,22380000.0,1852114,0,25,0,7000000,0,9600000,17500000,4000000,2,3
25000000,1375000,26375000,59.99,24,1,12.0,23120265.0,1911265,1,47,0,10000000,0,24000000,14000000,4000000,2,5
20000000,1100000,21100000,45.0,24,1,12.0,16317201.0,1348689,0,32,0,7000000,0,12000000,20000000,3000000,2,4
15000000,825000,15825000,60.0,12,1,12.0,21091462.0,1785462,0,45,0,8000000,0,12000000,22000000,3000000,2,3
30000000,1650000,31650000,45.0,24,1,13.0,24421363.0,2023033,1,33,0,10000000,0,12000000,30000000,5000000,2,5
50000000,2750000,52750000,35.0,24,0,11.0,34076000.0,3086857,0,38,0,10000000,0,12000000,40000000,5000000,2,3
30000000,1650000,31650000,47.0,24,0,4.0,8282150.0,2058150,1,22,0,7500000,0,9600000,15000000,3000000,4,5
20000000,1100000,21100000,60.0,12,0,6.0,27128000.0,2380616,0,26,0,9000000,0,14400000,26000000,3800000,4,2
30000000,1650000,31650000,35.0,30,0,4.0,6431000.0,1597414,0,57,0,14000000,0,20400000,35000000,11000000,2,7
20000000,1100000,21100000,35.0,30,0,11.0,11835000.0,1064943,1,23,0,10000000,0,36000000,40000000,12000000,4,3
10000000,550000,10550000,35.0,12,1,13.0,12626566.0,1054610,0,34,0,7000000,0,13200000,20000000,4000000,4,4
20000000,1100000,21100000,45.0,24,1,12.0,16329000.0,1348689,1,33,0,10000000,0,24000000,18000000,5000000,2,3
10000000,550000,10550000,45.0,12,1,8.0,13342880.0,1107880,1,23,0,4000000,0,24000000,20000000,6000000,4,3
30000000,1650000,31650000,45.0,24,1,13.0,26443429.0,2023033,1,26,0,10000000,0,18000000,10000000,1500000,4,7
30000000,1650000,31650000,35.0,24,1,12.0,22357368.0,1852114,0,24,0,10000000,0,24000000,22000000,6000000,2,2
18000000,990000,18990000,35.0,24,1,12.0,13482883.0,1111269,0,26,0,3365000,0,4800000,12000000,1500000,2,2
50000000,2750000,52750000,47.0,26,1,13.0,42900000.0,3270531,1,23,0,9000000,0,12000000,20000000,4000000,4,3
20000000,1100000,21100000,44.5,24,1,12.0,16143000.0,1342868,0,39,0,5000000,0,24000000,40000000,5000000,2,1
30000000,1650000,31650000,47.0,24,0,8.0,16561200.0,2058150,1,34,0,9462000,0,9600000,20000000,4000000,2,5
50000000,2750000,52750000,33.5,24,0,8.0,27085000.0,3045267,1,28,0,9000000,0,21600000,15000000,3000000,2,3
50000000,2750000,52750000,37.0,36,1,12.0,29494722.0,2446287,0,46,0,10000000,0,14400000,35000000,4500000,2,3
20000000,1100000,21100000,45.0,24,1,3.0,24822000.0,1348689,1,59,0,7000000,0,12600000,14000000,2500000,4,5
25000000,1375000,26375000,45.0,24,1,12.0,20375861.0,1685861,0,48,0,8000000,0,12000000,25000000,7000000,2,1
20000000,1100000,21100000,35.0,24,1,12.0,14961659.0,1234743,1,32,0,9000000,0,18000000,20000000,3000000,2,7
30000000,1650000,31650000,35.0,30,0,10.0,16100000.0,1597414,0,48,0,10000000,0,24000000,30000000,3500000,2,1
40000000,2200000,42200000,45.0,24,0,9.0,24390000.0,2697378,0,48,0,10000000,0,12000000,40000000,3000000,2,3
15000000,825000,15825000,47.0,12,0,12.0,19335495.0,1678045,1,28,0,5350000,0,12000000,12000000,4500000,4,5
25000000,1375000,26375000,33.5,30,0,11.0,14537500.0,1309650,0,49,0,9000000,0,9600000,25000000,6000000,2,3
40000000,0,40000000,45.0,24,1,12.0,30828000.0,2556756,0,45,0,10000000,0,12000000,40000000,5000000,2,3
10000000,550000,10550000,45.0,15,1,12.0,11318928.0,932366,1,21,0,6000000,0,12000000,12000000,2000000,4,3
8500000,467500,8967500,60.0,18,1,12.0,9360000.0,767136,0,53,0,6500000,0,12000000,25000000,6000000,2,1
20000000,1100000,21100000,47.0,24,1,12.0,16529000.0,1372100,1,30,0,5000000,0,24000000,20000000,5000000,2,3
30000000,1650000,31650000,35.0,30,1,12.0,19313000.0,1597414,1,36,0,20000000,0,48000000,35000000,8000000,2,4
10000000,550000,10550000,35.0,12,1,10.0,12755000.0,1054610,1,28,0,4632000,0,7200000,4632000,1000000,1,5
25000000,1375000,26375000,47.0,24,0,11.0,18984000.0,1715125,1,25,0,7111000,0,8400000,20000000,1800000,4,5
25000000,1375000,26375000,33.5,24,0,11.0,16883000.0,1522633,0,59,0,8000000,0,24000000,15000000,4000000,2,5
15000000,825000,15825000,60.0,24,1,12.0,13906668.0,1146852,1,41,0,17000000,0,12000000,35000000,7000000,2,3
20000000,1100000,21100000,60.0,18,0,11.0,19998000.0,1805025,0,55,0,10000000,0,24000000,30000000,5000000,2,3
50000000,2750000,52750000,37.0,36,0,6.0,14749722.0,2446287,0,27,0,10000000,0,12000000,35000000,9000000,2,3
10000000,550000,10550000,59.99,12,0,4.0,4812000.0,1190252,0,45,0,7000000,0,12000000,15000000,5000000,2,5
30000000,1650000,31650000,47.0,36,1,12.0,20400000.0,1654605,1,30,0,7025000,0,12000000,18000000,5000000,2,3
30000000,1650000,31650000,45.0,24,0,10.0,20338198.0,2023033,0,40,0,15000000,0,12000000,35000000,12000000,2,3
20000000,1100000,21100000,35.0,18,1,12.0,18421365.0,1523365,0,34,0,10000000,0,12000000,25000000,4000000,2,7
20000000,1100000,21100000,45.0,24,0,10.0,13607000.0,1348689,1,54,0,10000000,0,8400000,25000000,1500000,2,5
25000000,0,25000000,59.99,18,1,12.0,25680000.0,2138516,1,37,0,10000000,0,12000000,30000000,5000000,2,1
40000000,2200000,42200000,45.0,24,1,1.0,46570000.0,2697378,1,36,0,10000000,0,24000000,30000000,10000000,2,3
15000000,825000,15825000,45.0,12,1,12.0,20084000.0,1661820,1,32,0,6000000,0,7200000,15000000,4000000,2,2
25000000,0,25000000,45.0,24,0,9.0,14490000.0,1597973,1,31,0,10000000,0,12000000,25000000,5000000,2,4
20000000,1100000,21100000,59.99,24,0,10.0,12328000.0,1529012,0,37,0,9000000,0,12000000,20000000,6000000,2,3
30000000,1650000,31650000,35.0,24,0,8.0,14901000.0,1852114,0,34,0,10000000,0,18000000,25000000,4000000,2,5
10000000,550000,10550000,35.0,13,1,12.0,11996000.0,986732,1,41,0,3000000,0,6000000,10000000,500000,4,3
30000000,1650000,31650000,35.0,12,1,13.0,38490000.0,3163829,0,54,0,10000000,0,6000000,20000000,2500000,2,1
20000000,1100000,21100000,35.0,24,1,12.0,14964000.0,1234743,0,44,0,7000000,0,8400000,30000000,3000000,2,3
20000000,1100000,21100000,35.0,30,0,9.0,9691715.0,1064943,0,21,0,8000000,0,18000000,35000000,7000000,2,2
20000000,1100000,21100000,59.99,18,0,9.0,16354724.0,1804908,0,48,0,10000000,0,18000000,30000000,5000000,2,3
20000000,1100000,21100000,47.0,24,1,12.0,16620000.0,1372100,1,53,0,4600000,0,14400000,20000000,6000000,2,5
50000000,2750000,52750000,33.5,30,0,-1.0,-1.0,2619299,0,34,0,25000000,0,48000000,38000000,11000000,2,3
20000000,1100000,21100000,45.0,24,0,-1.0,-1.0,1348689,1,41,0,12000000,0,24000000,30000000,4000000,2,3
30000000,1650000,31650000,33.5,18,1,12.0,27330889.0,2260889,0,39,0,13000000,0,12000000,20000000,4000000,2,3
15000000,825000,15825000,35.0,24,1,12.0,11256000.0,926057,1,28,0,3928000,0,7200000,10200000,2900000,2,5
23000000,1265000,24265000,47.0,18,1,12.0,22848000.0,1903813,1,25,0,8000000,0,36000000,15000000,7000000,4,3
30000000,1650000,31650000,35.0,24,0,11.0,20510000.0,1852114,1,43,0,12000000,0,30000000,20000000,9000000,2,5
30000000,1650000,31650000,45.0,24,0,2.0,4071000.0,2023033,1,35,0,30000000,0,48000000,37000000,7000000,4,7
20000000,1100000,21100000,35.0,14,1,13.0,23660000.0,1857311,0,56,0,12000000,0,20400000,40000000,10000000,2,3
35000000,1925000,36925000,45.0,12,0,-1.0,-1.0,3877579,0,33,0,18000000,0,48000000,30000000,8000000,2,3
20000000,1100000,21100000,45.0,24,0,10.0,13606000.0,1348689,0,46,0,6000000,0,24000000,25000000,6000000,2,5
10000000,550000,10550000,60.0,24,1,12.0,9410000.0,764568,0,36,0,9000000,0,12000000,15000000,4000000,2,5
20000000,1100000,21100000,59.99,12,1,12.0,28697040.0,2380504,0,30,0,10000000,0,24000000,10000000,2000000,4,4
30000000,1650000,31650000,47.0,24,1,3.0,38060000.0,2058150,0,20,0,6688000,0,9600000,45000000,6500000,2,3
20000000,1100000,21100000,45.0,24,1,12.0,16331689.0,1348689,1,31,0,10007000,0,12000000,30000000,3000000,2,5
40000000,2200000,42200000,47.0,30,1,12.0,29135798.0,2415798,0,32,0,8800000,0,9600000,15000000,4000000,2,5
20000000,1100000,21100000,60.0,24,1,12.0,18493224.0,1529136,0,39,0,7000000,0,8400000,25000000,3000000,2,1
30000000,1650000,31650000,44.5,18,0,11.0,26977000.0,2441232,1,42,0,17000000,0,36000000,23000000,6000000,2,3
30000000,1650000,31650000,33.5,30,1,13.0,20588790.0,1571579,1,55,0,15000000,0,24000000,25000000,5000000,2,3
20000000,1100000,21100000,45.0,24,1,12.0,16317689.0,1348689,0,57,0,9000000,0,12000000,20000000,4000000,2,3
30000000,1650000,31650000,33.5,18,1,12.0,27304112.0,2260889,1,30,0,10000000,0,36000000,25000000,6000000,4,4
18000000,990000,18990000,35.0,30,1,12.0,11620000.0,958449,1,24,0,5000000,0,8400000,30000000,4000000,4,5
15000000,825000,15825000,33.5,30,1,11.0,9562000.0,785790,0,24,0,3500000,0,8400000,20000000,2500000,2,2
20000000,0,20000000,45.0,24,1,12.0,15494890.0,1278378,0,26,0,10000000,0,18000000,35000000,5000000,2,4
20000000,1100000,21100000,45.0,24,1,12.0,16331378.0,1348689,1,34,0,5000000,0,9600000,13000000,3500000,4,3
40000000,2200000,42200000,47.0,24,1,12.0,32940000.0,2744200,1,35,0,10805000,0,3600000,17000000,3500000,2,5
10000000,550000,10550000,45.0,24,0,10.0,6462000.0,674344,0,45,0,10000000,0,18000000,46000000,6000000,2,5
20000000,1100000,21100000,35.0,24,1,13.0,16208000.0,1234743,1,48,0,7000000,0,12000000,23000000,4000000,2,5
13000000,715000,13715000,59.99,24,1,12.0,12058148.0,993858,0,47,0,3000000,0,12000000,30000000,6000000,2,5
20000000,1100000,21100000,45.0,24,0,15.0,12247134.0,1348689,0,47,0,8000000,0,9600000,25000000,4000000,2,5
20000000,1100000,21100000,35.0,24,0,11.0,13702173.0,1234743,0,52,0,10000000,0,12000000,20000000,4000000,2,1
20000000,1100000,21100000,45.0,24,0,7.0,9524000.0,1348689,1,58,0,6000000,0,24000000,20000000,5500000,2,5
40000000,2200000,42200000,45.0,24,1,13.0,32444000.0,2697378,0,36,0,8000000,0,18000000,45000000,10000000,2,5
20000000,1100000,21100000,47.0,24,0,1.0,1384100.0,1372100,0,27,0,6184000,0,9600000,15000000,4000000,4,3
40000000,0,40000000,35.0,24,0,4.0,5595000.0,2340745,1,33,0,20000000,0,36000000,30000000,6000000,2,2
30000000,1650000,31650000,37.0,24,1,12.0,22775667.0,1885667,0,53,0,6000000,0,7200000,25000000,3000000,2,1
30000000,1650000,31650000,47.0,30,1,12.0,21806544.0,1811848,1,24,0,6500000,0,9600000,16000000,3000000,4,5
30000000,1650000,31650000,33.5,24,1,12.0,22080000.0,1827160,1,33,0,7000000,0,12000000,15000000,5000000,2,3
25000000,1375000,26375000,47.0,15,0,11.0,26074000.0,2358395,1,24,0,7000000,0,12000000,69000000,9000000,4,7
20000000,1100000,21100000,44.5,24,0,11.0,14904340.0,1342868,1,35,0,10000000,0,9600000,20000000,4000000,2,5
30000000,1650000,31650000,47.0,24,0,4.0,8285000.0,2058150,1,26,0,9000000,0,12000000,25000000,4500000,4,3
25000000,1375000,26375000,44.5,24,1,1.0,26500000.0,1678585,0,22,0,5000000,0,9600000,25000000,3500000,2,5
25000000,1375000,26375000,47.0,35,0,10.0,13790000.0,1378837,0,20,0,7300000,0,18000000,15000000,5000000,4,5
10000000,550000,10550000,44.5,24,1,9.0,14143000.0,671434,1,39,0,8000000,0,9600000,17000000,4000000,2,7
15000000,825000,15825000,35.0,24,0,1.0,927000.0,926057,1,29,0,7000000,0,12000000,15000000,4000000,2,5
10000000,550000,10550000,47.0,12,0,10.0,13344000.0,1118697,1,26,0,8000000,0,21600000,22300000,3400000,2,7
10000000,550000,10550000,45.0,12,0,11.0,12318680.0,1107880,0,30,0,5000000,0,24000000,20000000,3000000,2,5
20000000,1100000,21100000,45.0,24,1,14.0,17677268.0,1348689,0,58,0,10000000,0,12000000,20000000,3000000,3,5
20000000,1100000,21100000,47.0,12,1,12.0,26992728.0,2237394,0,29,0,6592000,0,7200000,14000000,2500000,2,5
20000000,0,20000000,45.0,18,0,11.0,17160000.0,1547932,1,25,0,8000000,0,6000000,30000000,2000000,2,5
30000000,1650000,31650000,45.0,24,0,11.0,22388000.0,2023033,0,52,0,9000000,0,12000000,30000000,6000000,2,5
40000000,2200000,42200000,45.0,24,0,2.0,5396000.0,2697378,0,58,0,15000000,0,12000000,25500000,2200000,1,3
10000000,550000,10550000,59.99,12,0,2.0,2405252.0,1190252,1,33,0,6000000,0,12000000,16000000,3000000,2,3
14000000,770000,14770000,68.0,18,0,15.0,15068000.0,1330165,0,28,0,10000000,0,18000000,19000000,4000000,2,5
30000000,1650000,31650000,47.0,18,0,1.0,2500000.0,2483234,1,29,0,8000000,0,24000000,23000000,4000000,2,3
25000000,1375000,26375000,47.0,24,1,12.0,20725000.0,1715125,0,32,0,6668000,0,9600000,30000000,5000000,1,3
40000000,2200000,42200000,45.0,24,1,9.0,56475000.0,2697378,0,49,0,10000000,0,9600000,35000000,3500000,2,5
20000000,1100000,21100000,45.0,24,0,11.0,14957000.0,1348689,1,31,0,15000000,0,24000000,22000000,5000000,2,3
30000000,0,30000000,47.0,36,0,11.0,17380000.0,1568346,1,49,0,10000000,0,24000000,22000000,10000000,2,5
30000000,1650000,31650000,44.5,24,0,6.0,14198000.0,2014302,0,44,0,10000000,0,18000000,28000000,5000000,2,7
30000000,1650000,31650000,33.5,20,1,11.0,40718896.0,2086612,0,22,0,6000000,0,12000000,15000000,2000000,4,5
20000000,1100000,21100000,59.99,12,0,-1.0,-1.0,2380504,1,34,0,10000000,0,18000000,17000000,3000000,2,5
15000000,0,15000000,42.5,24,1,12.0,11391000.0,938185,0,23,0,10000000,0,6000000,30000000,4000000,2,2
40000000,2200000,42200000,35.0,30,0,4.0,8538886.0,2129886,1,51,0,10000000,0,24000000,25000000,3000000,4,5
10000000,550000,10550000,44.5,12,0,7.0,7825000.0,1105184,1,24,0,8000000,0,12000000,20000000,3000000,4,3
20000000,1100000,21100000,33.5,24,0,11.0,13531070.0,1218107,0,32,0,5000000,0,9600000,30000000,4000000,2,3
20000000,1100000,21100000,59.99,12,0,8.0,19140000.0,2380504,1,48,0,10000000,0,12000000,18000000,4000000,2,3
25000000,1375000,26375000,45.0,24,1,14.0,20374861.0,1685861,1,24,0,8000000,0,12000000,18000000,5000000,4,3
20000000,1100000,21100000,59.99,24,0,11.0,17490000.0,1529012,1,32,0,8000000,0,12000000,15000000,3000000,2,5
15000000,825000,15825000,45.0,18,1,12.0,14792802.0,1224802,0,34,0,8000000,0,36000000,55000000,12000000,2,4
10000000,550000,10550000,33.5,12,1,12.0,12720000.0,1046737,1,33,0,10000000,0,18000000,20000000,5000000,2,3
20000000,0,20000000,45.0,12,0,9.0,24910000.0,2100246,0,43,0,10000000,0,12000000,40000000,7000000,2,5
25000000,1375000,26375000,45.0,24,0,8.0,13590000.0,1685861,1,27,0,5993000,0,12000000,18000000,4000000,2,5
20000000,1100000,21100000,45.0,12,1,12.0,26466000.0,2215760,0,22,0,7000000,0,12000000,7500000,1000000,4,3
70000000,3850000,73850000,37.0,36,0,11.0,37805000.0,3424802,0,50,0,15000000,0,12000000,36000000,7000000,3,5
50000000,2750000,52750000,35.0,24,1,12.0,37188000.0,3086857,0,49,0,20400000,0,24000000,45000000,3000000,2,7
30000000,1650000,31650000,44.5,24,0,7.0,16221000.0,2014302,0,38,0,6000000,0,24000000,20000000,4000000,2,3
40000000,2200000,42200000,44.5,24,0,5.0,21582152.0,2685736,0,49,0,24000000,0,24000000,68000000,5500000,2,7
10000000,550000,10550000,33.5,24,1,2.0,11483000.0,609053,1,37,0,5000000,0,21600000,20000000,4000000,2,3
30000000,1650000,31650000,45.0,24,0,-1.0,-1.0,2023033,1,50,0,10000000,0,24000000,15000000,3000000,2,5
25000000,1375000,26375000,47.0,24,1,12.0,20726125.0,1715125,1,37,0,5481000,0,12000000,12000000,2500000,2,3
30000000,1650000,31650000,33.5,30,0,11.0,17424000.0,1571579,1,31,0,12000000,0,12000000,20000000,4000000,2,3
40000000,2200000,42200000,45.0,24,1,13.0,35214512.0,2697378,1,45,0,10000000,0,24000000,20000000,4000000,2,5
30000000,1650000,31650000,47.0,36,1,13.0,21653865.0,1654605,0,28,0,6500000,0,12000000,30000000,4000000,4,3
15000000,825000,15825000,35.0,18,0,11.0,12695048.0,1142524,0,42,0,10000000,0,24000000,23000000,7500000,2,5
30000000,1650000,31650000,44.5,24,1,12.0,24327000.0,2014302,0,45,0,15000000,0,36000000,23000000,8000000,2,4
30000000,1650000,31650000,33.5,30,1,10.0,18966316.0,1571579,1,55,0,10000000,0,18000000,40000000,7000000,2,5
30000000,1650000,31650000,31.5,24,1,12.0,21672000.0,1794170,0,26,0,12000000,0,36000000,30000000,7000000,2,3
20000000,1100000,21100000,47.0,12,0,3.0,24539000.0,2237394,1,35,0,7160000,0,6000000,16000000,2000000,2,4
20000000,1100000,21100000,33.5,24,0,11.0,13519070.0,1218107,1,24,0,8500000,0,6000000,8500000,500000,4,3
20000000,0,20000000,47.0,14,1,11.0,26005000.0,1882978,0,22,0,5796000,0,6000000,17000000,3000000,4,3
10000000,550000,10550000,59.99,24,1,12.0,9324000.0,764506,0,56,0,3000000,0,9600000,30000000,6000000,2,3
20000000,1100000,21100000,45.0,24,0,8.0,10883000.0,1348689,0,35,0,8000000,0,14400000,20000000,3600000,2,7
30000000,1650000,31650000,33.5,30,1,12.0,19003000.0,1571579,0,25,0,8000000,0,24000000,20000000,5500000,2,3
20000000,1100000,21100000,31.5,24,1,12.0,14497356.0,1196113,0,24,0,6000000,0,7200000,10000000,2500000,4,4
15000000,825000,15825000,42.5,18,1,13.0,15799000.0,1203950,1,31,0,9000000,0,24000000,19000000,3000000,4,3
35000000,1925000,36925000,35.0,24,0,11.0,23900800.0,2160800,0,50,0,8000000,0,12000000,30000000,6000000,2,5
20000000,1100000,21100000,45.0,24,1,12.0,16346890.0,1348689,0,43,0,8000000,0,12000000,27000000,4000000,2,3
20000000,1100000,21100000,44.5,12,0,12.0,24446312.0,2210368,1,39,0,20000000,0,60000000,30000000,10000000,1,4
20000000,1100000,21100000,44.5,24,1,12.0,16320076.0,1342868,1,24,0,10000000,0,48000000,11000000,4000000,4,4
10000000,550000,10550000,35.0,8,1,9.0,12223816.0,1497636,0,25,0,5338000,0,6000000,20000000,1800000,4,3
10000000,550000,10550000,60.0,15,1,12.0,12336000.0,1016411,0,31,0,5000000,0,12000000,15000000,4000000,2,5
60000000,3300000,63300000,37.0,36,1,12.0,35374176.0,2935544,0,36,0,6500000,0,36000000,30000000,7600000,2,3
40000000,2200000,42200000,45.0,24,0,10.0,27100000.0,2697378,1,34,0,15000000,0,24000000,15000000,3000000,4,5
20000000,1100000,21100000,35.0,24,0,2.0,2492000.0,1234743,1,37,0,10000000,0,12000000,15000000,3000000,2,3
30000000,1650000,31650000,35.0,24,0,1.0,1865000.0,1852114,0,33,0,10000000,0,24000000,27000000,5000000,2,5
30000000,1650000,31650000,45.0,24,0,11.0,22371000.0,2023033,0,35,0,15000000,0,30000000,24000000,9000000,2,5
15000000,825000,15825000,44.5,12,1,12.0,19868760.0,1657776,1,30,0,7000000,0,6000000,14000000,6000000,2,7
30000000,1650000,31650000,33.5,30,1,12.0,19003737.0,1571579,1,35,0,12000000,0,24000000,20000000,5000000,2,3
10000000,550000,10550000,35.0,24,0,11.0,6923081.0,617371,0,22,0,10000000,0,18000000,28000000,6000000,2,3
15000000,825000,15825000,35.0,24,0,11.0,10319000.0,926057,1,20,0,13000000,0,18000000,30000000,4500000,4,7
10000000,550000,10550000,45.0,24,1,12.0,8168000.0,674344,0,51,0,5000000,0,16800000,40000000,18000000,2,5
20000000,1100000,21100000,45.0,24,0,12.0,16342689.0,1348689,0,58,0,7000000,0,8400000,15000000,3000000,0,5
15000000,825000,15825000,47.0,18,1,12.0,14904000.0,1241617,1,32,0,6900000,0,10800000,15000000,3000000,2,5
15000000,825000,15825000,68.0,12,0,7.0,20070000.0,1853218,1,26,0,6000000,0,6000000,12000000,3000000,2,5
10000000,550000,10550000,59.99,12,1,12.0,14431500.0,1190252,0,27,0,5000000,0,6000000,15000000,3000000,4,7
30000000,0,30000000,37.0,18,1,14.0,27489000.0,2196658,1,26,0,15000000,0,24000000,35000000,9000000,2,3
30000000,1650000,31650000,35.0,30,0,4.0,6395000.0,1597414,0,30,0,7000000,0,12000000,15000000,5000000,2,3
18000000,990000,18990000,47.0,15,0,-1.0,-1.0,1698044,0,25,0,5022000,0,9600000,16000000,4000000,2,5
40000000,2200000,42200000,44.5,24,0,11.0,29676000.0,2685736,1,35,0,10000000,0,12000000,20000000,5000000,2,7
40000000,2200000,42200000,37.0,30,0,10.0,21922000.0,2176269,0,35,0,10000000,0,12000000,10000000,2000000,1,3
30000000,1650000,31650000,44.5,24,1,12.0,24315302.0,2014302,1,55,0,10000000,0,12000000,20000000,2000000,2,3
20000000,1100000,21100000,45.0,24,1,3.0,24070084.0,1348689,1,31,0,5000000,0,6000000,17000000,5000000,2,3
30000000,1650000,31650000,44.5,24,0,-1.0,-1.0,2014302,0,35,0,11000000,0,38400000,40000000,9500000,2,4
12000000,660000,12660000,68.0,24,0,3.0,2970000.0,977879,1,28,0,8000000,0,12000000,18000000,2500000,4,5
15000000,825000,15825000,33.5,24,1,7.0,19633158.0,913580,1,31,0,3000000,0,7200000,12000000,4000000,2,4
25000000,1375000,26375000,59.99,12,0,5.0,14931260.0,2975630,1,31,0,10000000,0,12000000,25000000,5000000,4,3
20000000,1100000,21100000,33.5,30,1,12.0,12704640.0,1047720,0,59,0,8000000,0,12000000,8000000,1000000,0,3
30000000,1650000,31650000,44.5,24,1,13.0,26348000.0,2014302,0,31,0,10000000,0,18000000,17000000,4000000,2,3
50000000,2750000,52750000,47.0,24,1,12.0,41305502.0,3430251,1,26,0,10290000,0,36000000,25000000,6000000,4,3
10000000,550000,10550000,59.99,24,1,12.0,9304000.0,764506,0,55,0,8000000,0,6000000,15000000,3000000,2,3
20000000,1100000,21100000,44.5,24,1,12.0,16260000.0,1342868,1,35,0,6000000,0,12000000,14000000,3000000,2,4
20000000,1100000,21100000,60.0,24,0,11.0,16952496.0,1529136,1,45,0,10000000,0,24000000,20000000,5000000,1,3
20000000,1100000,21100000,45.0,18,1,12.0,19741552.0,1633069,1,26,0,10000000,0,12000000,20000000,2000000,2,3
20000000,1100000,21100000,47.0,24,1,12.0,16610000.0,1372100,1,42,0,8000000,0,18000000,15000000,5000000,2,5
15000000,825000,15825000,35.0,18,0,9.0,10390668.0,1142524,0,52,0,15000000,0,12000000,40000000,5000000,2,3
50000000,2750000,52750000,35.0,30,1,12.0,32080570.0,2662357,1,31,0,12000000,0,24000000,20000000,6000000,2,4
30000000,1650000,31650000,45.0,24,1,13.0,26455132.0,2023033,1,44,0,8000000,0,6000000,15000000,3000000,2,3
20000000,1100000,21100000,33.5,30,1,12.0,12716640.0,1047720,1,59,0,9800000,0,18000000,18000000,4000000,2,3
30000000,1650000,31650000,33.5,30,0,3.0,4769000.0,1571579,1,26,0,30000000,0,36000000,45000000,10000000,2,3
30000000,1650000,31650000,37.0,24,1,12.0,22776000.0,1885667,0,36,0,6173000,0,6000000,20000000,4000000,2,3
18000000,990000,18990000,47.0,18,1,12.0,17869000.0,1489941,0,48,0,4468000,0,7200000,15000000,2000000,2,5
15000000,825000,15825000,47.0,12,0,10.0,14818225.0,1678045,0,34,0,10000000,0,12000000,16000000,4000000,2,5
30000000,1650000,31650000,37.0,36,1,12.0,17758000.0,1467772,0,22,0,4938000,0,6000000,15000000,3000000,2,5
20000000,1100000,21100000,44.5,24,1,12.0,16258548.0,1342868,0,37,0,15000000,0,12000000,25000000,3000000,2,3
22000000,1210000,23210000,47.0,24,1,12.0,18258000.0,1509310,1,29,0,4500000,0,7200000,10000000,5000000,4,4
35000000,1925000,36925000,45.0,24,0,11.0,26092000.0,2360206,0,33,0,16000000,0,12000000,32000000,4500000,2,1
30000000,1650000,31650000,33.5,30,1,12.0,19008000.0,1571579,0,27,0,7000000,0,12000000,16000000,5000000,2,5
30000000,1650000,31650000,35.0,30,1,13.0,19312968.0,1597414,1,42,0,10000000,0,36000000,25000000,5000000,2,5
10000000,550000,10550000,45.0,12,1,12.0,13198040.0,1107880,0,30,0,7500000,0,12000000,25000000,5000000,3,7
30000000,1650000,31650000,45.0,24,1,12.0,24430000.0,2023033,0,44,0,8000000,0,9600000,30000000,9000000,2,5
20000000,1100000,21100000,35.0,24,1,13.0,14960916.0,1234743,0,51,0,7000000,0,9600000,25000000,6000000,2,5
20000000,1100000,21100000,47.0,24,1,20.0,16573200.0,1372100,1,25,0,8000000,0,10800000,23000000,1500000,4,3
35000000,1925000,36925000,45.0,24,1,12.0,28467000.0,2360206,0,30,0,10000000,0,12000000,30000000,3000000,2,3
25000000,1375000,26375000,35.0,24,1,12.0,18672000.0,1543429,0,46,0,12000000,0,48000000,25000000,8000000,2,5
20000000,1100000,21100000,59.99,12,0,11.0,28319000.0,2380504,0,31,0,7000000,0,12000000,16000000,3500000,2,3
30000000,1650000,31650000,44.5,24,1,12.0,24315208.0,2014302,1,34,0,11000000,0,18000000,11000000,1500000,2,3
20000000,1100000,21100000,47.0,12,0,10.0,22496000.0,2237394,1,35,0,9000000,0,12000000,15000000,3000000,2,3
25000000,1375000,26375000,33.5,30,0,1.0,1322000.0,1309650,1,24,0,20000000,0,24000000,25000000,5000000,4,3
15000000,825000,15825000,44.5,24,1,8.0,15353208.0,1007151,1,41,0,7000000,0,6000000,10000000,3000000,2,1
50000000,2750000,52750000,37.0,36,0,4.0,9834000.0,2446287,1,36,0,10000000,0,36000000,25000000,6000000,2,3
30000000,1650000,31650000,47.0,36,0,9.0,15001000.0,1654605,1,42,0,9000000,0,18000000,25000000,10000000,2,3
15000000,0,15000000,60.0,12,0,9.0,13637524.0,1692381,0,46,0,8000000,0,12000000,25000000,4500000,2,3
12000000,660000,12660000,68.0,18,0,1.0,1153000.0,1140141,1,24,0,7000000,0,13200000,30000000,2200000,4,3
40000000,2200000,42200000,35.0,30,0,7.0,14994000.0,2129886,1,32,0,10000000,0,12000000,35000000,6000000,2,5
25000000,1375000,26375000,47.0,18,1,12.0,24966896.0,2069362,0,23,0,9000000,0,10800000,18000000,3000000,2,3
20000000,1100000,21100000,44.5,24,1,12.0,16264076.0,1342868,1,30,0,12000000,0,18000000,23000000,8000000,2,4
40000000,2200000,42200000,37.0,24,0,12.0,27738000.0,2514223,1,26,0,20000000,0,24000000,40000000,10000000,4,4
25000000,1375000,26375000,47.0,18,1,12.0,24972000.0,2069362,0,33,0,8100000,0,12000000,30000000,7000000,2,5
20000000,1100000,21100000,59.99,24,1,12.0,18494000.0,1529012,1,35,0,9000000,0,18000000,35000000,15000000,2,7
30000000,0,30000000,47.0,30,1,12.0,20749784.0,1717392,0,52,0,7000000,0,12000000,20000000,7000000,2,5
30000000,1650000,31650000,35.0,30,1,12.0,19309000.0,1597414,0,46,0,7000000,0,6000000,28000000,2500000,2,5
20000000,1100000,21100000,45.0,12,0,11.0,24507000.0,2215760,1,38,0,9000000,0,12000000,15000000,5000000,2,3
15000000,825000,15825000,37.0,18,0,3.0,3465000.0,1158737,0,34,0,10000000,0,12000000,18000000,2500000,2,7
25000000,1375000,26375000,45.0,24,1,12.0,20374471.0,1685861,0,30,0,7000000,0,8400000,15000000,3000000,2,3
15000000,825000,15825000,37.0,24,1,2.0,17785000.0,942834,1,24,0,8900000,0,9600000,26000000,4000000,4,4
20000000,1100000,21100000,35.0,24,1,12.0,14980743.0,1234743,1,26,0,8000000,0,24000000,24000000,6000000,4,3
50000000,2750000,52750000,35.0,24,0,4.0,12398000.0,3086857,1,55,0,15000000,0,12000000,30000000,3000000,2,5
13799000,910734,14709734,0.01,6,1,6.0,14784000.0,2452000,1,34,0,12000000,0,1300000,30000000,4500000,4,0
15000000,750000,15750000,45.0,18,1,12.0,14628000.0,1219000,1,36,0,6000000,0,500000,12000000,3500000,2,5
6291000,415206,6706206,19.6,10,1,10.0,7431000.0,733000,0,24,0,7000000,0,1100000,12000000,4100000,2,2
14399000,950334,15349334,0.01,6,1,6.0,15422000.0,2559000,0,27,0,8000000,0,1500000,14000000,4000000,2,2
11900000,785400,12685400,0.01,6,1,6.0,12758000.0,2115000,1,29,2,10000000,0,1000000,16000000,4000000,2,3
9990000,499500,10489500,35.0,9,1,9.0,12186000.0,1342000,1,28,0,8000000,0,1000000,22000000,4000000,4,3
3000000,150000,3150000,65.0,6,1,7.0,3846000.0,629000,1,41,1,8000000,0,1000000,19000000,3000000,2,5
20000000,1000000,21000000,68.0,12,0,4.0,9888000.0,2460000,1,54,0,8300000,0,800000,22000000,4000000,2,1
4221000,278586,4499586,17.7,10,1,7.0,5010000.0,488000,1,20,0,8000000,0,1200000,20000000,4000000,4,5
2070000,103500,2173500,45.0,6,1,6.0,2549000.0,412000,0,52,0,6000000,0,1000000,30000000,4000000,1,5
2982000,196812,3178812,0.01,6,1,6.0,3240000.0,530000,1,28,0,10000000,0,1500000,23000000,4000000,4,2
5700000,376200,6076200,0.01,6,1,6.0,6150000.0,1013000,0,30,0,7000000,0,1000000,15000000,4000000,0,3
2759000,137950,2896950,45.0,6,1,6.0,3366000.0,549000,1,26,0,10000000,0,1000000,19000000,5000000,4,2
4080000,269280,4349280,0.01,6,1,6.0,4422000.0,725000,1,28,0,15000000,0,1000000,30000000,4000000,4,3
6490000,324500,6814500,35.0,9,1,9.0,7957000.0,872000,0,24,2,6000000,0,600000,15000000,2400000,2,5
6230000,311500,6541500,65.0,9,1,9.0,8550000.0,938000,0,25,0,7000000,0,900000,20000000,3500000,4,0
4893000,322938,5215938,0.01,6,1,6.0,5288096.0,870000,1,46,0,10000000,0,1000000,20000000,7000000,2,1
8000000,400000,8400000,60.0,6,1,6.0,10002000.0,1655000,0,21,0,6500000,0,1000000,18000000,4000000,4,2
3741000,187050,3928050,65.0,6,1,6.0,4782000.0,785000,0,28,0,8000000,0,1500000,50000000,7000000,0,3
7190000,359500,7549500,65.0,8,0,-1.0,-1.0,1188000,0,32,2,5000000,0,500000,12000000,4000000,2,5
3432000,171600,3603600,65.0,6,1,6.0,4392000.0,720000,1,20,0,6000000,0,1000000,20000000,5000000,4,3
6290000,314500,6604500,35.0,12,1,12.0,8052000.0,661000,0,41,0,6000000,0,800000,16000000,2500000,2,5
4600000,0,4600000,48.2,6,1,6.0,5408000.0,878000,0,32,2,7000000,0,1000000,20000000,4000000,2,3
2793000,184338,2977338,0.01,4,1,4.0,3028000.0,745000,0,25,0,6000000,0,700000,20000000,4000000,4,3
4600000,303600,4903600,48.2,6,1,6.0,5688000.0,936000,1,40,0,7000000,0,1500000,7000000,1500000,2,3
7560000,0,7560000,0.01,6,1,6.0,7638000.0,1261000,0,43,0,7000000,0,1000000,25000000,3000000,2,5
3900000,257400,4157400,0.01,3,1,3.0,4200000.0,1386000,0,49,4,4000000,0,1000000,60000000,8000000,2,5
5598000,369468,5967468,0.01,6,1,5.0,6090000.0,995000,1,35,3,8000000,0,1000000,14000000,6000000,2,3
3490000,174500,3664500,45.0,6,1,6.0,4236000.0,694000,0,40,2,6000000,0,500000,20000000,3000000,2,3
5310000,350460,5660460,0.01,6,1,6.0,5733000.0,944000,1,29,2,10000000,0,2000000,17000000,4000000,2,3
5350000,353100,5703100,0.01,6,1,6.0,5778000.0,951000,1,28,0,8000000,0,800000,15000000,2000000,2,3
4990000,249500,5239500,45.0,6,1,6.0,6020000.0,992000,1,37,2,15000000,0,2000000,31000000,6000000,2,2
25000000,1250000,26250000,35.0,15,1,11.0,32919000.0,2186000,1,22,0,6500000,0,1300000,18000000,4500000,4,0
2982000,196812,3178812,0.01,6,1,6.0,3252000.0,530000,0,21,0,3000000,0,1000000,19000000,5000000,4,3
3740000,187000,3927000,65.0,6,1,5.0,4796000.0,785000,0,34,2,4500000,0,1000000,12000000,4000000,2,2
4790000,239500,5029500,45.0,6,1,6.0,5786000.0,952000,0,22,0,7000000,0,1200000,12000000,5000000,2,3
25000000,1375000,26375000,59.99,24,1,12.0,23087000.0,1911265,0,49,0,10000000,0,24000000,40000000,6000000,2,2
25000000,0,25000000,59.99,12,1,12.0,33908521.0,2820503,1,35,0,10000000,0,24000000,28000000,5000000,2,2
35000000,1925000,36925000,37.0,36,1,11.0,20869000.0,1712401,1,25,0,6746000,0,10800000,40000000,4500000,4,3
20000000,1100000,21100000,33.5,24,0,1.0,2461000.0,1218107,0,54,0,5000000,0,18000000,30000000,4000000,2,3
10000000,550000,10550000,44.5,24,0,11.0,7506000.0,671434,0,26,0,7000000,0,12000000,17000000,2000000,2,4
2630000,131500,2761500,65.0,6,0,4.0,2256000.0,552000,0,24,0,4000000,0,800000,20000000,2800000,4,1
2632000,173712,2805712,0.01,6,1,2.0,2947000.0,468000,0,24,0,7000000,0,1000000,28000000,4000000,2,4
6840000,451440,7291440,0.01,6,1,6.0,7344000.0,1216000,1,41,1,6000000,0,1000000,10000000,3000000,2,1
8043000,530838,8573838,0.01,6,1,6.0,8647000.0,1430000,1,49,0,15000000,0,2000000,40000000,8000000,2,5
4893000,322938,5215938,0.01,6,1,6.0,5292000.0,870000,1,52,0,5000000,0,1000000,17000000,4500000,2,5
4893000,322938,5215938,0.01,6,1,6.0,5290000.0,870000,0,24,0,5500000,0,800000,18000000,3000000,4,3
2000000,100000,2100000,45.0,6,1,6.0,2460000.0,398000,0,36,0,7000000,0,800000,20000000,3000000,3,5
5850000,292500,6142500,45.0,6,1,6.0,7073000.0,1163000,1,38,0,10000000,0,2000000,16000000,5000000,2,5
6291000,0,6291000,19.6,10,1,10.0,6978000.0,687000,1,29,0,6000000,0,600000,6000000,600000,0,5
6291000,415206,6706206,19.6,10,1,10.0,7450000.0,733000,1,47,3,6000000,0,900000,20000000,2700000,2,1
6293000,415338,6708338,0.01,6,1,6.0,6775000.0,1119000,1,37,0,10000000,0,1000000,15000000,3000000,4,5
5950000,297500,6247500,85.0,6,1,7.0,7996895.0,1315000,1,30,0,9000000,0,1000000,10000000,2300000,3,1
6890000,344500,7234500,65.0,6,1,6.0,8869328.0,1445000,1,22,0,7000000,0,1000000,20000000,3500000,4,3
25750000,1287500,27037500,45.0,12,1,12.0,34224000.0,2840000,0,20,0,9000000,0,600000,42000000,4200000,4,3
2390000,119500,2509500,45.0,6,1,6.0,2922000.0,475000,1,37,0,6000000,0,1000000,18000000,4000000,2,5
14880000,982080,15862080,0.01,6,0,4.0,7968000.0,2644000,0,32,0,15000000,0,1500000,29000000,5500000,2,0
4600000,0,4600000,48.2,6,1,6.0,5340000.0,878000,0,23,0,5800000,0,800000,25000000,6500000,4,5
5280000,0,5280000,45.0,6,1,6.0,6098000.0,1000000,0,30,2,7000000,0,1000000,17000000,5000000,2,3
8900000,587400,9487400,0.01,6,1,6.0,9552000.0,1582000,1,40,0,6000000,0,600000,12000000,2500000,0,3
10000000,0,10000000,0.01,12,1,10.0,10234000.0,834000,0,24,0,9000000,0,900000,25000000,3000000,4,3
6000000,300000,6300000,65.0,6,1,6.0,7620000.0,1258000,1,31,0,7000000,0,1000000,17000000,3000000,4,5
9174000,605484,9779484,0.01,6,1,6.0,9852000.0,1630000,1,38,2,10000000,0,1000000,16000000,4000000,2,3
2880000,190080,3070080,0.01,3,1,3.0,3108000.0,1024000,1,32,1,6000000,0,1000000,14000000,3000000,2,1
4893000,322938,5215938,0.01,6,1,6.0,5289000.0,870000,0,33,0,6500000,0,1100000,20000000,4000000,2,3
3990000,199500,4189500,35.0,9,1,9.0,4932000.0,536000,0,39,1,6000000,0,800000,15000000,3000000,2,3
4893000,322938,5215938,0.01,6,1,1.0,5292000.0,870000,1,25,0,5000000,0,1000000,20000000,2000000,4,2
3590000,179500,3769500,35.0,9,1,9.0,4480000.0,483000,1,29,0,8000000,0,1000000,35000000,4000000,3,3
34000000,1700000,35700000,45.0,15,1,3.0,41438000.0,3156000,1,43,2,10000000,0,1500000,18000000,5000000,2,1
22400000,1120000,23520000,35.0,12,0,1.0,25417000.0,2352000,0,47,0,10000000,0,1000000,25000000,5000000,2,3
4390000,219500,4609500,45.0,6,1,6.0,5305000.0,873000,1,38,0,9000000,0,4000000,18000000,8000000,4,0
3500000,175000,3675000,65.0,6,1,6.0,4496000.0,734000,0,47,1,6500000,0,1000000,18000000,4000000,2,1
3703000,244398,3947398,0.01,6,1,6.0,4020000.0,658000,0,26,0,6000000,0,1000000,20000000,4000000,2,3
6990000,349500,7339500,45.0,6,0,4.0,5604000.0,1389000,1,36,1,7000000,0,1000000,13000000,5000000,2,3
3240000,162000,3402000,45.0,6,1,6.0,3936000.0,644000,1,44,1,15000000,0,3000000,30000000,10000000,2,3
8393000,553938,8946938,0.01,6,1,6.0,9020000.0,1492000,1,34,0,9000000,0,1000000,18000000,3000000,2,3
9790000,646140,10436140,0.01,6,1,6.0,10509000.0,1740000,1,31,2,6000000,0,1000000,10000000,4000000,2,3
14391000,949806,15340806,0.01,6,1,6.0,15414000.0,2557000,0,45,1,8000000,0,1500000,19000000,4000000,2,5
8800000,580800,9380800,0.01,6,1,6.0,9456000.0,1564000,0,26,0,7000000,0,500000,10000000,2000000,1,3
4040000,202000,4242000,35.0,12,1,12.0,5244000.0,425000,0,35,0,6000000,0,800000,12000000,2400000,2,3
21100000,1160500,22260500,45.0,12,1,14.0,28200000.0,2338000,1,32,0,6700000,0,800000,15400000,5000000,2,5
2390000,119500,2509500,45.0,6,1,7.0,2959000.0,475000,1,34,2,7000000,0,900000,13000000,3600000,0,5
5990000,395340,6385340,21.0,9,1,9.0,7065000.0,773000,1,22,0,7000000,0,800000,7000000,1500000,4,3
10440000,689040,11129040,0.01,6,1,6.0,11202000.0,1855000,1,28,0,10000000,0,800000,16000000,2400000,2,2
38945000,0,38945000,21.46,12,1,12.0,43763000.0,3635000,0,45,2,13500000,0,2100000,35000000,5500000,2,3
4690000,234500,4924500,65.0,6,1,6.0,5976000.0,984000,1,29,0,15000000,0,1500000,25000000,5500000,2,2
3843000,192150,4035150,45.0,6,1,6.0,4656000.0,764000,0,58,0,6000000,0,1000000,20000000,4000000,2,5
2630000,131500,2761500,65.0,6,1,6.0,3380000.0,552000,0,21,0,5000000,0,1000000,23000000,4000000,4,3
2994000,197604,3191604,0.01,4,1,4.0,3240000.0,798000,1,25,1,7000000,0,700000,14000000,3000000,2,5
4193000,276738,4469738,0.01,6,1,6.0,4531000.0,745000,1,34,1,7000000,0,1000000,13000000,3000000,2,2
7820000,391000,8211000,35.0,12,1,12.0,10110000.0,821000,1,37,0,7000000,0,1000000,15000000,5000000,2,5
4221000,278586,4499586,17.7,10,1,10.0,5000000.0,488000,0,20,0,4500000,0,400000,18000000,3500000,4,2
3490000,174500,3664500,65.0,12,1,12.0,5232000.0,424000,0,23,0,7000000,0,1000000,20000000,7000000,4,2
4190000,209500,4399500,35.0,12,0,2.0,904000.0,440000,1,47,2,15000000,0,5000000,31000000,10000000,2,3
2500000,125000,2625000,65.0,6,1,6.0,3222000.0,525000,1,26,0,7000000,0,1000000,7000000,1000000,4,5
3843000,253638,4096638,0.01,6,1,6.0,4170000.0,683000,0,22,0,8000000,0,800000,14000000,2000000,2,3
5590000,279500,5869500,65.0,12,1,12.0,8280000.0,678000,1,23,0,7000000,0,1000000,17000000,6000000,4,3
10500000,693000,11193000,0.01,6,1,6.0,11268000.0,1866000,0,30,2,15000000,0,800000,30000000,5200000,2,5
2890000,144500,3034500,45.0,6,1,6.0,3519000.0,575000,0,28,3,6000000,0,600000,15000000,3700000,2,2
5192000,342672,5534672,0.01,6,1,6.0,5607000.0,923000,1,38,2,7000000,0,800000,15000000,2000000,2,3
4490000,296340,4786340,0.01,9,1,4.0,4994000.0,532000,1,26,1,9000000,0,1000000,25000000,5000000,2,5
3190000,159500,3349500,35.0,9,1,9.0,3969000.0,429000,0,38,2,5000000,0,1000000,20000000,4000000,2,5
5195000,342870,5537870,0.01,6,1,6.0,5616000.0,924000,1,34,0,20000000,0,1000000,35000000,4000000,2,2
4893000,244650,5137650,65.0,6,1,6.0,6263000.0,1026000,1,25,0,5000000,0,800000,25000000,4000000,4,5
4543000,299838,4842838,0.01,6,1,6.0,4920000.0,808000,1,40,2,10000000,0,1000000,20000000,4000000,2,5
4080000,0,4080000,35.0,9,1,9.0,4840000.0,522000,0,25,1,7000000,0,1000000,17000000,3500000,2,2
3995000,263670,4258670,0.01,6,1,3.0,4332000.0,710000,1,40,0,7000000,0,1500000,6000000,3000000,0,5
5390000,355740,5745740,0.01,6,1,6.0,5820000.0,958000,0,38,0,9000000,0,1000000,22000000,5000000,2,2
5490000,274500,5764500,45.0,6,1,6.0,6618000.0,1091000,1,44,0,6000000,0,1000000,20000000,3000000,2,5
4600000,0,4600000,48.2,6,1,6.0,5340000.0,878000,1,26,0,5500000,0,2000000,5500000,2000000,4,3
4893000,322938,5215938,0.01,6,1,6.0,5280000.0,870000,0,27,0,5000000,0,700000,12000000,3200000,2,3
9443000,623238,10066238,0.01,6,1,6.0,10140000.0,1678000,0,22,0,6500000,0,1000000,12000000,2500000,2,0
27000000,0,27000000,35.0,12,0,5.0,31405000.0,2700000,1,24,0,10000000,0,1500000,30000000,7000000,4,2
2590000,170940,2760940,0.01,6,1,5.0,2838000.0,461000,0,25,0,5000000,0,500000,15000000,2500000,2,7
2653000,175098,2828098,0.01,6,1,6.0,2904000.0,472000,0,31,0,6000000,0,1000000,30000000,5000000,2,5
9171000,605286,9776286,0.01,6,1,3.0,9852000.0,1630000,0,29,1,4000000,0,400000,16000000,3000000,2,2
5810000,290500,6100500,65.0,6,1,6.0,7380000.0,1218000,0,33,0,10000000,0,3000000,10000000,3000000,4,5
4940000,247000,5187000,35.0,9,0,5.0,3380000.0,664000,1,45,0,15000000,0,1000000,20000000,5000000,0,3
3190000,159500,3349500,35.0,9,1,9.0,3969000.0,429000,0,33,0,8000000,0,1000000,15000000,4000000,2,5
5593000,0,5593000,0.01,6,1,6.0,5665163.0,933000,1,44,2,8000000,0,1000000,23000000,4000000,0,0
20000000,1100000,21100000,45.0,12,1,11.0,26736000.0,2216000,1,29,0,11252000,0,800000,42500000,4100000,4,5
2373000,156618,2529618,0.01,4,1,4.0,2580000.0,633000,0,30,0,4000000,0,800000,4000000,800000,0,7
4893000,322938,5215938,0.01,6,1,6.0,5292000.0,870000,1,25,0,6000000,0,800000,6000000,800000,0,3
19500000,0,19500000,50.0,12,0,7.0,14770000.0,2098000,0,41,0,10000000,0,1000000,30000000,5000000,2,3
2982000,196812,3178812,0.01,6,1,6.0,3252000.0,530000,0,24,0,5000000,0,800000,13000000,2500000,2,1
2373000,156618,2529618,0.01,4,1,4.0,2580000.0,633000,1,26,0,8000000,0,1000000,25000000,8000000,4,5
2214000,146124,2360124,0.01,4,1,3.0,2414000.0,591000,1,37,0,6000000,0,500000,12000000,2500000,0,3
6291000,415206,6706206,19.6,10,0,7.0,5215000.0,733000,0,31,2,8000000,0,1500000,15000000,3500000,0,3
3800000,190000,3990000,65.0,6,1,6.0,4782000.0,797000,1,48,0,6000000,0,800000,18000000,3000000,2,3
4221000,278586,4499586,17.7,10,1,10.0,5012000.0,488000,0,26,0,3000000,0,1000000,12000000,3000000,2,5
5990000,299500,6289500,35.0,9,1,11.0,7450000.0,805000,1,34,0,7000000,0,500000,15000000,3000000,2,0
32800000,0,32800000,0.0,12,0,9.0,39157000.0,3288000,1,25,0,20000000,0,1500000,28000000,8000000,2,3
4000000,264000,4264000,0.01,6,1,6.0,4338000.0,711000,0,41,0,5000000,0,1000000,12000000,4000000,2,2
4221000,0,4221000,17.7,10,1,10.0,4700000.0,458000,1,48,0,4500000,0,500000,4500000,500000,0,2
3843000,253638,4096638,0.01,6,1,2.0,4170000.0,683000,1,29,0,7000000,0,1200000,15000000,4200000,2,3
17000000,850000,17850000,35.0,12,1,12.0,21629000.0,1785000,1,24,1,6000000,0,1000000,20000000,3000000,2,3
4300000,215000,4515000,65.0,10,1,10.0,6072909.0,597000,0,25,0,10000000,0,3000000,25000000,5500000,2,5
2982000,196812,3178812,0.01,6,1,6.0,3252000.0,530000,1,51,0,5000000,0,900000,45000000,3000000,2,2
2000000,100000,2100000,45.0,6,1,5.0,2460000.0,398000,0,20,0,6000000,0,1000000,12000000,2000000,4,3
4840000,242000,5082000,35.0,12,1,12.0,6259000.0,509000,0,24,1,5000000,0,1000000,9000000,3000000,2,5
4893000,322938,5215938,0.01,6,1,6.0,5292000.0,870000,1,28,0,8000000,0,1500000,20000000,4000000,4,5
4893000,244650,5137650,35.0,9,1,9.0,6030000.0,658000,0,21,0,5000000,0,800000,15000000,3000000,4,3
5000000,250000,5250000,65.0,6,1,6.0,6354000.0,1049000,0,45,0,8000000,0,800000,30000000,4000000,2,1
2793000,184338,2977338,0.01,4,1,4.0,3028000.0,745000,0,21,0,5000000,0,700000,25000000,5000000,4,7
6500000,0,6500000,68.0,6,0,1.0,7206000.0,1309000,1,54,4,8000000,0,1000000,20000000,3000000,0,5
10000000,500000,10500000,35.0,9,1,9.0,12204000.0,1344000,0,40,0,10000000,0,2000000,20000000,8000000,2,5
4490000,224500,4714500,45.0,10,0,4.0,3522000.0,575000,1,30,0,7000000,0,1400000,14000000,4500000,0,3
27000000,1485000,28485000,45.0,15,1,12.0,30348000.0,2518000,1,38,0,7000000,0,1500000,19000000,2000000,0,3
6293000,415338,6708338,0.01,6,1,2.0,7012000.0,1119000,0,32,1,15000000,0,5000000,15000000,5000000,2,5
2093000,104650,2197650,45.0,6,1,6.0,2567000.0,416000,1,48,1,10000000,0,2000000,20000000,6000000,2,5
7190000,0,7190000,65.0,6,1,6.0,8684474.0,1436000,1,32,1,10000000,0,3000000,30000000,6000000,2,4
3590000,236940,3826940,0.01,6,0,1.0,650000.0,638000,0,22,0,7000000,0,2000000,15000000,5000000,1,3
2982000,196812,3178812,0.01,6,1,6.0,3252000.0,530000,1,23,0,4000000,0,500000,4000000,500000,4,3
15000000,0,15000000,0.01,9,1,9.0,15099000.0,1667000,1,34,0,15000000,0,1000000,30000000,6000000,4,2
2000000,100000,2100000,45.0,6,1,6.0,2460000.0,398000,1,36,0,7000000,0,500000,16000000,2000000,2,3
3890000,194500,4084500,85.0,6,1,6.0,5232000.0,860000,1,21,0,7500000,0,500000,7500000,1000000,4,5
26200000,1729200,27929200,0.0,12,1,12.0,33743000.0,2800000,1,25,0,7000000,0,700000,20000000,3200000,4,0
2690000,134500,2824500,65.0,9,0,2.0,834000.0,405000,0,32,0,6000000,0,1000000,12000000,3000000,2,5
3992000,199600,4191600,65.0,6,1,6.0,5094000.0,837000,1,51,2,8000000,0,3000000,13000000,4000000,0,5
7600000,380000,7980000,55.0,12,1,12.0,10682000.0,880000,1,41,0,5000000,0,1000000,15000000,4000000,2,2
2790000,139500,2929500,45.0,6,1,6.0,3398000.0,555000,0,29,0,5000000,0,1000000,11000000,4000000,0,3
15500000,852500,16352500,45.0,12,1,12.0,20831000.0,1718000,0,29,0,6000000,0,800000,25000000,2500000,0,5
4893000,322938,5215938,0.01,6,1,6.0,5292000.0,870000,1,20,0,7000000,0,1200000,20000000,4000000,4,3
13200000,726000,13926000,45.0,6,1,6.0,15882000.0,2635000,1,24,0,7000000,0,1000000,30000000,5000000,4,2
16000000,880000,16880000,45.0,8,1,8.0,19952000.0,2482000,1,30,2,6900000,0,1000000,12000000,3500000,2,3
3780000,189000,3969000,65.0,9,1,9.0,5229000.0,569000,1,35,0,5000000,0,800000,18000000,2000000,2,3
7990000,527340,8517340,0.01,9,1,9.0,8620000.0,947000,0,20,2,10000000,0,1000000,20000000,4500000,2,2
5592000,279600,5871600,65.0,6,1,7.0,7215000.0,1173000,1,22,0,8000000,0,1000000,20000000,3500000,4,5
3190000,210540,3400540,0.01,4,1,4.0,3452000.0,851000,0,44,0,8000000,0,1000000,16000000,4000000,2,5
2152000,107600,2259600,65.0,6,1,6.0,2779000.0,452000,1,35,1,5000000,0,1000000,10000000,3000000,2,5
4893000,322938,5215938,0.01,6,1,5.0,5292000.0,870000,0,32,1,7000000,0,1500000,14000000,5000000,2,5
6950000,347500,7297500,65.0,9,1,9.0,9519992.0,1046000,1,31,0,10000000,0,2000000,10000000,2000000,4,3
3184000,210144,3394144,0.01,3,1,3.0,3432000.0,1132000,1,47,0,10000000,0,1500000,15000000,6000000,2,3
2690000,134500,2824500,45.0,9,1,9.0,3521261.0,376000,0,25,0,5000000,0,1000000,10000000,5000000,2,5
17500000,1155000,18655000,21.46,12,1,12.0,21037000.0,1742000,0,32,0,7000000,0,1000000,20000000,3000000,2,5
6291000,415206,6706206,19.6,10,1,10.0,7450000.0,733000,0,24,0,8000000,0,1000000,16000000,2000000,1,5
3913000,258258,4171258,0.01,6,1,6.0,4248000.0,696000,1,23,0,4000000,0,1000000,20000000,4000000,4,3
6750000,337500,7087500,45.0,6,1,6.0,8118000.0,1342000,1,27,0,5000000,0,1000000,10000000,4000000,2,3
3290000,164500,3454500,65.0,9,1,9.0,4562000.0,496000,1,21,0,8000000,0,1000000,45000000,7000000,4,3
4000000,0,4000000,65.0,9,1,7.0,5253000.0,574000,1,46,1,4000000,2000000,800000,11000000,2000000,0,2
9000000,450000,9450000,45.0,12,1,12.0,12069000.0,993000,0,34,2,5000000,0,5000000,20000000,4000000,2,5
5810000,290500,6100500,35.0,9,1,6.0,7137000.0,781000,0,56,0,2200000,0,300000,4000000,1500000,2,3
7199000,359950,7558950,65.0,12,1,12.0,10662000.0,873000,0,22,0,8000000,0,1200000,20000000,5000000,4,5
3995000,263670,4258670,0.01,6,1,6.0,4332000.0,710000,1,37,2,8000000,0,800000,20000000,3000000,2,3
4893000,322938,5215938,0.01,6,1,6.0,5280000.0,870000,0,22,0,3500000,0,1500000,13500000,7000000,4,3
16000000,800000,16800000,45.0,18,1,13.0,23298000.0,1301000,1,20,0,7000000,0,700000,20000000,3000000,4,5
3162000,158100,3320100,45.0,6,1,6.0,3846000.0,629000,1,30,1,8000000,0,1500000,30000000,4000000,2,3
43000000,0,43000000,0.01,24,0,9.0,18040000.0,1792000,0,38,0,40000000,0,2000000,60000000,12000000,2,0
10000000,550000,10550000,45.0,6,1,6.0,12042000.0,1997000,1,28,0,9000000,0,1400000,15000000,3200000,2,2
9093000,0,9093000,0.01,6,1,6.0,9168000.0,1516000,0,21,0,9000000,0,1500000,22000000,12000000,4,3
2994000,197604,3191604,0.01,4,1,4.0,3240000.0,798000,1,23,0,7000000,0,500000,30000000,2500000,2,3
3000000,150000,3150000,35.0,9,1,6.0,3770000.0,403000,1,28,0,5000000,0,800000,25000000,2400000,4,3
4000000,264000,4264000,0.01,6,1,6.0,4326000.0,711000,0,38,2,5000000,0,1000000,13000000,4000000,2,5
5940000,0,5940000,0.01,6,1,6.0,6018000.0,991000,0,38,0,7000000,0,1500000,22000000,3100000,2,1
4400000,290400,4690400,0.01,6,1,6.0,4764000.0,782000,1,29,2,15000000,0,800000,20000000,3000000,2,5
2982000,196812,3178812,0.01,6,1,6.0,3252000.0,530000,1,42,1,15000000,0,1000000,22000000,2000000,2,2
15250000,762500,16012500,50.0,9,1,9.0,19906033.0,2170000,0,22,0,9000000,0,900000,42000000,15000000,4,0
2982000,196812,3178812,0.01,6,1,6.0,3251000.0,530000,1,31,0,8000000,0,1000000,15000000,4000000,4,3
7490000,494340,7984340,10.21,6,1,6.0,8298000.0,1371000,1,27,2,6000000,0,1000000,12000000,4000000,2,3
8190000,409500,8599500,35.0,9,1,9.0,10008689.0,1101000,1,29,0,10000000,0,1300000,17000000,4000000,2,2
3700000,185000,3885000,45.0,6,1,6.0,4488000.0,736000,0,24,3,5000000,0,1200000,15000000,5500000,2,3
5490000,274500,5764500,85.0,6,1,6.0,7350000.0,1213000,0,35,2,7000000,0,1000000,20000000,3000000,2,5
20000000,0,20000000,68.0,12,1,12.0,28870000.0,2343000,1,48,0,10000000,0,1000000,18000000,3500000,2,5
9990000,499500,10489500,35.0,9,1,6.0,12186000.0,1342000,1,38,0,9000000,0,1000000,30000000,10000000,2,3
3843000,253638,4096638,0.01,6,1,6.0,4170000.0,683000,1,43,2,8000000,0,1600000,18000000,5500000,2,3
6690000,334500,7024500,45.0,6,1,6.0,8068000.0,1330000,0,30,1,5000000,0,1000000,5000000,2000000,1,3
2000000,100000,2100000,45.0,6,1,6.0,2448000.0,398000,0,27,0,7000000,0,1500000,15000000,6000000,2,2
4893000,322938,5215938,0.01,6,1,6.0,5292000.0,870000,1,26,0,6000000,0,1000000,11000000,3000000,2,5
3354000,221364,3575364,0.01,6,1,6.0,3648000.0,596000,1,25,0,4000000,0,900000,10000000,3000000,2,3
2793000,184338,2977338,0.01,4,1,4.0,3028000.0,745000,0,37,2,6000000,0,1200000,20000000,4000000,2,5
4893000,322938,5215938,0.01,6,1,4.0,5289000.0,870000,1,36,0,12000000,0,1000000,20000000,3500000,2,3
3990000,199500,4189500,65.0,6,1,6.0,5094000.0,837000,0,29,0,6000000,0,670000,24000000,5280000,4,3
2000000,100000,2100000,65.0,6,1,6.0,2592000.0,420000,1,29,0,15000000,0,3000000,25000000,8000000,4,3
4390000,289740,4679740,10.21,6,0,9.0,4596000.0,804000,0,43,0,4500000,0,600000,11000000,1800000,0,3
3290000,164500,3454500,45.0,12,1,12.0,4485000.0,363000,1,31,0,4600000,0,700000,6000000,1500000,2,3
15050000,752500,15802500,45.0,12,1,12.0,20064000.0,1660000,0,28,0,7000000,0,1000000,18000000,3000000,4,5
5900000,295000,6195000,45.0,6,1,6.0,7110000.0,1173000,1,21,0,6000000,0,600000,12000000,2000000,4,3
4600000,0,4600000,48.2,6,0,5.0,4450000.0,878000,1,30,0,6000000,0,800000,13000000,2500000,2,0
5000000,250000,5250000,85.0,6,0,3.0,6429000.0,1105000,0,33,0,6500000,0,1300000,20000000,6500000,2,5
19200000,1056000,20256000,45.0,12,0,6.0,12840000.0,2128000,0,29,0,8000000,0,1000000,15000000,3000000,3,3
4123000,272118,4395118,0.01,6,1,5.0,4475000.0,733000,1,22,0,7500000,0,650000,22000000,3200000,4,3
2000000,100000,2100000,65.0,6,1,6.0,2621000.0,420000,0,45,0,7000000,0,700000,16000000,5500000,2,0
5000000,250000,5250000,60.0,6,1,6.0,6355000.0,1035000,1,23,0,8000000,0,900000,25000000,4000000,2,5
5990000,299500,6289500,35.0,12,1,12.0,7689000.0,629000,0,27,0,8000000,0,900000,25000000,3500000,4,2
5100000,255000,5355000,65.0,6,1,6.0,6492000.0,1070000,1,28,1,8000000,0,1000000,25000000,4000000,2,2
3591000,237006,3828006,0.01,6,1,6.0,3834000.0,639000,0,46,0,6000000,0,1000000,20000000,4000000,0,3
10000000,0,10000000,45.0,6,1,7.0,11585000.0,1893000,1,28,1,8000000,0,1500000,15000000,4500000,2,3
5590000,279500,5869500,35.0,9,1,9.0,6867000.0,751000,1,33,0,6000000,0,2000000,6000000,4000000,4,5
5593000,369138,5962138,0.01,4,1,4.0,6030000.0,1491000,0,23,0,9000000,0,2000000,15000000,5000000,0,3
2290000,114500,2404500,45.0,6,1,6.0,2802000.0,455000,0,38,0,5000000,0,1000000,10000000,3000000,1,3
3100000,155000,3255000,45.0,9,1,9.0,4005000.0,433000,0,29,1,6500000,0,500000,8000000,2000000,1,5
5752000,379632,6131632,0.01,6,1,6.0,6204000.0,1022000,0,39,0,5000000,0,600000,17000000,3000000,2,5
5033000,251650,5284650,65.0,6,1,6.0,6490000.0,1056000,1,40,1,7500000,0,1000000,20000000,4000000,2,5
43000000,2150000,45150000,35.0,12,1,12.0,54905000.0,4514000,1,30,0,15000000,0,1000000,19000000,3000000,2,3
4490000,224500,4714500,35.0,9,1,8.0,5613000.0,604000,1,21,0,6000000,0,800000,20000000,4500000,4,3
6090000,401940,6491940,0.01,6,0,3.0,3285000.0,1083000,0,30,0,10000000,0,1000000,20000000,3000000,2,1
21600000,1425600,23025600,0.0,12,0,4.0,9280000.0,2308000,0,25,0,15000000,0,1700000,40000000,4000000,2,3
5590000,279500,5869500,45.0,6,1,6.0,6739000.0,1111000,1,21,0,7000000,0,1200000,20000000,4000000,4,2
9000000,450000,9450000,50.0,9,1,10.0,11687000.0,1281000,0,45,0,10000000,0,1000000,20000000,2000000,0,5
6160000,406560,6566560,0.01,6,1,6.0,6642000.0,1095000,0,39,0,10000000,0,2000000,30000000,6000000,2,3
4193000,276738,4469738,0.01,4,1,4.0,4520000.0,1118000,1,34,0,8000000,0,1000000,14000000,3500000,2,3
2690000,134500,2824500,65.0,6,1,6.0,3468250.0,564000,1,29,0,5000000,0,800000,17000000,3200000,2,3
12180000,669900,12849900,45.0,9,1,9.0,15489000.0,1709000,0,21,0,8000000,0,1500000,30000000,6000000,4,3
5400000,270000,5670000,65.0,6,1,6.0,6870000.0,1133000,0,25,0,6000000,0,1000000,15000000,4000000,2,2
7500000,375000,7875000,55.0,12,1,12.0,10557000.0,868000,0,29,2,6000000,0,1000000,16000000,4000000,2,5
16000000,800000,16800000,68.0,12,1,12.0,23760000.0,1968000,1,31,0,6500000,0,900000,17000000,3500000,2,3
25780000,0,25780000,45.0,12,1,8.0,32710000.0,2708000,0,34,0,8000000,0,1000000,16000000,3000000,0,7
4893000,322938,5215938,0.01,6,1,6.0,5280000.0,870000,0,20,0,7500000,0,900000,22000000,1500000,4,3
3032000,200112,3232112,0.01,4,1,4.0,3284000.0,809000,1,23,1,8000000,0,1500000,15000000,4000000,2,2
6810000,449460,7259460,0.01,6,1,6.0,7296000.0,1210000,0,29,0,5000000,0,1000000,17000000,3500000,4,5
4893000,322938,5215938,0.01,6,1,6.0,5230000.0,870000,1,43,0,7000000,0,1000000,20000000,4000000,2,7
6293000,415338,6708338,0.01,6,1,6.0,6781000.0,1119000,1,22,1,6000000,0,600000,12000000,2000000,2,3
4893000,322938,5215938,0.01,6,1,6.0,5288090.0,870000,1,35,2,10000000,0,1000000,15000000,3500000,2,3
8990000,593340,9583340,0.01,6,1,6.0,9656000.0,1598000,1,49,3,30000000,0,2000000,30000000,8000000,0,3
8490000,560340,9050340,0.01,6,1,6.0,9126000.0,1509000,1,24,0,7000000,0,600000,7000000,1200000,4,5
3192000,210672,3402672,0.01,6,1,6.0,3480000.0,568000,0,32,0,6000000,0,500000,20000000,3000000,2,3
7280000,480480,7760480,0.01,6,1,6.0,7821000.0,1294000,1,22,1,7000000,0,1800000,12000000,4000000,2,5
9540000,629640,10169640,0.01,6,1,6.0,10245000.0,1695000,1,39,0,10000000,0,1000000,16000000,3700000,2,2
7500000,495000,7995000,0.01,6,1,6.0,8070000.0,1333000,1,27,0,7000000,0,1500000,20000000,8000000,2,5
3290000,164500,3454500,85.0,6,1,6.0,4434000.0,727000,1,20,1,7000000,0,1000000,13000000,5000000,2,5
2000000,100000,2100000,45.0,6,1,6.0,2460000.0,398000,1,25,0,10000000,0,1000000,24000000,4000000,4,2
2982000,196812,3178812,0.01,6,1,6.0,3250905.0,530000,1,27,0,8000000,0,1000000,8000000,1000000,4,0
40000000,2200000,42200000,45.0,12,0,2.0,47250000.0,4432000,0,38,2,12000000,0,1200000,38000000,4000000,2,3
4194000,209700,4403700,45.0,6,0,2.0,4921000.0,834000,1,25,1,10000000,0,1500000,15000000,3500000,2,3
2990000,149500,3139500,45.0,9,1,9.0,3870000.0,418000,0,35,0,6000000,0,1500000,25000000,4000000,2,2
10390000,685740,11075740,0.01,6,1,6.0,11154000.0,1847000,1,44,4,12000000,0,1600000,24000000,6500000,2,3
8890000,586740,9476740,0.01,6,1,6.0,9550000.0,1580000,1,32,0,10000000,0,1000000,20000000,3000000,2,3
6000000,300000,6300000,65.0,6,1,6.0,7608000.0,1258000,1,30,2,10000000,0,1700000,17000000,4000000,2,3
15000000,750000,15750000,45.0,12,1,12.0,19992000.0,1654000,0,45,0,7000000,0,1000000,18000000,5000000,2,1
2000000,100000,2100000,45.0,6,1,6.0,2456000.0,398000,1,40,0,6000000,0,900000,13000000,3200000,2,3
6232000,411312,6643312,0.01,6,1,6.0,6720000.0,1108000,1,34,2,8300000,0,1000000,15000000,4000000,2,3
11200000,560000,11760000,80.0,18,1,2.0,13928000.0,1142000,1,23,0,6000000,0,1200000,15000000,6000000,0,5
2100000,105000,2205000,65.0,6,1,6.0,2718000.0,441000,1,38,0,9000000,0,2000000,9000000,2000000,1,5
2653000,175098,2828098,0.01,4,1,4.0,2877000.0,708000,1,33,0,9000000,0,2500000,15000000,7000000,2,7
1200000,60000,1260000,85.0,3,1,3.0,1479000.0,481000,0,41,0,5000000,0,1000000,40000000,5000000,2,3
4893000,322938,5215938,0.01,6,0,2.0,1764000.0,870000,1,36,0,9000000,0,1700000,28000000,4700000,4,5
3913000,258258,4171258,0.01,6,1,6.0,4248000.0,696000,1,35,0,8000000,0,800000,15000000,2500000,2,3
26943000,1347150,28290150,45.0,15,1,12.0,30144000.0,2501000,0,37,0,20000000,0,2000000,40000000,6500000,1,2
4221000,0,4221000,17.7,10,1,10.0,4690322.0,458000,0,43,2,5000000,0,800000,11000000,2100000,0,3
2980000,149000,3129000,45.0,6,1,4.0,3620000.0,593000,0,30,2,6000000,0,700000,14000000,3200000,2,7
3490000,174500,3664500,45.0,6,1,6.0,4232000.0,694000,1,29,2,10000000,0,1000000,20000000,3000000,2,3
4491000,296406,4787406,0.01,6,1,6.0,4860000.0,798000,1,26,0,8000000,0,2000000,30000000,10000000,4,0
44000000,2904000,46904000,0.0,12,0,1.0,49262000.0,4702000,1,23,0,10000000,0,700000,24000000,3500000,0,2
10000000,0,10000000,50.0,12,0,8.0,8704000.0,1076000,1,26,0,9500000,0,1000000,10000000,2000000,4,5
3913000,258258,4171258,0.01,6,1,2.0,4246000.0,696000,1,38,1,8000000,0,1200000,20000000,4000000,2,3
7790000,389500,8179500,35.0,12,1,12.0,9960000.0,818000,0,37,3,10000000,0,1200000,20000000,4000000,2,5
3990000,199500,4189500,35.0,9,1,7.0,4954000.0,536000,0,46,0,6000000,0,600000,20000000,2000000,0,5
9192000,459600,9651600,35.0,12,1,13.0,11850000.0,965000,0,45,1,8000000,0,1000000,30000000,2000000,1,3
4190000,209500,4399500,35.0,9,1,9.0,5174000.0,563000,0,40,0,5000000,0,600000,15000000,1000000,0,5
10000000,550000,10550000,45.0,6,0,2.0,11486000.0,1997000,0,52,0,8000000,0,800000,25000000,3500000,3,2
7345000,403975,7748975,27.5,9,1,9.0,9287000.0,963000,0,43,0,7000000,0,1000000,15000000,5000000,2,5
2090000,104500,2194500,65.0,6,1,6.0,2701000.0,439000,1,26,0,5000000,0,800000,20000000,3500000,2,3
25000000,0,25000000,45.0,12,1,12.0,31656000.0,2626000,0,23,1,10000000,0,1000000,30000000,4000000,2,3
3990000,199500,4189500,65.0,12,0,8.0,3968000.0,484000,0,35,4,6000000,0,900000,20000000,3000000,1,5
8099100,534541,8633641,0.01,6,1,3.0,8706000.0,1439000,1,25,0,7000000,0,900000,15000000,1800000,4,3
4990000,0,4990000,85.0,6,0,5.0,5310000.0,1050000,0,25,0,5000000,0,1000000,12000000,5000000,2,5
4890000,244500,5134500,45.0,6,1,6.0,5904000.0,972000,1,49,0,10000000,0,2500000,30000000,10000000,2,3
2000000,100000,2100000,45.0,6,1,6.0,2460000.0,398000,0,49,2,7000000,0,1500000,25000000,9000000,2,5
4990000,249500,5239500,65.0,6,1,3.0,6355000.0,1047000,0,35,0,6000000,0,400000,11000000,3000000,2,3
4893000,322938,5215938,0.01,6,1,6.0,5289900.0,870000,0,29,0,4500000,0,1500000,13000000,5000000,2,3
6990000,349500,7339500,35.0,9,1,9.0,8559000.0,939000,1,32,0,10000000,0,500000,15000000,1500000,2,3
7693000,507738,8200738,0.01,6,1,6.0,8274000.0,1367000,0,33,1,6000000,0,1000000,6000000,2000000,1,2
15000000,0,15000000,31.32,9,1,9.0,17133000.0,1892000,0,57,4,8000000,0,900000,17000000,7000000,0,7
3190000,210540,3400540,0.01,6,1,2.0,3462000.0,567000,0,25,0,4500000,0,1000000,12000000,3000000,2,2
4893000,322938,5215938,0.01,6,1,3.0,5286000.0,870000,1,23,0,6000000,0,800000,12000000,1500000,2,5
6990000,349500,7339500,35.0,9,1,9.0,8646000.0,939000,0,36,2,9000000,0,600000,20000000,3000000,2,5
6000000,300000,6300000,35.0,9,0,2.0,1636000.0,806000,0,25,0,6000000,0,1000000,12000000,4000000,2,3
11940000,788040,12728040,0.01,6,1,6.0,12801000.0,2122000,0,25,0,6000000,0,1000000,15000000,5000000,2,7
6490000,324500,6814500,65.0,6,1,6.0,8238000.0,1361000,1,23,0,15000000,0,1000000,30000000,4000000,4,5
3680000,184000,3864000,65.0,9,1,9.0,5094000.0,554000,0,43,2,7000000,0,1000000,24000000,4000000,2,5
20000000,1100000,21100000,45.0,24,0,6.0,8166000.0,1348689,1,38,0,7000000,0,12000000,12000000,3000000,2,5
20000000,1100000,21100000,44.5,24,1,4.0,25270736.0,1342868,1,41,0,10000000,0,28800000,15000000,6000000,1,3
10000000,550000,10550000,47.0,12,1,12.0,13737000.0,1118697,0,22,0,4300000,0,9600000,10000000,4000000,2,5
20000000,1100000,21100000,33.5,24,0,11.0,13531535.0,1218107,1,22,0,7000000,0,10800000,15000000,3000000,2,3
20000000,1100000,21100000,45.0,24,1,12.0,16328268.0,1348689,1,48,0,8000000,0,6000000,25000000,2000000,2,1
10000000,550000,10550000,44.5,18,1,12.0,9910000.0,813744,0,55,0,5000000,0,15600000,25000000,5200000,2,3
30000000,1650000,31650000,50.0,24,0,2.0,4234792.0,2111396,1,34,0,10000000,0,21600000,15000000,4000000,2,5
50000000,2750000,52750000,37.0,36,1,12.0,29377000.0,2446287,1,27,0,11623000,0,18000000,40000000,4500000,4,5
50000000,2750000,52750000,35.0,24,1,12.0,37186000.0,3086857,1,36,0,10000000,0,10800000,23000000,4000000,2,7
15000000,825000,15825000,44.5,18,1,12.0,14794000.0,1220616,1,22,0,6000000,0,6000000,17000000,6000000,4,3
20000000,1100000,21100000,59.99,15,1,12.0,24419708.0,2032708,0,40,0,9000000,0,18000000,25000000,5000000,2,5
20000000,1100000,21100000,35.0,24,1,12.0,14969229.0,1234743,1,31,0,5000000,0,12000000,20000000,5000000,2,4
15000000,825000,15825000,35.0,24,0,10.0,9390000.0,926057,0,50,0,4500000,0,8400000,7500000,1800000,2,1
15000000,825000,15825000,60.0,12,1,12.0,21133000.0,1785462,0,35,0,9000000,0,36000000,25000000,5000000,2,3
10000000,550000,10550000,44.5,12,1,9.0,13337000.0,1105184,0,29,0,8000000,0,12000000,20000000,6000000,1,3
20000000,1100000,21100000,35.0,24,0,4.0,4996000.0,1234743,0,37,0,7000000,0,18000000,25000000,5000000,2,3
30000000,1650000,31650000,47.0,24,1,12.0,24841900.0,2058150,1,41,0,20000000,0,36000000,28000000,9000000,2,4
30000000,1650000,31650000,45.0,24,1,12.0,24421000.0,2023033,0,25,0,8000000,0,12000000,20000000,6000000,2,3
20000000,1100000,21100000,59.99,18,0,8.0,12217908.0,1804908,0,31,0,9000000,0,18000000,25000000,5000000,2,3
25000000,1375000,26375000,35.0,24,1,13.0,18528400.0,1543429,1,49,0,12000000,0,12000000,40000000,6000000,2,1
40000000,2200000,42200000,44.5,24,0,1.0,30000000.0,2685736,1,24,0,18000000,0,36000000,40000000,8000000,4,3
30000000,1650000,31650000,35.0,24,0,2.0,3730000.0,1852114,1,44,0,10000000,0,12000000,40000000,4500000,2,5
25000000,1375000,26375000,45.0,24,1,12.0,20376000.0,1685861,0,41,0,5000000,0,7200000,12000000,4500000,2,5
10000000,550000,10550000,35.0,18,1,12.0,13764000.0,761683,1,24,0,5100000,0,9600000,19500000,4500000,4,3
20000000,1100000,21100000,35.0,24,0,3.0,3741000.0,1234743,1,37,0,6000000,0,12000000,8500000,2500000,2,5
20000000,1100000,21100000,44.5,12,1,12.0,26671000.0,2210368,0,29,0,15000000,0,12000000,25000000,4000000,2,3
30000000,1650000,31650000,44.5,24,0,-1.0,-1.0,2014302,0,39,0,20000000,0,36000000,30000000,6000000,2,3
20000000,1100000,21100000,33.5,24,0,11.0,13920331.0,1218107,1,48,0,5000000,0,12000000,20000000,5000000,2,3
30000000,1650000,31650000,45.0,24,0,4.0,8141000.0,2023033,1,45,0,10000000,0,18000000,10000000,1500000,2,3
15000000,825000,15825000,33.5,12,1,12.0,18897742.0,1570106,1,27,0,10000000,0,24000000,17000000,4000000,4,7
40000000,2200000,42200000,45.0,24,0,6.0,16258000.0,2697378,0,35,0,15000000,0,12000000,30000000,4000000,2,3
30000000,1650000,31650000,45.0,24,0,-1.0,-1.0,2023033,1,37,0,10000000,0,12000000,35000000,10000000,4,5
20000000,1100000,21100000,47.0,24,0,11.0,15212900.0,1372100,0,32,0,15000000,0,12000000,25000000,3000000,2,3
25000000,1375000,26375000,47.0,15,1,12.0,28441790.0,2358395,0,48,0,10000000,0,24000000,20000000,6000000,2,3
30000000,1650000,31650000,42.5,24,1,12.0,23900000.0,1979570,1,26,0,7000000,0,9600000,18000000,4000000,2,3
20000000,1100000,21100000,45.0,24,1,12.0,16328268.0,1348689,0,31,0,8000000,0,12000000,20000000,5000000,2,5
10000000,550000,10550000,45.0,24,1,3.0,11702000.0,674344,1,24,0,8000000,0,9600000,19000000,5000000,3,2
27000000,1485000,28485000,47.0,36,1,7.0,36876200.0,1489144,0,22,0,4500000,0,8400000,25000000,4500000,2,3
20000000,1100000,21100000,35.0,24,0,11.0,13700201.0,1234743,0,52,0,7000000,0,12000000,40000000,4000000,2,5
30000000,1650000,31650000,44.5,24,1,2.0,34360000.0,2014302,1,47,0,17000000,0,10800000,30000000,5000000,4,3
20000000,1100000,21100000,59.99,18,1,9.0,23506000.0,1804908,0,20,0,9000000,0,12000000,16000000,4000000,2,3
25000000,1375000,26375000,35.0,30,0,8.0,12120000.0,1331179,1,33,0,13000000,0,9600000,25000000,6000000,3,7
40000000,2200000,42200000,45.0,24,1,12.0,32520000.0,2697378,1,46,0,10000000,0,24000000,20000000,4000000,2,3
15000000,825000,15825000,35.0,12,1,11.0,19133226.0,1581914,1,54,0,5000000,0,36000000,12000000,5000000,2,3
15000000,825000,15825000,45.0,15,1,12.0,16927941.0,1398549,0,20,0,5000000,0,6000000,20000000,4000000,4,2
20000000,1100000,21100000,59.99,18,1,12.0,21802896.0,1804908,0,55,0,8000000,0,18000000,15000000,4000000,2,5
20000000,1100000,21100000,44.5,12,1,13.0,26601000.0,2210368,0,28,0,10000000,0,12000000,20000000,4000000,2,2
25000000,1375000,26375000,45.0,24,1,12.0,20362332.0,1685861,0,48,0,15000000,0,33600000,25000000,4800000,3,5
40000000,2200000,42200000,35.0,24,1,12.0,29776832.0,2469486,1,40,0,20000000,0,36000000,30000000,5000000,2,5
15000000,825000,15825000,47.0,12,1,12.0,20470000.0,1678045,0,42,0,5427000,0,6000000,11000000,2500000,2,3
30000000,1650000,31650000,35.0,24,1,12.0,22396912.0,1852114,1,26,0,15000000,0,12000000,30000000,5000000,2,5
20000000,1100000,21100000,44.5,18,1,12.0,19680000.0,1627488,1,45,0,10000000,0,18000000,40000000,8000000,2,5
15000000,825000,15825000,59.99,18,1,12.0,16423681.0,1353681,0,45,0,13000000,0,36000000,33000000,10000000,4,3
25000000,1375000,26375000,44.5,24,1,13.0,20288000.0,1678585,0,37,0,10000000,0,12000000,10000000,3000000,3,5
15000000,825000,15825000,44.5,12,0,8.0,15028000.0,1657776,1,51,0,8000000,0,12000000,15000000,3000000,2,3
18000000,990000,18990000,45.0,24,0,1.0,1225000.0,1213820,1,30,0,4848000,0,12000000,30000000,4000000,4,4
20000000,1100000,21100000,35.0,30,0,8.0,10064000.0,1064943,0,25,0,9000000,0,24000000,30000000,4000000,2,2
40000000,2200000,42200000,35.0,24,0,11.0,27269000.0,2469486,0,52,0,6000000,0,18000000,15000000,3700000,1,1
30000000,1650000,31650000,45.0,18,0,11.0,27080000.0,2449603,1,29,0,10000000,0,12000000,31000000,8000000,2,3
25000000,1375000,26375000,59.99,15,0,11.0,28068655.0,2540885,0,26,0,10000000,0,30000000,20000000,6000000,4,7
20000000,1100000,21100000,35.0,24,0,4.0,4991000.0,1234743,1,32,0,15000000,0,12000000,15000000,4000000,4,3
20000000,0,20000000,45.0,24,0,6.0,7741890.0,1278378,1,45,0,13000000,0,24000000,28000000,5000000,2,2
30000000,1650000,31650000,45.0,24,1,13.0,26455033.0,2023033,0,58,0,8000000,0,10800000,19000000,3000000,0,5
30000000,1650000,31650000,47.0,36,1,12.0,20250000.0,1654605,0,37,0,5200000,0,12000000,30000000,6000000,2,3
50000000,2750000,52750000,35.0,30,0,-1.0,-1.0,2662357,1,30,0,15000000,0,24000000,36000000,6000000,4,5
30000000,1650000,31650000,45.0,12,0,5.0,13343278.0,3323639,1,38,0,15000000,0,60000000,60000000,20000000,2,1
25000000,1375000,26375000,47.0,18,1,3.0,29162362.0,2069362,0,20,0,6000000,0,6000000,19000000,4000000,4,3
25000000,1375000,26375000,59.99,24,1,1.0,29025000.0,1911265,0,42,0,18000000,0,12000000,40000000,4000000,2,3
30000000,1650000,31650000,35.0,24,1,12.0,22370114.0,1852114,0,52,0,9000000,0,12000000,20000000,4000000,2,3
12000000,660000,12660000,59.99,13,0,9.0,12239662.0,1347662,1,52,0,6000000,0,12000000,20000000,10000000,2,3
40000000,2200000,42200000,44.5,24,0,-1.0,-1.0,2685736,1,41,0,10000000,0,36000000,35000000,9000000,2,3
50000000,0,50000000,37.0,18,1,12.0,44076000.0,3661096,0,31,0,10000000,0,48000000,22000000,8000000,2,3
10000000,550000,10550000,45.0,18,1,9.0,14167000.0,816534,1,48,0,4000000,0,9600000,20000000,3000000,2,3
10000000,550000,10550000,35.0,12,0,3.0,11796000.0,1054610,1,25,0,6700000,0,18000000,22000000,5500000,4,4
20000000,1100000,21100000,35.0,24,1,12.0,14973944.0,1234743,1,46,0,10000000,0,12000000,30000000,6000000,2,5
30000000,1650000,31650000,37.0,36,0,9.0,12220000.0,1467772,1,46,0,8000000,0,36000000,45000000,15000000,2,5
25000000,0,25000000,45.0,24,1,9.0,19319892.0,1597973,0,31,0,8000000,0,18000000,19000000,7000000,2,5
50000000,2750000,52750000,37.0,24,0,8.0,18827000.0,3142778,0,34,0,20000000,0,14400000,35000000,3500000,2,3
10000000,550000,10550000,35.0,12,0,2.0,2117000.0,1054610,0,27,0,6000000,0,12000000,24000000,4000000,1,5
10000000,550000,10550000,45.0,18,1,12.0,9863136.0,816534,1,46,0,10000000,0,9600000,15000000,2500000,2,5
30000000,1650000,31650000,35.0,30,0,10.0,16097000.0,1597414,0,30,0,10000000,0,24000000,30000000,4000000,2,2
30000000,1650000,31650000,35.0,30,1,5.0,37100000.0,1597414,0,30,0,20000000,0,36000000,30000000,8000000,2,2
20000000,0,20000000,47.0,12,1,12.0,25021000.0,2120752,1,27,0,8000000,0,21600000,19000000,6500000,2,4
30000000,1650000,31650000,33.5,30,0,-1.0,-1.0,1571579,1,43,0,7000000,0,4800000,17000000,3400000,2,5
20000000,1100000,21100000,37.0,24,0,3.0,3759000.0,1257111,0,32,0,10000000,0,18000000,30000000,5000000,2,3
20000000,1100000,21100000,47.0,18,0,10.0,16675490.0,1655490,1,22,0,6000000,0,9600000,20000000,4000000,4,5
15000000,825000,15825000,45.0,18,0,11.0,13606000.0,1224802,1,37,0,4000000,0,24000000,18000000,4000000,2,1
25000000,1375000,26375000,59.99,24,0,10.0,19239000.0,1911265,0,22,0,6000000,0,12000000,12000000,3000000,2,3
25000000,1375000,26375000,59.99,24,0,10.0,19230000.0,1911265,1,27,0,10000000,0,24000000,35000000,10000000,2,5
40000000,2200000,42200000,44.5,24,1,7.0,54050583.0,2685736,0,28,0,10000000,0,12000000,20000000,5000000,2,2
20000000,1100000,21100000,35.0,24,1,11.0,27591458.0,1234743,1,51,0,9000000,0,12000000,15000000,5000000,2,3
25000000,1375000,26375000,37.0,18,1,12.0,23318912.0,1931228,1,28,0,7274000,0,12000000,30000000,5000000,4,3
70000000,3850000,73850000,37.0,36,0,4.0,6873604.0,3424802,0,25,0,15000000,0,12000000,25000000,5000000,2,5
30000000,1650000,31650000,37.0,24,0,11.0,20863000.0,1885667,1,51,0,8000000,0,14400000,30000000,5400000,2,3
30000000,1650000,31650000,35.0,30,0,11.0,18568828.0,1597414,0,35,0,10000000,0,12000000,22000000,5000000,2,2
10000000,550000,10550000,45.0,12,0,4.0,4479520.0,1107880,1,46,0,6000000,0,10800000,50000000,12500000,2,2
10000000,550000,10550000,35.0,12,0,-1.0,-1.0,1054610,1,23,0,7000000,0,12000000,30000000,7000000,4,2
10000000,550000,10550000,44.5,12,1,12.0,13311368.0,1105184,1,23,0,8000000,0,9600000,30000000,6000000,4,3
20000000,1100000,21100000,45.0,24,1,12.0,16323756.0,1348689,0,28,0,5000000,0,12000000,10000000,2000000,2,1
40000000,2200000,42200000,35.0,30,1,2.0,43142000.0,2129886,1,44,0,8000000,0,6000000,15000000,3000000,1,2
20000000,1100000,21100000,35.0,18,1,12.0,18432000.0,1523365,0,35,0,5516000,0,8400000,13000000,3500000,1,3
30000000,1650000,31650000,45.0,24,1,12.0,24421000.0,2023033,1,36,0,10000000,0,24000000,18000000,5000000,2,3
30000000,1650000,31650000,47.0,25,1,12.0,24231730.0,2008173,0,34,0,5700000,0,12000000,18000000,5000000,2,5
15000000,825000,15825000,47.0,24,1,12.0,12504000.0,1029075,0,33,0,5000000,0,12000000,20000000,4000000,2,5
20000000,1100000,21100000,35.0,12,1,12.0,25318446.0,2109219,0,34,0,10000000,0,24000000,20000000,3000000,2,5
20000000,1100000,21100000,44.5,24,0,10.0,13519000.0,1342868,1,42,0,5000000,0,24000000,16000000,3000000,2,5
20000000,1100000,21100000,44.5,24,1,12.0,16259000.0,1342868,1,33,0,10000000,0,18000000,17000000,5000000,2,4
20000000,1100000,21100000,45.0,24,0,3.0,4083000.0,1348689,0,52,0,6000000,0,12000000,30000000,4000000,2,1
20000000,1100000,21100000,47.0,18,0,12.0,19219000.0,1655490,1,25,0,6000000,0,20400000,26600000,3500000,4,7
10000000,550000,10550000,33.5,12,0,6.0,6795000.0,1046737,0,37,0,18000000,0,12000000,30000000,5000000,2,4
35000000,1925000,36925000,47.0,36,1,13.0,25257372.0,1930372,0,43,0,7182000,0,12000000,30000000,4000000,0,4
30000000,1650000,31650000,42.5,24,1,12.0,23904000.0,1979570,1,35,0,15000000,0,10800000,25000000,4800000,2,3
40000000,2200000,42200000,47.0,36,1,12.0,26618420.0,2206140,1,41,0,11000000,0,12000000,20000000,4000000,2,3
50000000,2750000,52750000,33.5,30,0,11.0,28933000.0,2619299,0,37,0,30000000,0,12000000,50000000,15000000,2,4
15000000,825000,15825000,33.5,18,1,12.0,13713000.0,1130445,1,31,0,5000000,0,12000000,15000000,5000000,2,2
10000000,550000,10550000,33.5,12,1,12.0,12469000.0,1046737,1,26,0,7000000,0,12000000,10000000,4000000,2,5
25000000,1375000,26375000,59.99,24,1,12.0,23079855.0,1911265,0,48,0,10000000,0,18000000,28000000,6000000,2,3
30000000,1650000,31650000,45.0,24,0,11.0,22411000.0,2023033,0,29,0,9000000,0,18000000,20000000,5000000,2,3
25000000,1375000,26375000,59.99,24,1,7.0,34773000.0,1911265,0,31,0,17000000,0,12000000,29000000,4000000,2,4
30000000,1650000,31650000,44.5,24,0,6.0,12157510.0,2014302,1,26,0,20000000,0,36000000,50000000,6000000,4,4
25000000,0,25000000,59.99,24,0,8.0,14592000.0,1811626,0,24,0,10000000,0,18000000,18000000,4500000,2,5
30000000,1650000,31650000,44.5,24,0,11.0,22332000.0,2014302,1,30,0,5000000,0,12000000,30000000,5000000,4,2
12000000,660000,12660000,60.0,18,1,12.0,13115045.0,1083015,0,54,0,5000000,0,8400000,16000000,2300000,0,5
10000000,550000,10550000,44.5,20,1,12.0,9229371.0,756371,1,23,0,5000000,0,24000000,25000000,6000000,4,4
23000000,1265000,24265000,47.0,36,1,12.0,15367530.0,1268530,1,43,0,10000000,0,14400000,25000000,5000000,2,3
30000000,1650000,31650000,47.0,24,0,10.0,18679000.0,2058150,1,31,0,10000000,0,24000000,28000000,9500000,2,4
20000000,1100000,21100000,35.0,30,1,12.0,12776943.0,1064943,0,59,0,5000000,0,3600000,15000000,2000000,0,3
20000000,1100000,21100000,47.0,12,0,4.0,25460000.0,2237394,1,33,0,12000000,0,18000000,25000000,4000000,2,3
20000000,1100000,21100000,59.99,24,0,11.0,13046000.0,1529012,1,52,0,5000000,0,18000000,8000000,3000000,2,3
10000000,550000,10550000,44.5,18,1,12.0,9886000.0,813744,1,22,0,8000000,0,24000000,30000000,6000000,4,3
10000000,550000,10550000,59.99,12,1,12.0,14252000.0,1190252,0,25,0,8000000,0,24000000,17000000,5000000,2,3
40000000,2200000,42200000,47.0,30,1,12.0,29135000.0,2415798,1,20,0,9000000,0,6000000,15000000,3000000,4,3
30000000,1650000,31650000,45.0,24,1,12.0,24420000.0,2023033,0,54,0,15000000,0,12000000,25000000,5000000,2,5
40000000,2200000,42200000,35.0,30,0,1.0,2141000.0,2129886,0,33,0,10000000,0,20400000,10000000,2000000,1,0
12000000,660000,12660000,59.99,15,1,13.0,14780250.0,1219625,1,37,0,4000000,0,12000000,40000000,5000000,2,4
30000000,1650000,31650000,45.0,24,1,12.0,24409264.0,2023033,0,26,0,10000000,0,12000000,70000000,10000000,2,7
28000000,0,28000000,35.0,30,1,12.0,17100194.0,1413194,0,52,0,8000000,0,6000000,20000000,2000000,2,3
25000000,1375000,26375000,37.0,30,1,12.0,16467840.0,1360168,1,24,0,5196000,0,10800000,12000000,2800000,2,5
20000000,1100000,21100000,45.0,24,1,12.0,16317000.0,1348689,0,24,0,5000000,0,6000000,11000000,5000000,2,3
15000000,825000,15825000,59.99,24,0,10.0,12734349.0,1146759,0,43,0,9000000,0,18000000,25000000,4000000,2,3
20000000,1100000,21100000,47.0,18,1,12.0,20016000.0,1655490,1,52,0,9200000,0,8400000,16000000,4000000,2,7
18000000,990000,18990000,47.0,30,1,14.0,13487109.0,1087109,0,46,0,5400000,0,8400000,10000000,2500000,2,5
15000000,825000,15825000,37.0,12,1,11.0,19701310.0,1597731,1,25,0,7000000,0,24000000,25000000,6000000,4,3
20000000,1100000,21100000,47.0,12,0,11.0,24750000.0,2237394,1,25,0,7000000,0,18000000,18000000,5000000,2,3
20000000,0,20000000,35.0,12,0,11.0,22233520.0,1999260,0,25,0,7000000,0,12000000,50000000,5000000,2,4
30000000,1650000,31650000,35.0,24,0,4.0,6095000.0,1852114,0,53,0,6000000,0,48000000,40000000,10000000,2,5
30000000,1650000,31650000,47.0,36,1,12.0,20000000.0,1654605,1,38,0,7500000,0,7200000,14000000,1500000,2,5
20000000,1100000,21100000,47.0,18,1,12.0,20010000.0,1655490,1,34,0,7500000,0,13200000,15000000,3000000,2,3
10000000,550000,10550000,35.0,12,0,11.0,11721270.0,1054610,1,26,0,5000000,0,12000000,15000000,3000000,4,3
20000000,1100000,21100000,35.0,18,1,12.0,18411000.0,1523365,0,59,0,7000000,0,12000000,19000000,5000000,2,3
20000000,1100000,21100000,47.0,18,1,12.0,19997880.0,1655490,1,24,0,9000000,0,12000000,25000000,4000000,4,3
30000000,1650000,31650000,37.0,24,1,12.0,22762000.0,1885667,0,41,0,8389000,0,12000000,20000000,4000000,2,3
20000000,1100000,21100000,35.0,36,1,12.0,11603500.0,954481,0,31,0,4000000,0,3600000,19000000,2000000,2,5
10000000,550000,10550000,31.5,18,1,12.0,9059640.0,742964,1,23,0,8000000,0,12000000,35000000,5000000,4,4
30000000,1650000,31650000,35.0,24,0,10.0,17780570.0,1852114,1,33,0,16000000,0,18000000,26000000,5000000,2,7
25000000,1375000,26375000,47.0,20,0,11.0,21322000.0,1926425,0,42,0,10000000,0,12000000,22000000,5000000,1,5
20000000,1100000,21100000,44.5,24,1,13.0,17614000.0,1342868,1,20,0,6000000,0,12000000,16000000,4000000,4,5
30000000,1650000,31650000,47.0,24,0,11.0,18631050.0,2058150,1,31,0,6800000,0,7200000,13000000,3500000,2,1
23000000,1265000,24265000,47.0,24,1,11.0,33882830.0,1577915,0,22,0,6000000,0,10800000,12000000,4000000,4,4
15000000,825000,15825000,33.5,12,1,12.0,19008000.0,1570106,1,39,0,12000000,0,24000000,20000000,8000000,2,5
15000000,0,15000000,37.0,12,1,9.0,18140000.0,1514437,1,46,0,15000000,0,24000000,20000000,4000000,1,4
20000000,1100000,21100000,59.99,18,0,10.0,19987000.0,1804908,0,56,0,9000000,0,12000000,25000000,4000000,2,1
20000000,1100000,21100000,47.0,24,0,9.0,13850000.0,1372100,1,26,0,9500000,0,3600000,20000000,3000000,1,5
40000000,2200000,42200000,45.0,24,0,4.0,10840000.0,2697378,0,39,0,9000000,0,12000000,40000000,8000000,4,3
30000000,1650000,31650000,45.0,24,1,12.0,24418165.0,2023033,1,47,0,7000000,0,6000000,30000000,3000000,2,3
15000000,825000,15825000,33.5,24,1,12.0,11082380.0,913580,0,23,0,7000000,0,6000000,16000000,3000000,2,3
10000000,550000,10550000,45.0,12,0,8.0,8945000.0,1107880,1,52,0,12000000,0,24000000,25000000,7000000,2,5
30000000,1650000,31650000,35.0,30,0,7.0,11268414.0,1597414,0,27,0,10000000,0,18000000,40000000,7000000,2,5
30000000,1650000,31650000,45.0,24,1,12.0,24420396.0,2023033,1,39,0,20000000,0,36000000,35000000,12000000,2,3
50000000,2750000,52750000,33.5,30,1,12.0,31576299.0,2619299,1,33,0,10000000,0,24000000,28000000,6000000,2,2
20000000,1100000,21100000,44.5,18,1,13.0,21320000.0,1627488,0,33,0,7000000,0,9600000,40000000,5000000,2,3
40000000,2200000,42200000,44.5,24,1,12.0,32374000.0,2685736,0,34,0,10000000,0,12000000,20000000,6000000,2,3
30000000,1650000,31650000,44.5,24,0,-1.0,-1.0,2014302,1,26,0,14000000,0,36000000,27000000,9000000,2,4
20000000,1100000,21100000,35.0,24,1,12.0,14960916.0,1234743,0,37,0,9000000,0,10800000,20000000,5000000,2,3
25000000,1375000,26375000,59.99,18,0,9.0,20412000.0,2256135,0,44,0,9000000,0,3600000,25000000,2000000,2,5
20000000,1100000,21100000,35.0,24,1,12.0,14972000.0,1234743,0,27,0,7000000,0,18000000,19000000,5000000,2,3
30000000,1650000,31650000,45.0,24,0,5.0,10175033.0,2023033,1,49,0,8000000,0,6000000,15000000,2000000,2,5
25000000,1375000,26375000,59.99,24,0,9.0,17308265.0,1911265,0,30,0,8000000,0,6000000,25000000,4000000,1,3
10000000,550000,10550000,60.0,18,1,13.0,10987513.0,902513,0,26,0,8000000,0,12000000,20000000,3000000,2,3
20000000,1100000,21100000,47.0,24,1,6.0,21921000.0,1372100,1,24,0,10000000,0,24000000,10000000,2000000,4,3
30000000,1650000,31650000,35.0,12,0,9.0,28559000.0,3163829,1,32,0,10000000,0,27600000,25000000,6000000,2,3
30000000,1650000,31650000,45.0,18,1,11.0,29400000.0,2449603,1,30,0,7000000,0,12000000,12000000,3000000,2,3
20000000,1100000,21100000,35.0,24,1,13.0,16211000.0,1234743,0,35,0,7000000,0,16800000,30000000,7200000,2,7
50000000,2750000,52750000,47.0,30,0,11.0,33391000.0,3019747,0,35,0,11751000,0,18000000,30000000,6000000,1,4
20000000,1100000,21100000,47.0,24,1,12.0,16609000.0,1372100,1,28,0,8082000,0,12000000,25000000,5000000,4,3
30000000,1650000,31650000,45.0,24,0,10.0,20350000.0,2023033,1,59,0,15000000,0,24000000,30000000,8000000,2,5
10000000,550000,10550000,59.99,12,0,2.0,2405000.0,1190252,1,35,0,10000000,0,24000000,20000000,6000000,2,3
30000000,1650000,31650000,45.0,18,1,12.0,29400000.0,2449603,1,37,0,10000000,0,18000000,30000000,5000000,2,3
25000000,1375000,26375000,59.99,24,0,11.0,21181000.0,1911265,1,39,0,10000000,0,18000000,20000000,4200000,2,5
30000000,1650000,31650000,33.5,30,0,4.0,6329000.0,1571579,0,40,0,8000000,0,18000000,22000000,9000000,2,3
20000000,1100000,21100000,47.0,24,1,12.0,16610000.0,1372100,1,31,0,8000000,0,24000000,17000000,5000000,2,5
16000000,880000,16880000,47.0,12,1,12.0,21727745.0,1789915,0,38,0,5300000,0,6000000,13000000,4000000,2,1
30000000,1650000,31650000,35.0,30,0,9.0,14575828.0,1597414,0,20,0,15000000,0,18000000,45000000,3500000,4,7
10000000,550000,10550000,33.5,12,1,14.0,12773878.0,1046737,1,20,0,4000000,0,7200000,35000000,4000000,4,2
10000000,550000,10550000,45.0,12,0,11.0,12320000.0,1107880,0,21,0,4500000,0,8400000,27000000,5000000,4,3
10000000,550000,10550000,45.0,12,1,12.0,13438680.0,1107880,0,21,0,10000000,0,24000000,30000000,5000000,2,3
30000000,1650000,31650000,45.0,24,1,12.0,24420000.0,2023033,0,38,0,7500000,0,8400000,20000000,4000000,2,5
25000000,1375000,26375000,45.0,36,0,8.0,10871961.0,1346987,1,41,0,30000000,0,24000000,45000000,5000000,2,3
40000000,2200000,42200000,37.0,36,0,7.0,15732090.0,1957030,1,22,0,7000000,0,9600000,50000000,7000000,4,4
25000000,1375000,26375000,50.0,24,1,12.0,21259479.0,1759497,1,29,0,6000000,0,6000000,15000000,3000000,2,4
60000000,3300000,63300000,37.0,36,1,9.0,82525720.0,2935544,0,47,0,10000000,0,12000000,40000000,5000000,2,3
30000000,1650000,31650000,47.0,36,1,12.0,19987260.0,1654605,1,20,0,8000000,0,9600000,30000000,4500000,4,3
15000000,825000,15825000,59.99,24,1,13.0,14291108.0,1146759,0,22,0,7000000,0,18000000,20000000,5000000,2,5
15000000,825000,15825000,45.0,12,0,3.0,5022000.0,1661820,1,42,0,5500000,0,6000000,10000000,1000000,4,5
35000000,0,35000000,35.0,30,1,12.0,21340000.0,1766493,0,59,0,12000000,0,24000000,30000000,10000000,2,1
35000000,1925000,36925000,35.0,30,0,11.0,20632150.0,1863650,1,29,0,15000000,0,24000000,40000000,4000000,2,3
40000000,2200000,42200000,33.5,30,1,12.0,25295000.0,2095439,1,55,0,15000000,0,12000000,30000000,6000000,2,1
10000000,550000,10550000,45.0,24,1,12.0,8206000.0,674344,0,50,0,10000000,0,9600000,20000000,4000000,2,3
12000000,660000,12660000,68.0,24,0,8.0,7929395.0,977879,1,40,0,10000000,0,14400000,17000000,4000000,2,3
30000000,1650000,31650000,44.5,24,0,-1.0,-1.0,2014302,1,26,0,18000000,0,12000000,30000000,4000000,4,3
15000000,825000,15825000,35.0,24,1,12.0,11268000.0,926057,0,48,0,3000000,0,12000000,25000000,4000000,2,1
30000000,1650000,31650000,47.0,24,1,12.0,24832300.0,2058150,1,42,0,10000000,0,18000000,25000000,5000000,2,3
20000000,1100000,21100000,47.0,30,1,13.0,17350000.0,1207899,0,31,0,6391000,0,8400000,15000000,3000000,2,1
30000000,1650000,31650000,47.0,24,0,11.0,22771650.0,2058150,1,33,0,9966000,0,12000000,17000000,4500000,2,7
40000000,2200000,42200000,45.0,24,1,15.0,32512536.0,2697378,1,50,0,10000000,0,12000000,30000000,5000000,2,5
40000000,2200000,42200000,44.5,24,0,6.0,16189208.0,2685736,1,28,0,25000000,0,60000000,35000000,8000000,2,3
20000000,1100000,21100000,35.0,24,1,12.0,14964000.0,1234743,0,26,0,3890000,0,9600000,15000000,3000000,1,3
30000000,1650000,31650000,45.0,24,1,12.0,24421000.0,2023033,0,39,0,9000000,0,12000000,20000000,5000000,2,3
30000000,1650000,31650000,35.0,30,1,12.0,19315898.0,1597414,0,26,0,6000000,0,12000000,16000000,3000000,4,3
15000000,825000,15825000,59.99,12,1,10.0,22082000.0,1785378,0,56,0,8000000,0,12000000,30000000,8000000,2,5
20000000,1100000,21100000,35.0,30,1,12.0,12813000.0,1064943,0,28,0,6000000,0,12000000,15000000,5000000,2,3
20000000,1100000,21100000,45.0,24,0,5.0,6804000.0,1348689,1,39,0,10000000,0,18000000,30000000,5500000,2,4
40000000,2200000,42200000,45.0,24,0,11.0,29810000.0,2697378,1,38,0,12000000,0,24000000,35000000,6000000,2,1
20000000,1100000,21100000,47.0,12,1,12.0,26717000.0,2237394,1,26,0,10000000,0,12000000,30000000,6000000,2,2
20000000,1100000,21100000,33.5,12,1,12.0,25182000.0,2093474,1,33,0,10000000,0,36000000,14000000,5000000,2,4
30000000,1650000,31650000,35.0,24,1,12.0,22368000.0,1852114,1,32,0,10000000,0,24000000,45000000,6000000,2,3
48000000,2640000,50640000,47.0,36,0,6.0,15958367.0,2647367,1,27,0,8000000,0,6000000,30000000,7000000,4,3
16000000,880000,16880000,45.0,24,1,6.0,21318000.0,1078951,0,31,0,7200000,0,10800000,20000000,3500000,2,7
70000000,3850000,73850000,45.0,36,1,12.0,45402768.0,3771564,1,26,0,18720000,0,24000000,60000000,8000000,4,4
30000000,1650000,31650000,37.0,36,0,11.0,16297088.0,1467772,0,55,0,5000000,0,24000000,30000000,3000000,4,3
20000000,1100000,21100000,44.5,18,0,5.0,8198000.0,1627488,0,29,0,7000000,0,18000000,15000000,6000000,2,3
20000000,1100000,21100000,44.5,24,1,5.0,25212604.0,1342868,1,32,0,5000000,0,18000000,19000000,5000000,4,2
30000000,1650000,31650000,35.0,30,1,12.0,19313000.0,1597414,1,31,0,12000000,0,36000000,25000000,6000000,2,4
15000000,825000,15825000,35.0,18,0,8.0,8082048.0,1142524,0,38,0,10000000,0,12000000,15000000,6000000,2,5
16000000,880000,16880000,47.0,24,1,12.0,13304800.0,1097680,0,37,0,6000000,0,12000000,20000000,6000000,2,4
20000000,1100000,21100000,35.0,30,0,9.0,10757658.0,1064943,1,35,0,10000000,0,24000000,15000000,4000000,2,5
10000000,550000,10550000,31.5,12,1,7.0,12419734.0,1036289,0,20,0,6000000,0,12000000,20000000,5000000,4,2
40000000,2200000,42200000,45.0,24,0,3.0,8129000.0,2697378,0,53,0,15000000,0,12000000,25000000,3000000,2,3
10000000,550000,10550000,45.0,15,1,13.0,13985000.0,932366,1,51,0,4000000,0,8400000,16000000,2000000,2,1
25000000,1375000,26375000,45.0,24,0,12.0,16966610.0,1685861,0,36,0,8000000,0,6000000,16000000,1500000,2,5
40000000,2200000,42200000,35.0,30,1,13.0,26223000.0,2129886,0,36,0,12000000,0,30000000,18000000,6000000,4,5
10000000,550000,10550000,35.0,24,1,11.0,7805000.0,617371,1,48,0,10000000,0,18000000,20000000,4000000,2,5
10000000,550000,10550000,47.0,10,1,10.0,13063000.0,1295329,0,36,0,8000000,0,3600000,32000000,4000000,2,3
20000000,1100000,21100000,37.0,18,1,12.0,23355000.0,1544983,0,33,0,4963000,0,12000000,20000000,3000000,2,5
30000000,1650000,31650000,35.0,24,1,12.0,22370342.0,1852114,1,43,0,10000000,0,12000000,20000000,5000000,1,5
30000000,0,30000000,45.0,12,1,12.0,38009107.0,3150369,0,25,0,10000000,0,9600000,30000000,6000000,4,7
20000000,1100000,21100000,45.0,24,1,12.0,16332000.0,1348689,0,40,0,10000000,0,2400000,16000000,2000000,2,5
20000000,0,20000000,35.0,30,0,8.0,10221968.0,1009424,0,29,0,15000000,0,24000000,25000000,7000000,2,7
50000000,2750000,52750000,33.5,30,0,3.0,13176000.0,2619299,1,27,0,14000000,0,24000000,19000000,4000000,2,3
20000000,1100000,21100000,44.5,24,0,7.0,9485000.0,1342868,0,21,0,6500000,0,9000000,20000000,4500000,2,3
20000000,1100000,21100000,45.0,24,1,12.0,16284134.0,1348689,1,29,0,10000000,0,24000000,18000000,4000000,2,3
30000000,0,30000000,47.0,36,1,8.0,40062346.0,1568346,0,26,0,9500000,0,24000000,35000000,15000000,4,4
10000000,550000,10550000,35.0,24,1,12.0,7431000.0,617371,1,23,0,5000000,0,24000000,15000000,2000000,4,3
10000000,550000,10550000,44.5,12,1,12.0,13415000.0,1105184,1,31,0,9000000,0,24000000,15000000,5000000,2,3
10000000,550000,10550000,33.5,30,1,12.0,6285000.0,523860,1,30,0,5000000,0,10800000,7000000,2000000,2,3
15000000,825000,15825000,35.0,18,0,11.0,12705000.0,1142524,0,26,0,6000000,0,12000000,13000000,3000000,2,5
30000000,1650000,31650000,44.5,24,1,12.0,24319208.0,2014302,0,43,0,10000000,0,24000000,20000000,6000000,2,3
40000000,2200000,42200000,35.0,30,1,13.0,25702632.0,2129886,0,31,0,8000000,0,18000000,20500000,5500000,2,4
30000000,1650000,31650000,47.0,27,0,10.0,21240381.0,1920127,0,38,0,6408000,0,12000000,20000000,5000000,2,3
20000000,1100000,21100000,45.0,24,1,12.0,16328890.0,1348689,1,58,0,15000000,0,24000000,30000000,7000000,2,7
20000000,1100000,21100000,44.5,24,1,12.0,16259076.0,1342868,1,34,0,5000000,0,18000000,16000000,4000000,2,5
50000000,2750000,52750000,33.5,30,0,8.0,19432000.0,2619299,1,29,0,18000000,0,30000000,28000000,9000000,2,7
15000000,825000,15825000,33.5,24,1,12.0,11160000.0,913580,1,33,0,9000000,0,12000000,17000000,5000000,2,3
25000000,1375000,26375000,45.0,24,1,12.0,20376000.0,1685861,1,47,0,5000000,0,48000000,60000000,15000000,2,5
30000000,1650000,31650000,44.5,24,0,2.0,4053302.0,2014302,0,28,0,17000000,0,30000000,32000000,7000000,2,2
30000000,1650000,31650000,45.0,15,1,12.0,33709099.0,2797099,1,32,0,10000000,0,10800000,25000000,3000000,1,5
10000000,550000,10550000,44.5,24,1,12.0,8199774.0,671434,1,29,0,8000000,0,12000000,17000000,4000000,2,3
30000000,1650000,31650000,35.0,24,1,12.0,22347200.0,1852114,1,31,0,8500000,0,36000000,8500000,3000000,4,4
15000000,825000,15825000,35.0,24,1,12.0,11268000.0,926057,0,21,0,5988000,0,9600000,13000000,4000000,2,3
40000000,2200000,42200000,35.0,24,0,11.0,27301486.0,2469486,0,26,0,10000000,0,12000000,25000000,4000000,2,5
30000000,1650000,31650000,50.0,24,0,10.0,19042000.0,2111396,0,27,0,10000000,0,18000000,30000000,4000000,4,2
25000000,1375000,26375000,47.0,36,1,8.0,36839674.0,1378837,0,23,0,9200000,0,12000000,20000000,5000000,2,4
10000000,550000,10550000,60.0,24,1,13.0,10101000.0,764568,0,22,0,3000000,0,9600000,20000000,2500000,4,3
25000000,1375000,26375000,60.0,18,0,11.0,24959000.0,2256282,0,46,0,12000000,0,7200000,25000000,3000000,2,3
18000000,990000,18990000,59.99,18,0,11.0,18001753.0,1624417,0,29,0,8000000,0,13200000,18000000,3000000,2,5
20000000,1100000,21100000,33.5,12,1,12.0,25535474.0,2093474,0,34,0,12000000,0,12000000,20000000,3500000,2,2
10000000,550000,10550000,60.0,24,1,12.0,9144000.0,764568,0,45,0,4000000,0,6000000,20000000,1500000,2,3
15000000,825000,15825000,45.0,12,1,12.0,20266000.0,1661820,1,58,0,5000000,0,12000000,18000000,3000000,2,3
30000000,1650000,31650000,33.5,30,0,4.0,6336000.0,1571579,1,25,0,15000000,0,36000000,30000000,6000000,4,3
20000000,1100000,21100000,45.0,24,0,10.0,13610000.0,1348689,0,22,0,5000000,0,9600000,30000000,3000000,4,7
40000000,2200000,42200000,35.0,30,0,1.0,12700000.0,2129886,1,40,0,15000000,0,12000000,40000000,5000000,2,5
20000000,1100000,21100000,44.5,24,1,12.0,16247340.0,1342868,0,29,0,6000000,0,12000000,13000000,4000000,2,3
20000000,1100000,21100000,45.0,24,0,5.0,6805000.0,1348689,0,49,0,6000000,0,10800000,30000000,5000000,2,1
30000000,1650000,31650000,35.0,24,0,11.0,20504000.0,1852114,1,37,0,5500000,0,12000000,15000000,4000000,2,5
10000000,550000,10550000,59.99,12,0,11.0,13225000.0,1190252,0,34,0,8000000,0,8400000,9000000,1500000,1,5
30000000,1650000,31650000,44.5,24,1,4.0,38406000.0,2014302,1,29,0,9000000,0,12000000,16000000,5000000,2,3
20000000,1100000,21100000,45.0,18,1,12.0,19731621.0,1633069,1,30,0,4200000,0,7440000,15600000,2840000,2,5
10000000,550000,10550000,45.0,18,1,12.0,9941874.0,816534,0,26,0,10000000,0,18000000,22000000,8000000,2,3
40000000,2200000,42200000,35.0,18,1,12.0,36693000.0,3046730,1,59,0,10000000,0,6000000,25000000,1200000,2,3
30000000,1650000,31650000,33.5,30,1,13.0,19006632.0,1571579,1,33,0,10000000,0,24000000,20000000,6000000,2,3
20000000,1100000,21100000,44.5,18,0,8.0,13080000.0,1627488,1,22,0,6000000,0,10200000,27000000,3200000,4,5
30000000,1650000,31650000,44.5,24,0,6.0,12213000.0,2014302,1,30,0,12000000,0,21600000,30000000,9000000,4,2
25000000,1375000,26375000,59.99,24,0,12.0,21211000.0,1911265,0,34,0,10000000,0,12000000,20000000,3000000,2,3
35000000,0,35000000,47.0,36,0,11.0,20330848.0,1829737,1,49,0,15620000,0,38400000,40000000,10000000,2,4
20000000,1100000,21100000,44.5,24,1,12.0,16260000.0,1342868,0,36,0,10000000,0,21600000,17000000,5000000,2,3
15000000,825000,15825000,59.99,24,0,9.0,8138000.0,1146759,0,20,0,7000000,0,24000000,15000000,6000000,2,5
25000000,1375000,26375000,47.0,30,0,9.0,13697874.0,1509874,1,32,0,5328000,0,12000000,17000000,3000000,2,5
25000000,1375000,26375000,47.0,24,1,12.0,20729000.0,1715125,1,26,0,5569000,0,9600000,13000000,2500000,2,5
15000000,825000,15825000,59.99,24,1,13.0,13906000.0,1146759,0,26,0,10000000,0,21600000,16000000,3500000,2,5
20000000,1100000,21100000,59.99,24,0,11.0,16962000.0,1529012,0,41,0,7800000,0,9600000,15000000,3000000,0,2
20000000,1100000,21100000,45.0,24,1,12.0,16321000.0,1348689,1,21,0,8000000,0,24000000,15000000,7000000,4,5
20000000,1100000,21100000,47.0,18,0,11.0,18343450.0,1655490,0,24,0,10000000,0,12000000,12000000,3000000,4,4
10000000,550000,10550000,37.0,24,1,13.0,8333000.0,628556,1,43,0,40000000,0,24000000,50000000,9000000,2,3
30000000,1650000,31650000,45.0,24,0,11.0,22705099.0,2023033,1,34,0,10000000,0,12000000,19000000,2000000,4,5
35000000,1925000,36925000,35.0,24,0,9.0,19557000.0,2160800,1,43,0,7000000,0,9600000,15000000,3000000,1,5
29000000,1595000,30595000,47.0,36,1,13.0,20174059.0,1599451,1,46,0,4713000,0,12000000,12000000,3000000,2,5
20000000,1100000,21100000,33.5,24,1,12.0,14762000.0,1218107,0,21,0,8000000,0,12000000,18000000,4000000,4,3
50000000,2750000,52750000,13.5,24,0,-1.0,-1.0,2521000,1,21,0,15000000,0,1600000,15000000,1600000,4,2
30000000,1650000,31650000,35.0,36,1,12.0,17324721.0,1431721,0,26,0,5000000,0,9600000,13000000,3500000,4,5
25000000,1375000,26375000,59.99,24,1,12.0,23094000.0,1911265,0,42,0,8000000,0,12000000,16000000,3000000,2,1
20000000,1100000,21100000,45.0,12,0,-1.0,-1.0,2215760,1,25,0,7182000,0,12000000,20000000,3500000,4,5
40000000,2200000,42200000,35.0,30,1,12.0,25704000.0,2129886,1,44,0,8000000,0,12000000,20000000,3000000,2,5
25000000,1375000,26375000,37.0,24,0,11.0,17420334.0,1571389,1,35,0,6500000,0,18000000,17000000,7000000,2,3
30000000,1650000,31650000,35.0,30,1,5.0,37565000.0,1597414,0,36,0,8000000,0,6000000,8000000,2000000,4,5
20000000,1100000,21100000,47.0,24,1,12.0,16597200.0,1372100,0,29,0,10000000,0,12000000,25000000,7500000,2,5
20000000,1100000,21100000,47.0,30,0,10.0,12198899.0,1207899,1,54,0,7000000,0,12000000,21000000,4500000,2,3
30000000,1650000,31650000,44.5,24,1,12.0,24312000.0,2014302,1,53,0,14000000,0,14400000,50000000,6000000,2,5
25000000,1375000,26375000,47.0,12,0,11.0,30897000.0,2796742,1,26,0,10000000,0,8400000,26000000,4500000,2,3
30000000,1650000,31650000,47.0,30,0,4.0,7295544.0,1811848,1,56,0,6000000,0,12000000,15000000,3000000,2,5
20000000,1100000,21100000,44.5,24,0,-1.0,-1.0,1342868,1,36,0,12000000,0,24000000,20000000,5000000,4,5
20000000,1100000,21100000,45.0,24,0,11.0,14967689.0,1348689,1,44,0,10000000,0,12000000,30000000,6000000,2,5
30000000,1650000,31650000,45.0,24,1,13.0,26456000.0,2023033,1,31,0,9000000,0,12000000,20000000,4000000,2,5
5243000,346038,5589038,0.01,6,1,6.0,5662000.0,932000,1,24,0,5000000,0,1000000,17000000,6000000,4,3
9520000,628320,10148320,0.01,6,1,6.0,10224000.0,1692000,0,59,0,9000000,0,1000000,40000000,6000000,3,5
2960000,148000,3108000,65.0,6,1,6.0,3798000.0,621000,0,24,1,8000000,0,1000000,17000000,3500000,2,3
6000000,300000,6300000,60.0,9,1,9.0,8091000.0,887000,0,23,2,3800000,2000000,600000,15000000,3000000,2,7
16500000,825000,17325000,45.0,12,1,12.0,21984000.0,1820000,1,31,1,7000000,0,1000000,14000000,3000000,2,5
4893000,322938,5215938,0.01,6,1,5.0,5289000.0,870000,0,38,2,8000000,0,2000000,28000000,8000000,2,5
4893000,322938,5215938,0.01,6,1,6.0,5292000.0,870000,0,53,0,10000000,0,1000000,28000000,4500000,2,2
8099100,534541,8633641,0.01,6,1,6.0,8706000.0,1439000,0,30,2,7000000,0,1000000,16000000,3500000,2,3
5590000,279500,5869500,45.0,6,1,6.0,6789000.0,1111000,0,22,0,5500000,0,1000000,20000000,6000000,4,0
5593000,369138,5962138,0.01,6,1,6.0,6036000.0,994000,1,27,0,6000000,0,1000000,18000000,4000000,4,5
5672000,374352,6046352,0.01,6,1,6.0,6120000.0,1008000,1,38,1,20000000,0,800000,30000000,2000000,2,3
7990000,527340,8517340,0.01,6,1,6.0,8590000.0,1420000,0,56,0,50000000,0,5000000,70000000,30000000,2,1
4893000,322938,5215938,0.01,6,1,6.0,5292000.0,870000,0,32,0,6000000,0,1000000,25000000,4000000,2,4
4221000,0,4221000,17.7,10,1,10.0,4691000.0,458000,0,32,0,8000000,0,1000000,18000000,4000000,2,3
2000000,100000,2100000,45.0,6,1,4.0,2460000.0,398000,0,32,0,6000000,0,1000000,20000000,4000000,3,3
10000000,500000,10500000,65.0,12,0,8.0,9800000.0,1213000,1,27,0,8000000,0,1000000,40000000,7000000,4,3
2060000,103000,2163000,65.0,6,1,5.0,2652000.0,432000,1,41,0,7000000,0,1000000,32000000,5000000,2,3
2793000,0,2793000,0.01,4,1,3.0,2832000.0,699000,1,44,0,10000000,0,2000000,25000000,10000000,2,2
7190000,359500,7549500,45.0,12,1,13.0,9785000.0,793000,0,20,0,6000000,0,1000000,20000000,5000000,4,3
4200000,210000,4410000,65.0,6,1,5.0,5405000.0,881000,1,22,0,6000000,0,1000000,30000000,7000000,4,2
2000000,100000,2100000,45.0,6,1,6.0,2460000.0,398000,0,56,2,8000000,0,1600000,20000000,5000000,2,3
3992000,263472,4255472,0.01,6,1,6.0,4332000.0,710000,1,37,0,7000000,0,800000,7000000,800000,0,5
8190000,540540,8730540,0.01,6,1,6.0,8808000.0,1456000,1,32,1,10000000,0,2000000,16000000,4000000,0,3
12000000,0,12000000,68.0,6,1,6.0,14562000.0,2415000,0,46,0,8000000,0,1000000,18000000,4000000,2,5
4490000,224500,4714500,85.0,6,1,6.0,6024000.0,992000,0,29,0,5000000,0,2000000,15000000,8000000,2,3
32500000,1625000,34125000,45.0,15,1,6.0,42087000.0,3016000,0,29,0,10000000,0,1000000,24000000,3000000,2,5
15000000,825000,15825000,45.0,6,1,6.0,18042000.0,2995000,1,22,0,9000000,0,1000000,19000000,3500000,4,2
2394000,158004,2552004,0.01,4,1,4.0,2601000.0,639000,1,29,0,8000000,0,1000000,30000000,3000000,3,3
4220000,211000,4431000,35.0,9,1,9.0,5211000.0,567000,0,45,0,7000000,0,1000000,25000000,4000000,2,5
4221000,278586,4499586,17.7,10,0,8.0,4000000.0,488000,0,23,0,5000000,0,1000000,15000000,6000000,0,3
2000000,100000,2100000,45.0,6,1,5.0,2485000.0,398000,1,30,0,5000000,0,600000,12000000,3500000,2,3
4193000,276738,4469738,0.01,6,1,6.0,4530000.0,745000,1,20,0,5000000,0,2000000,15000000,3000000,4,3
2982000,196812,3178812,0.01,6,1,5.0,3252000.0,530000,1,38,0,6000000,0,1000000,24000000,4000000,0,5
2390000,119500,2509500,45.0,6,1,6.0,2925000.0,475000,0,54,0,6000000,0,1300000,25000000,7000000,2,2
4893000,322938,5215938,0.01,6,1,6.0,5292000.0,870000,0,33,0,5000000,0,1000000,15000000,4000000,2,2
3843000,192150,4035150,65.0,6,1,6.0,4906000.0,806000,1,38,2,5000000,0,1000000,10000000,3000000,2,2
6000000,396000,6396000,0.01,6,1,6.0,6474000.0,1067000,1,23,0,6000000,0,1500000,10000000,3000000,4,5
5590000,279500,5869500,65.0,6,1,6.0,7104000.0,1172000,1,23,0,6500000,0,1000000,11000000,3000000,2,5
20000000,1100000,21100000,47.0,24,1,12.0,16512000.0,1372100,0,36,0,7000000,0,24000000,15000000,3000000,2,1
8400000,462000,8862000,60.0,24,1,12.0,7848237.0,642237,1,52,0,9000000,0,8400000,25000000,3500000,2,5
40000000,2200000,42200000,37.0,36,1,7.0,51340120.0,1957030,0,41,0,15000000,0,24000000,30000000,7000000,2,4
14000000,770000,14770000,45.0,12,1,7.0,18978000.0,1552000,0,25,0,6000000,0,1000000,22000000,4000000,2,3
7245000,478170,7723170,0.01,9,1,9.0,7831000.0,859000,0,24,0,5000000,0,2000000,5000000,2000000,4,3
7600000,380000,7980000,65.0,6,0,1.0,8824000.0,1593211,1,20,0,5000000,0,12000000,20000000,4000000,4,3
6290000,314500,6604500,35.0,9,1,9.0,7713000.0,845000,1,25,0,8000000,0,1000000,18000000,3400000,4,3
2600000,130000,2730000,65.0,12,0,3.0,984000.0,316000,1,34,1,6000000,0,1000000,11000000,3500000,2,1
5590000,279500,5869500,65.0,6,1,6.0,7104000.0,1172000,1,21,0,7000000,0,1000000,20000000,5000000,4,5
3843000,253638,4096638,0.01,6,1,6.0,4170000.0,683000,1,28,0,7000000,0,800000,25000000,3500000,2,2
4893000,322938,5215938,0.01,6,0,4.0,3528000.0,870000,0,45,2,6000000,0,1000000,16000000,4000000,2,3
7912000,522192,8434192,0.01,6,1,6.0,8508000.0,1406000,0,22,0,5500000,0,850000,19400000,7200000,4,2
3780000,189000,3969000,35.0,12,1,12.0,4951000.0,397000,0,34,3,7000000,0,1000000,15000000,6000000,2,1
2000000,100000,2100000,45.0,6,1,6.0,2456000.0,398000,1,32,0,7000000,0,1000000,13000000,3000000,0,5
5590000,279500,5869500,45.0,6,1,6.0,6738000.0,1111000,0,33,2,6000000,0,800000,13000000,2000000,2,2
4543000,299838,4842838,0.01,6,1,6.0,4915000.0,808000,1,23,0,4500000,0,1000000,8000000,2000000,2,3
31900000,0,31900000,0.0,12,1,12.0,38511000.0,3198000,1,41,0,9000000,0,1000000,25000000,4000000,2,5
3913000,258258,4171258,0.01,6,1,6.0,4248000.0,696000,1,25,0,9000000,0,5000000,50000000,25000000,4,0
2990000,149500,3139500,45.0,6,1,6.0,3642000.0,595000,1,23,0,5500000,0,800000,17000000,3500000,4,5
14990000,749500,15739500,35.0,12,1,12.0,19024000.0,1574000,0,51,4,16000000,0,3000000,26000000,8000000,2,1
4990000,249500,5239500,35.0,12,1,12.0,6429000.0,524000,1,33,0,6500000,0,1200000,14500000,4500000,2,2
5990000,299500,6289500,65.0,6,1,6.0,7608000.0,1256000,1,35,1,6000000,0,800000,20000000,8000000,2,3
4221000,278586,4499586,17.7,10,0,9.0,4464000.0,488000,0,36,0,6500000,0,1200000,14000000,4000000,2,2
6293000,415338,6708338,0.01,6,1,6.0,6781000.0,1119000,1,41,3,7000000,0,2000000,31000000,7500000,2,3
2000000,100000,2100000,65.0,6,1,6.0,2587000.0,420000,0,35,0,9000000,0,2000000,20000000,5000000,2,3
33000000,1815000,34815000,45.0,12,1,12.0,44003000.0,3657000,0,41,2,6000000,0,800000,13000000,4700000,2,5
6990000,349500,7339500,45.0,6,0,-1.0,-1.0,1389000,1,24,0,8000000,0,800000,15000000,4000000,2,2
4936000,246800,5182800,45.0,6,1,6.0,6054000.0,981000,1,24,0,6500000,0,1500000,11500000,5000000,2,3
4392000,219600,4611600,65.0,12,1,12.0,6649000.0,533000,0,40,0,10000000,0,1200000,16000000,2500000,1,1
2150000,107500,2257500,45.0,6,1,6.0,2635000.0,428000,0,27,2,6000000,0,800000,12000000,2000000,2,3
3190000,159500,3349500,45.0,6,1,6.0,3876000.0,634000,1,27,1,7000000,0,700000,14000000,3000000,2,5
2982000,196812,3178812,0.01,6,1,6.0,3250905.0,530000,0,43,4,6500000,0,1000000,18000000,7000000,2,5
2000000,100000,2100000,45.0,6,1,6.0,2460000.0,398000,1,30,0,6000000,0,1000000,13000000,3800000,2,3
6181000,407946,6588946,0.01,6,1,6.0,6666000.0,1099000,1,21,0,10000000,0,1300000,50000000,6000000,4,2
2630000,173580,2803580,0.01,6,0,5.0,1920000.0,468000,1,24,0,6000000,0,500000,22000000,3000000,2,3
3843000,253638,4096638,0.01,6,1,6.0,4170000.0,683000,1,48,1,10000000,0,1500000,16000000,4000000,2,3
16800000,840000,17640000,45.0,15,1,6.0,21351000.0,1559000,0,28,0,7000000,0,1500000,15000000,4000000,2,5
5943000,392238,6335238,0.01,6,1,6.0,6408000.0,1056000,1,29,0,5000000,0,500000,9000000,1000000,4,0
3913000,258258,4171258,10.21,6,1,6.0,4374000.0,717000,0,31,1,6000000,0,2000000,10000000,5000000,2,5
2600000,130000,2730000,65.0,6,1,6.0,3348000.0,546000,1,29,0,5000000,0,1000000,20000000,4000000,4,2
5790000,289500,6079500,45.0,9,1,9.0,7383000.0,809000,1,38,2,4500000,4000000,600000,30000000,3000000,2,3
3990000,199500,4189500,35.0,12,1,12.0,5172000.0,419000,0,24,0,8000000,0,1000000,25000000,5000000,4,3
3000000,150000,3150000,45.0,8,1,8.0,3800000.0,464000,1,51,0,10000000,0,2000000,25000000,5000000,2,5
7992000,527472,8519472,0.01,6,1,6.0,8592000.0,1420000,1,25,0,6000000,0,2000000,32000000,9000000,4,5
6993000,461538,7454538,0.01,6,1,6.0,7527000.0,1243000,0,48,0,6000000,0,1000000,6000000,1000000,2,5
4290000,214500,4504500,35.0,9,1,8.0,5321000.0,577000,1,31,0,4000000,0,1000000,18000000,2500000,2,5
7790000,389500,8179500,35.0,9,1,9.0,9624000.0,1047000,0,23,0,10000000,0,1000000,17000000,2000000,2,2
4194000,276804,4470804,0.01,6,0,-1.0,-1.0,746000,0,45,1,5000000,0,800000,15000000,4000000,0,7
5000000,330000,5330000,0.01,6,1,4.0,5406000.0,889000,0,27,2,6000000,0,1000000,12000000,4000000,2,5
15000000,750000,15750000,45.0,12,1,11.0,19992000.0,1654000,0,27,0,7000000,0,800000,30000000,3000000,1,2
9900000,653400,10553400,0.01,6,1,5.0,10626000.0,1759000,1,22,0,8000000,0,1200000,25000000,6000000,4,3
17000000,935000,17935000,45.0,12,1,15.0,22752000.0,1884000,1,25,0,8000000,0,1000000,20000000,4000000,4,3
4543000,299838,4842838,0.01,6,1,7.0,5478000.0,808000,1,55,2,10000000,0,1000000,22000000,4000000,2,5
6230000,411180,6641180,0.01,6,1,6.0,6716000.0,1107000,1,34,0,8000000,0,1500000,25000000,7000000,4,2
3000000,150000,3150000,65.0,6,1,6.0,3905000.0,629000,1,31,0,7000000,0,1000000,13000000,2800000,0,7
9580000,479000,10059000,35.0,9,1,9.0,11691000.0,1287000,0,35,3,15000000,0,2000000,28000000,5000000,2,3
2630000,131500,2761500,65.0,6,1,6.0,3386000.0,552000,1,30,0,5000000,0,1500000,15000000,4500000,4,1
29000000,1450000,30450000,45.0,24,0,11.0,21549000.0,1947000,1,35,0,10000000,0,3000000,30000000,8000000,1,5
5090000,335940,5425940,0.01,6,1,5.0,5500000.0,905000,0,40,0,5600000,0,500000,20000000,3500000,2,3
5943000,392238,6335238,0.01,6,1,6.0,6408000.0,1056000,1,31,2,8000000,0,1000000,16000000,3000000,2,3
10000000,0,10000000,45.0,6,1,6.0,11440000.0,1893000,0,34,3,8000000,0,1500000,20000000,4500000,2,3
5890000,294500,6184500,65.0,6,1,6.0,7470000.0,1235000,0,25,0,9000000,0,1600000,18000000,6000000,2,2
2000000,100000,2100000,65.0,6,1,4.0,2632000.0,420000,1,36,0,10000000,0,500000,15000000,1000000,2,5
4893000,322938,5215938,0.01,6,1,6.0,5280000.0,870000,0,28,0,7000000,0,800000,25000000,3500000,0,2
6291000,415206,6706206,19.6,10,1,10.0,7443000.0,733000,0,54,2,6000000,0,1500000,18000000,5000000,2,1
3843000,253638,4096638,0.01,6,1,5.0,4170000.0,683000,1,38,0,10000000,0,1000000,15000000,3000000,2,3
7700000,385000,8085000,68.0,6,1,6.0,9840000.0,1628000,1,31,1,7000000,0,500000,9000000,2500000,2,5
9366000,618156,9984156,0.01,6,1,6.0,10050000.0,1665000,1,40,2,10000000,0,2000000,20000000,5000000,0,5
2994000,197604,3191604,0.01,4,1,4.0,3240000.0,798000,1,27,0,4500000,0,1000000,20000000,5000000,2,2
3843000,253638,4096638,0.01,4,1,4.0,4145000.0,1025000,0,35,1,4500000,0,500000,15000000,3500000,2,3
9790000,489500,10279500,35.0,9,1,9.0,12064000.0,1316000,1,36,0,12000000,0,1000000,32000000,3700000,2,2
2982000,196812,3178812,0.01,6,1,2.0,3252000.0,530000,1,34,1,10000000,0,1500000,20000000,6000000,2,5
2793000,184338,2977338,0.01,4,1,4.0,3028000.0,745000,1,26,2,5000000,0,700000,20000000,4200000,2,2
5890000,388740,6278740,0.01,6,1,6.0,6351000.0,1047000,1,27,0,5000000,0,1000000,10000000,4000000,2,3
5994000,395604,6389604,0.01,6,1,6.0,6462000.0,1065000,0,35,3,10000000,0,1200000,18000000,7000000,2,0
4390000,219500,4609500,65.0,9,1,9.0,6053000.0,661000,1,26,0,7000000,0,1200000,21000000,4000000,2,5
4893000,322938,5215938,0.01,6,1,7.0,5280000.0,870000,0,24,0,5000000,0,700000,20000000,3000000,2,3
4390000,219500,4609500,65.0,6,1,6.0,5587000.0,921000,1,21,0,7000000,0,1000000,14000000,4000000,0,7
1232000,61600,1293600,85.0,3,1,3.0,1518000.0,494000,1,31,3,8500000,0,1200000,14000000,4000000,2,3
6290000,314500,6604500,35.0,12,1,12.0,8065000.0,661000,1,27,0,6500000,0,1000000,35000000,3000000,0,5
6000000,300000,6300000,60.0,6,1,6.0,7524000.0,1242000,1,24,0,8000000,0,900000,32000000,6000000,2,2
6291000,415206,6706206,19.6,10,1,10.0,7450000.0,733000,0,37,0,7000000,0,2000000,7000000,2000000,4,3
8700000,478500,9178500,45.0,6,1,4.0,10600000.0,1737000,1,20,0,6000000,0,500000,20000000,2500000,4,3
6632000,437712,7069712,0.01,6,1,6.0,7142000.0,1179000,1,51,0,8500000,0,1000000,10000000,1200000,2,5
6790000,0,6790000,35.0,9,1,9.0,7929000.0,869000,0,22,0,6000000,0,1000000,12000000,2000000,4,2
2390000,119500,2509500,45.0,9,0,5.0,1730000.0,334000,0,37,0,5000000,0,600000,12000000,3800000,2,7
9900000,653400,10553400,0.01,6,1,6.0,10626000.0,1759000,1,37,0,11000000,0,1200000,11000000,1200000,2,3
6952000,347600,7299600,65.0,12,0,1.0,856000.0,844000,1,21,1,7000000,0,1400000,18000000,6000000,2,3
3390000,169500,3559500,45.0,12,0,11.0,4271000.0,374000,0,21,0,6000000,0,500000,17000000,2000000,2,2
6293000,415338,6708338,0.01,6,1,6.0,6781000.0,1119000,0,34,2,7000000,0,1000000,15000000,3000000,2,5
4990000,249500,5239500,35.0,12,1,12.0,6497000.0,524000,1,46,0,10000000,0,1500000,20000000,6000000,2,2
5700000,285000,5985000,55.0,12,0,2.0,6284000.0,660000,1,41,0,8000000,0,1500000,12000000,4000000,3,3
4130000,272580,4402580,20.29,6,1,6.0,4740000.0,778000,1,21,1,6000000,0,1000000,22000000,5000000,0,5
5752000,287600,6039600,35.0,9,1,9.0,7050000.0,773000,1,32,0,9000000,0,800000,18000000,2000000,4,5
4790000,239500,5029500,35.0,9,1,9.0,5904000.0,644000,1,48,0,10000000,0,1000000,15000000,4000000,2,1
10000000,500000,10500000,60.0,9,1,9.0,13364000.0,1478000,1,23,0,8500000,0,1000000,15000000,3000000,4,2
4940000,247000,5187000,65.0,12,1,11.0,7344000.0,600000,0,36,0,6000000,0,500000,12000000,2000000,2,2
2900000,145000,3045000,65.0,9,1,9.0,4041000.0,437000,1,34,1,5000000,0,1000000,10000000,3000000,2,3
4640000,232000,4872000,65.0,6,1,6.0,5898000.0,973000,1,21,0,5000000,0,800000,6000000,1500000,4,3
4893000,322938,5215938,0.01,6,1,5.0,5268000.0,870000,0,36,0,9800000,0,900000,32000000,3000000,2,3
2490000,124500,2614500,65.0,6,0,5.0,2670000.0,522000,1,24,0,4000000,0,1000000,12000000,3000000,4,3
4400000,290400,4690400,10.21,6,1,5.0,4908000.0,806000,0,29,1,4000000,0,1000000,12000000,4000000,2,5
1200000,60000,1260000,85.0,6,1,6.0,1794000.0,266000,0,25,0,7000000,0,1000000,14000000,4000000,2,5
3290000,0,3290000,65.0,6,1,6.0,4014000.0,657000,1,42,0,6000000,0,1000000,17000000,5000000,2,6
6990000,461340,7451340,0.01,6,1,6.0,7524000.0,1242000,1,40,0,7000000,0,1100000,14000000,3500000,0,5
6990000,349500,7339500,45.0,6,1,6.0,8406000.0,1389000,1,30,0,7000000,0,500000,40000000,7000000,0,5
4190000,276540,4466540,10.21,6,1,6.0,4674000.0,767000,1,33,1,7000000,0,1000000,12000000,3000000,2,1
6299300,415754,6715054,0.01,6,1,6.0,6792000.0,1120000,1,26,1,7000000,0,1000000,18000000,3000000,4,2
3843000,253638,4096638,0.01,6,1,6.0,4158000.0,683000,1,38,4,8000000,0,500000,20000000,1000000,2,1
8000000,528000,8528000,0.01,6,1,6.0,8532000.0,1422000,0,20,0,6000000,0,1000000,18000000,4000000,4,3
5754000,379764,6133764,0.01,6,1,6.0,6206000.0,1023000,1,25,0,7000000,0,1200000,13000000,3000000,2,3
2630000,131500,2761500,65.0,6,0,5.0,2820000.0,552000,1,25,0,5000000,0,600000,40000000,5000000,4,7
7990000,399500,8389500,35.0,9,1,9.0,9774000.0,1074000,1,21,1,12000000,0,2000000,20000000,5000000,2,3
17999100,1187941,19187041,0.01,6,0,-1.0,-1.0,3198000,1,26,0,16000000,0,1600000,28000000,3000000,2,3
2982000,196812,3178812,0.01,6,1,6.0,3252000.0,530000,1,44,2,6500000,0,1000000,15000000,3700000,2,3
21500000,1182500,22682500,45.0,12,0,2.0,25450000.0,2382000,1,42,2,8000000,0,900000,24000000,4000000,2,3
8550000,564300,9114300,0.01,6,1,6.0,9180000.0,1520000,1,41,2,10000000,0,1000000,20000000,3500000,2,5
4490000,296340,4786340,0.01,6,1,6.0,4860000.0,798000,1,31,0,7000000,0,1000000,26000000,4000000,2,3
12000000,660000,12660000,45.0,6,1,4.0,14486000.0,2396000,0,47,0,7000000,0,1000000,20000000,5000000,2,3
2150000,107500,2257500,65.0,6,1,5.0,2830000.0,451000,1,26,1,10000000,0,1500000,25000000,10000000,2,3
5310000,350460,5660460,0.01,6,1,6.0,5736000.0,944000,0,35,2,6500000,0,700000,14000000,4500000,0,1
2982000,196812,3178812,0.01,6,1,6.0,3252000.0,530000,1,40,0,6000000,0,1000000,18000000,3500000,2,2
60000000,3000000,63000000,45.0,24,1,10.0,68663000.0,4027000,1,40,1,9000000,0,1000000,24000000,4000000,2,3
3590000,179500,3769500,65.0,9,0,7.0,3871000.0,541000,0,33,0,6000000,0,1000000,12000000,3000000,2,3
11394000,752004,12146004,0.01,6,1,6.0,12222000.0,2025000,1,37,0,15000000,0,1000000,20000000,3000000,0,3
2793000,184338,2977338,0.01,4,1,4.0,3028000.0,745000,0,43,3,6000000,0,700000,20000000,3000000,0,5
2290000,114500,2404500,45.0,6,1,4.0,2753000.0,455000,0,32,0,5500000,0,1000000,15000000,5000000,2,3
4940000,247000,5187000,35.0,12,1,12.0,6366000.0,519000,0,25,2,6000000,0,1000000,12500000,4000000,2,5
4600000,230000,4830000,65.0,6,1,6.0,5862000.0,965000,1,20,0,4000000,0,500000,20000000,3500000,4,5
6696000,441936,7137936,0.01,6,1,6.0,7200000.0,1190000,0,31,0,8000000,0,1000000,25000000,3000000,3,3
6293000,314650,6607650,45.0,6,0,1.0,7198000.0,1251000,1,31,0,10000000,0,1000000,10000000,1000000,2,3
7992000,527472,8519472,0.01,6,1,6.0,8592000.0,1420000,1,38,1,12000000,0,1500000,20000000,4500000,2,3
2690000,134500,2824500,65.0,9,1,10.0,3688000.0,405000,1,31,0,5000000,0,1000000,15000000,3000000,4,5
5592000,279600,5871600,85.0,12,1,12.0,9052000.0,743000,0,22,0,4000000,0,800000,16000000,2000000,4,2
7200000,360000,7560000,55.0,12,1,12.0,10137000.0,834000,1,26,0,9000000,0,1000000,30000000,4000000,3,5
4500000,297000,4797000,0.01,3,1,3.0,4834000.0,1600000,0,27,0,8000000,0,1000000,14000000,3000000,2,7
4221000,278586,4499586,17.7,10,1,10.0,4993000.0,488000,1,39,3,10000000,0,1000000,30000000,2500000,2,5
7490000,374500,7864500,35.0,10,1,10.0,9395000.0,919000,0,24,1,5000000,0,800000,10000000,3000000,2,2
2490000,124500,2614500,65.0,12,1,12.0,3768000.0,302000,0,28,1,6000000,0,1000000,20000000,5000000,0,5
7494000,494604,7988604,0.01,6,1,6.0,8064000.0,1332000,0,40,0,10000000,0,1200000,20000000,3900000,0,2
4990000,249500,5239500,45.0,6,1,5.0,6024000.0,992000,1,32,2,10000000,0,1000000,20000000,6000000,2,5
8990000,0,8990000,10.21,6,1,6.0,9336000.0,1544000,0,31,0,7000000,0,1200000,14500000,5000000,2,2
3000000,150000,3150000,65.0,6,1,6.0,3846000.0,629000,0,34,0,5000000,0,800000,5000000,800000,4,5
7990000,399500,8389500,45.0,6,1,6.0,9600000.0,1588000,0,42,2,10000000,0,1500000,18000000,5000000,0,1
2000000,100000,2100000,65.0,6,1,6.0,2592000.0,420000,1,32,0,8000000,0,1200000,16000000,5000000,2,0
2961000,195426,3156426,0.01,3,1,3.0,3195000.0,1053000,1,31,1,7000000,0,1000000,17000000,5000000,2,3
3090000,154500,3244500,45.0,6,1,6.0,3760000.0,614000,1,34,0,6000000,0,600000,18000000,3000000,2,2
3913000,258258,4171258,0.01,6,1,3.0,4248000.0,696000,0,36,0,4500000,0,500000,18000000,2500000,2,2
2994000,197604,3191604,0.01,4,1,4.0,3240000.0,798000,1,34,0,100000000,0,10000000,100000000,10000000,2,3
5590000,279500,5869500,35.0,12,1,12.0,7185000.0,587000,1,40,2,12000000,0,1000000,25000000,3000000,2,3
8095000,0,8095000,35.0,9,1,9.0,9432000.0,1036000,0,46,2,30000000,0,8000000,30000000,8000000,0,3
3913000,258258,4171258,0.01,6,1,6.0,4244000.0,696000,0,20,0,3000000,0,800000,12000000,4000000,4,5
4990000,329340,5319340,0.01,6,1,6.0,5392000.0,887000,0,55,2,10000000,0,1000000,43000000,4000000,2,3
4390000,289740,4679740,0.01,6,1,6.0,4752000.0,780000,0,33,0,6000000,0,500000,15000000,1000000,2,3
7750000,511500,8261500,0.01,6,1,6.0,8334000.0,1377000,1,50,0,5000000,0,2000000,15000000,4000000,2,3
4893000,322938,5215938,0.01,6,1,6.0,5292000.0,870000,1,22,0,5000000,0,2000000,25000000,7000000,4,3
2390000,119500,2509500,45.0,6,1,6.0,2922000.0,475000,0,41,0,4500000,0,700000,11000000,3800000,0,5
44000000,2200000,46200000,45.0,18,1,12.0,43056000.0,3576000,0,36,0,12000000,0,2000000,20000000,3000000,0,5
8090000,404500,8494500,45.0,6,1,6.0,9720000.0,1608000,1,24,0,5000000,0,1000000,21000000,3000000,4,3
18700000,1028500,19728500,45.0,12,1,11.0,25007000.0,2072000,1,24,0,10000000,0,900000,20000000,5000000,4,3
6299000,415734,6714734,0.01,6,1,6.0,6792000.0,1120000,0,20,0,10000000,0,1000000,20000000,3000000,4,7
9090000,599940,9689940,0.01,6,1,6.0,9768000.0,1616000,0,29,1,7000000,0,1700000,13000000,4000000,2,0
2214000,146124,2360124,0.01,4,1,4.0,2409000.0,591000,1,34,1,7500000,0,1500000,14000000,2000000,2,3
6700000,335000,7035000,85.0,8,0,7.0,8465000.0,1182000,1,32,0,8000000,0,800000,15000000,4000000,2,3
36000000,0,36000000,45.0,12,1,10.0,45671742.0,3781000,0,34,2,8000000,0,800000,20000000,2200000,2,3
26950000,1347500,28297500,45.0,24,1,12.0,21852000.0,1809000,0,35,0,12000000,0,1000000,25000000,4000000,2,3
7191000,474606,7665606,0.01,6,1,6.0,7740000.0,1278000,1,23,0,10000000,0,2000000,10000000,2000000,4,3
3600000,180000,3780000,65.0,6,1,6.0,4600000.0,755000,1,28,0,7000000,0,500000,15000000,1500000,4,3
5154000,340164,5494164,0.01,6,1,6.0,5568000.0,916000,0,49,0,13600000,0,2000000,26000000,4000000,2,3
2303000,115150,2418150,65.0,6,1,6.0,2970000.0,483000,1,21,0,7500000,0,700000,20000000,2000000,4,4
2814000,185724,2999724,0.01,4,1,4.0,3048000.0,750000,1,27,1,7000000,0,1000000,13000000,3000000,2,5
3990000,199500,4189500,45.0,6,1,6.0,4829000.0,793000,0,42,0,8000000,0,1000000,40000000,5000000,2,1
6499000,428934,6927934,0.01,6,1,6.0,7003000.0,1155000,0,43,1,5000000,0,1000000,25000000,4500000,2,3
9590000,632940,10222940,0.01,6,1,6.0,10296000.0,1704000,1,35,1,10000000,0,1200000,19000000,4500000,0,3
1600000,105600,1705600,65.0,3,1,3.0,1956000.0,632000,1,31,0,5000000,0,800000,9000000,3500000,2,3
4600000,303600,4903600,48.2,6,1,6.0,5760000.0,936000,0,21,0,6000000,0,800000,6000000,800000,4,3
2694000,177804,2871804,0.01,4,1,4.0,2920000.0,718000,1,27,1,9000000,0,1000000,15000000,3000000,2,5
12800000,640000,13440000,55.0,12,1,12.0,17906000.0,1481000,1,42,0,9000000,0,1000000,35000000,5000000,0,2
4600000,0,4600000,48.2,6,1,5.0,5340000.0,878000,1,35,2,10000000,0,1000000,20000000,4000000,2,3
35000000,1750000,36750000,45.0,24,1,13.0,29226000.0,2350000,0,33,3,15000000,0,1000000,30000000,5000000,2,3
36000000,1800000,37800000,45.0,12,1,12.0,47784000.0,3970000,1,27,0,10000000,0,1500000,30000000,4000000,3,5
9900000,653400,10553400,0.01,6,1,6.0,10626000.0,1759000,1,47,0,8000000,0,1000000,16000000,5000000,2,7
5590000,279500,5869500,65.0,6,1,6.0,7104000.0,1172000,0,48,0,6500000,0,1000000,25000000,4500000,2,7
20000000,1000000,21000000,35.0,12,0,3.0,23643000.0,2100000,1,37,0,10000000,0,1000000,25000000,4000000,2,3
2000000,0,2000000,45.0,6,1,6.0,2289000.0,379000,0,24,1,8000000,0,1400000,15000000,2500000,4,7
6480000,427680,6907680,0.01,6,1,6.0,6990000.0,1152000,0,45,0,5000000,0,800000,8000000,2400000,2,3
4690000,234500,4924500,85.0,6,1,6.0,6369000.0,1036000,0,25,1,9000000,0,2500000,17000000,7000000,2,5
4490000,224500,4714500,35.0,9,1,9.0,5575000.0,604000,1,25,0,9000000,0,1000000,20000000,5000000,2,7
5000000,330000,5330000,0.01,6,1,6.0,5406000.0,889000,0,51,0,7000000,0,800000,25000000,5000000,2,2
2982000,196812,3178812,0.01,6,1,4.0,3252000.0,530000,0,20,0,6000000,0,1000000,20000000,4000000,4,3
28000000,1540000,29540000,45.0,18,1,12.0,27590000.0,2287000,0,27,1,6500000,0,1000000,15000000,3000000,2,2
5890000,294500,6184500,35.0,9,1,9.0,7236000.0,792000,1,22,0,5500000,0,800000,22000000,2800000,4,2
4683000,309078,4992078,0.01,6,1,6.0,5070000.0,833000,0,35,0,7000000,0,1000000,18000000,4000000,2,5
7910000,0,7910000,0.01,6,1,6.0,7986000.0,1319000,0,26,0,8000000,0,800000,8000000,800000,4,3
3913000,258258,4171258,0.01,6,1,6.0,4248000.0,696000,1,30,1,12000000,0,1000000,24000000,3000000,2,3
5310000,350460,5660460,0.01,6,1,6.0,5724000.0,944000,1,49,3,7000000,0,900000,17000000,2200000,2,5
6890000,454740,7344740,0.01,6,1,6.0,7417000.0,1225000,0,30,2,10000000,0,1000000,20000000,4000000,2,5
8700000,574200,9274200,0.01,6,1,6.0,9348000.0,1546000,0,45,2,5000000,0,500000,20000000,3000000,2,5
34500000,1897500,36397500,45.0,18,0,10.0,28288000.0,2818000,0,32,0,10000000,0,1200000,27000000,6700000,2,3
7290000,364500,7654500,85.0,6,0,3.0,4977000.0,1611000,1,26,0,9000000,0,1000000,28000000,3000000,1,3
5590000,368940,5958940,0.01,6,0,2.0,2012000.0,994000,1,24,0,8000000,0,1200000,17000000,4500000,2,3
4500000,297000,4797000,0.01,6,1,6.0,4860000.0,800000,1,31,2,6000000,0,500000,10000000,3000000,2,5
3880000,194000,4074000,65.0,6,1,5.0,4956000.0,814000,1,26,1,8000000,0,1000000,18000000,4000000,2,3
5752000,287600,6039600,35.0,9,1,9.0,7065000.0,773000,1,39,1,8000000,0,1200000,20000000,6800000,1,0
4390000,289740,4679740,0.01,4,1,4.0,4728000.0,1170000,0,47,0,6000000,0,1000000,18000000,3000000,0,3
17960000,898000,18858000,35.0,12,1,12.0,22764000.0,1886000,0,30,0,5500000,0,1400000,24000000,7000000,4,3
9990000,499500,10489500,45.0,6,1,6.0,11982000.0,1985000,0,46,0,8000000,0,1000000,20000000,5000000,0,3
4893000,322938,5215938,0.01,6,1,6.0,5292000.0,870000,1,25,0,4000000,0,700000,8000000,1400000,4,3
7990000,527340,8517340,0.01,6,1,6.0,8592000.0,1420000,1,40,0,7000000,0,800000,7000000,800000,2,5
2443000,122150,2565150,45.0,6,1,6.0,2984000.0,486000,1,50,2,18000000,0,2000000,30000000,5000000,2,3
6293000,415338,6708338,0.01,6,1,6.0,6786000.0,1119000,1,29,0,9000000,0,1000000,18000000,3000000,2,2
3590000,179500,3769500,65.0,6,1,6.0,4641000.0,753000,1,29,0,6000000,0,1000000,20000000,3000000,3,5
3000000,150000,3150000,45.0,6,1,4.0,3608000.0,597000,0,28,0,5500000,0,1000000,14000000,3000000,2,7
2290000,114500,2404500,65.0,6,1,5.0,2998000.0,481000,1,30,1,10000000,0,1000000,15000000,5000000,2,3
2000000,100000,2100000,45.0,6,1,6.0,2448000.0,398000,1,33,2,10000000,0,800000,18000000,3200000,2,3
12400000,818400,13218400,0.01,6,1,6.0,13296000.0,2204000,0,50,0,7500000,0,1000000,14000000,4000000,1,7
6990000,461340,7451340,0.01,6,1,6.0,7524000.0,1242000,1,56,0,6000000,0,1500000,24000000,7000000,2,2
4893000,322938,5215938,0.01,6,1,6.0,5292000.0,870000,1,22,0,10000000,0,2000000,15000000,4000000,2,3
8490000,424500,8914500,65.0,12,1,12.0,12664000.0,1030000,1,22,0,6500000,0,1000000,24500000,3500000,2,3
9290000,613140,9903140,0.01,6,1,6.0,9978000.0,1651000,1,36,0,12000000,0,1000000,20000000,3000000,2,1
3410000,170500,3580500,65.0,6,1,5.0,4362000.0,715000,1,20,0,8000000,0,3000000,8000000,3000000,4,5
43000000,0,43000000,0.01,24,1,7.0,44377266.0,1792000,0,39,0,7000000,0,800000,13000000,5000000,3,2
4552000,300432,4852432,0.01,6,0,5.0,4105000.0,809000,0,29,0,7000000,0,1000000,15000000,4000000,2,1
6480000,427680,6907680,0.01,6,1,6.0,6984000.0,1152000,1,28,0,9000000,0,1000000,30000000,5000000,2,5
4893000,322938,5215938,0.01,6,1,1.0,5292000.0,870000,0,31,2,6000000,0,1000000,12000000,4000000,2,5
7490000,374500,7864500,35.0,9,1,9.0,9171000.0,1007000,1,29,1,9000000,0,2000000,14000000,6000000,2,3
2630000,131500,2761500,65.0,6,1,6.0,3384000.0,552000,1,23,0,6500000,0,1200000,21000000,7000000,4,3
3032000,200112,3232112,0.01,4,1,4.0,3284000.0,809000,1,21,0,8000000,0,500000,15000000,1000000,4,3
2303000,151998,2454998,0.01,6,0,4.0,2110000.0,410000,0,30,2,4000000,0,1000000,10000000,4000000,2,5
6000000,300000,6300000,80.0,12,1,9.0,9537000.0,780000,1,49,0,7000000,0,1200000,14000000,3300000,2,3
18400000,0,18400000,0.0,12,1,12.0,22284000.0,1845000,1,31,0,9500000,0,900000,30000000,3000000,1,0
4990000,249500,5239500,35.0,9,1,9.0,6147000.0,671000,1,22,0,5000000,0,1500000,20000000,13000000,4,2
6290000,415140,6705140,0.01,6,1,6.0,6768000.0,1118000,0,52,1,6000000,0,1500000,16000000,5000000,2,5
12560000,628000,13188000,35.0,9,1,7.0,15300000.0,1688000,1,23,0,9000000,0,1200000,22000000,6000000,4,0
5490000,274500,5764500,35.0,9,1,4.0,6825000.0,738000,1,30,0,10000000,0,3000000,30000000,10000000,4,0
3913000,258258,4171258,0.01,6,1,6.0,4230000.0,696000,1,35,3,15000000,0,1000000,30000000,5000000,0,1
5190000,259500,5449500,45.0,6,1,6.0,6264000.0,1032000,1,29,0,6000000,0,1000000,18000000,3000000,4,7
10143000,507150,10650150,35.0,9,1,9.0,12375000.0,1363000,1,31,1,10000000,0,2000000,13000000,6000000,2,3
4893000,322938,5215938,0.01,6,1,6.0,5292000.0,870000,1,27,1,16000000,0,1000000,23000000,3000000,2,3
1592000,105072,1697072,65.0,3,1,3.0,1923000.0,629000,1,35,0,5000000,0,1000000,15000000,3000000,2,5
2700000,178200,2878200,0.01,3,1,3.0,2916000.0,960000,1,32,1,9000000,0,2400000,18000000,5000000,2,1
2490000,124500,2614500,65.0,6,1,6.0,3201000.0,522000,0,36,2,4600000,0,1000000,12000000,4000000,2,5
6790000,339500,7129500,35.0,9,1,9.0,8316000.0,913000,1,51,0,12000000,0,1500000,25000000,4000000,0,3
2023000,0,2023000,45.0,6,1,6.0,2358000.0,383000,1,23,0,7000000,0,1200000,16900000,3350000,4,2
3913000,258258,4171258,0.01,6,1,6.0,4248000.0,696000,0,20,0,10000000,0,1200000,19000000,3500000,0,3
4290000,214500,4504500,65.0,6,1,6.0,5448000.0,900000,1,35,2,8000000,0,1000000,24000000,3000000,2,1
26000000,1716000,27716000,0.0,12,1,12.0,33477000.0,2779000,1,45,0,10000000,0,1200000,35000000,6000000,2,3
3990000,199500,4189500,45.0,6,1,5.0,4830000.0,793000,1,20,0,6000000,0,800000,22000000,4500000,4,3
4390000,219500,4609500,35.0,9,1,9.0,5404000.0,590000,0,38,4,10000000,0,1000000,20000000,2000000,2,3
6290000,314500,6604500,85.0,12,0,11.0,9328000.0,836000,0,26,0,6000000,0,1000000,15000000,3000000,2,3
5000000,330000,5330000,0.01,6,1,6.0,5406000.0,889000,0,57,0,6000000,0,500000,18000000,2500000,0,2
3752000,187600,3939600,65.0,6,1,4.0,4862549.0,787000,1,27,0,6000000,0,900000,18000000,4000000,0,3
2950000,0,2950000,45.0,6,1,6.0,3426000.0,559000,0,29,2,5500000,0,800000,18000000,4500000,2,3
5590000,279500,5869500,45.0,12,1,12.0,7548000.0,617000,1,25,0,4000000,0,1200000,14000000,6000000,2,5
4000000,200000,4200000,65.0,6,1,6.0,5094000.0,839000,1,28,0,5000000,0,900000,10000000,3000000,0,3
2981300,196766,3178066,0.01,6,1,6.0,3252000.0,530000,1,34,0,7000000,0,600000,16000000,2500000,4,2
9990000,0,9990000,35.0,9,1,7.0,11659000.0,1279000,1,20,0,9500000,0,900000,20000000,4000000,4,2
4040000,202000,4242000,45.0,6,1,6.0,4888000.0,803000,1,29,0,7000000,0,1000000,20000000,4000000,2,3
6291000,0,6291000,19.6,10,1,10.0,6989860.0,687000,0,39,0,6000000,0,1000000,20000000,4000000,2,7
6952000,347600,7299600,65.0,6,0,2.0,4374000.0,1458000,0,32,2,6000000,0,1000000,20000000,4000000,2,5
6993000,461538,7454538,0.01,6,1,6.0,7530000.0,1243000,0,39,2,12000000,0,1000000,20000000,4000000,2,3
10490000,524500,11014500,35.0,9,1,9.0,12798000.0,1410000,0,21,0,7000000,0,1000000,19000000,4000000,4,3
2890000,144500,3034500,45.0,6,0,2.0,3398000.0,575000,0,46,0,5000000,0,800000,15000000,2400000,2,2
4940000,247000,5187000,35.0,12,0,8.0,4248000.0,519000,1,40,0,10000000,0,1000000,10000000,2000000,2,3
7190000,359500,7549500,35.0,9,1,9.0,8802000.0,966000,1,20,0,6000000,0,800000,20000000,3500000,4,3
3000000,150000,3150000,35.0,9,1,9.0,3735000.0,403000,1,31,0,6500000,0,900000,30000000,3000000,4,2
5990000,299500,6289500,85.0,10,0,3.0,2733000.0,899000,0,28,1,4500000,0,500000,20000000,6000000,2,3
36000000,1980000,37980000,45.0,12,1,9.0,48003000.0,3989000,1,32,2,7000000,0,800000,13000000,3500000,2,3
25000000,1375000,26375000,47.0,24,0,11.0,19004250.0,1715125,0,51,0,10000000,0,12000000,30000000,5000000,2,3
20000000,1100000,21100000,44.5,24,1,5.0,28663000.0,1342868,1,30,0,5300000,0,9000000,16000000,2500000,2,4
20000000,1100000,21100000,44.5,12,1,12.0,26619048.0,2210368,1,44,0,12000000,0,24000000,25000000,7000000,2,3
25000000,1375000,26375000,59.99,24,0,12.0,21251265.0,1911265,1,43,0,10000000,0,12000000,15000000,5000000,2,4
30000000,1650000,31650000,31.5,24,0,11.0,19877000.0,1794170,0,34,0,10000000,0,12000000,25000000,2500000,2,3
35000000,1925000,36925000,33.5,30,0,12.0,20315036.0,1833509,1,38,0,20000000,0,36000000,40000000,6000000,2,4
14000000,770000,14770000,68.0,23,1,11.0,21240295.0,1140859,0,44,0,5000000,0,7200000,20000000,1500000,2,5
30000000,0,30000000,47.0,30,1,12.0,20760000.0,1717392,0,26,0,6290000,0,9600000,35000000,3000000,2,5
30000000,1650000,31650000,44.5,24,0,-1.0,-1.0,2014302,1,30,0,22000000,0,24000000,60000000,5000000,2,2
10000000,550000,10550000,31.5,18,0,11.0,8294001.0,742964,0,29,0,5000000,0,8400000,20000000,5000000,4,2
15000000,825000,15825000,45.0,12,1,12.0,19774280.0,1661820,1,37,0,6961000,0,6000000,14000000,2500000,2,1
30000000,1650000,31650000,44.5,24,1,13.0,25399624.0,2014302,1,28,0,8000000,0,18000000,20000000,6000000,2,3
30000000,1650000,31650000,45.0,24,1,11.0,44976000.0,2023033,0,33,0,10000000,0,21600000,16500000,3500000,2,4
30000000,1650000,31650000,47.0,24,0,11.0,22770750.0,2058150,0,26,0,6465000,0,6000000,25000000,2000000,2,3
20000000,1100000,21100000,35.0,18,1,12.0,18288000.0,1523365,0,24,0,5000000,0,12000000,15000000,5000000,2,5
15000000,825000,15825000,59.99,18,0,11.0,15022129.0,1353681,0,25,0,4000000,0,13200000,25000000,5000000,2,3
40000000,2200000,42200000,33.5,24,0,11.0,24499000.0,2436213,1,30,0,12000000,0,12000000,65000000,5000000,4,3
20000000,1100000,21100000,45.0,24,0,4.0,9524689.0,1348689,1,53,0,14000000,0,24000000,30000000,6000000,2,7
15000000,825000,15825000,45.0,12,0,4.0,6672000.0,1661820,1,46,0,8000000,0,18000000,8000000,1500000,1,1
20000000,1100000,21100000,44.5,24,1,12.0,16259340.0,1342868,1,29,0,7000000,0,14400000,14000000,4000000,2,5
30000000,1650000,31650000,45.0,24,0,11.0,22365000.0,2023033,1,32,0,12000000,0,12000000,20000000,4000000,2,3
10000000,550000,10550000,33.5,12,1,12.0,12708000.0,1046737,1,55,0,4000000,0,12000000,10000000,3000000,2,5
40000000,2200000,42200000,45.0,24,0,1.0,2710000.0,2697378,1,23,0,7500000,0,18000000,7500000,1500000,4,3
20000000,1100000,21100000,45.0,24,0,11.0,14968201.0,1348689,0,46,0,6000000,0,18000000,32000000,6000000,2,5
10000000,550000,10550000,44.5,12,1,12.0,13404368.0,1105184,1,48,0,15000000,0,12000000,40000000,6000000,2,5
40000000,2200000,42200000,37.0,24,0,11.0,27794115.0,2514223,0,38,0,10000000,0,36000000,25000000,10000000,2,4
20000000,1100000,21100000,59.99,24,1,13.0,20046000.0,1529012,0,35,0,9000000,0,13200000,18000000,3500000,2,5
30000000,1650000,31650000,35.0,30,1,12.0,19320000.0,1597414,1,41,0,7000000,0,18000000,12000000,3000000,2,5
30000000,1650000,31650000,44.5,24,0,5.0,24030000.0,2014302,1,33,0,10000000,0,36000000,31000000,6000000,2,2
35000000,1925000,36925000,33.5,30,1,12.0,22222000.0,1833509,1,32,0,7000000,0,21600000,13500000,4000000,2,3
20000000,1100000,21100000,47.0,24,1,12.0,16464000.0,1372100,0,50,0,4000000,0,9600000,20000000,4000000,4,3
30000000,1650000,31650000,45.0,24,0,1.0,2035000.0,2023033,0,48,0,10000000,0,24000000,18000000,5000000,2,1
30000000,1650000,31650000,44.5,24,0,3.0,6080000.0,2014302,1,28,0,6000000,0,24000000,24000000,4500000,2,3
10000000,550000,10550000,60.0,24,1,12.0,9324000.0,764568,1,23,0,7000000,0,18000000,20000000,4000000,4,5
25000000,1375000,26375000,33.5,24,1,7.0,32700633.0,1522633,1,32,0,15000000,0,36000000,25000000,5000000,2,3
25000000,1375000,26375000,44.5,24,1,12.0,20280000.0,1678585,1,48,0,5000000,0,24000000,20000000,4000000,2,3
10000000,550000,10550000,35.0,24,1,12.0,7559001.0,617371,1,35,0,8000000,0,9600000,10000000,1000000,2,5
10000000,550000,10550000,59.99,12,1,13.0,14137268.0,1190252,0,30,0,5000000,0,12000000,20000000,2500000,2,4
40000000,2200000,42200000,44.5,24,1,12.0,32400000.0,2685736,1,35,0,8000000,0,9600000,40000000,5000000,2,7
30000000,1650000,31650000,35.0,30,1,12.0,23808000.0,1597414,1,35,0,15000000,0,18000000,22000000,4000000,2,5
30000000,1650000,31650000,44.5,24,1,12.0,24319000.0,2014302,1,37,0,12000000,0,19200000,24000000,5000000,2,3
40000000,2200000,42200000,35.0,30,1,13.0,27833088.0,2129886,1,40,0,20000000,0,24000000,30000000,5000000,2,3
10000000,550000,10550000,60.0,12,0,11.0,13225388.0,1190308,1,48,0,7000000,0,12000000,16000000,3000000,2,3
20000000,1100000,21100000,45.0,24,1,12.0,16332000.0,1348689,0,21,0,6000000,0,18000000,15000000,3500000,2,3
30000000,1650000,31650000,47.0,24,0,11.0,22776750.0,2058150,1,37,0,6000000,0,7200000,20000000,3000000,2,5
10000000,550000,10550000,33.5,18,1,12.0,9191260.0,753630,1,32,0,8000000,0,19200000,12000000,3000000,2,3
15000000,825000,15825000,60.0,30,0,6.0,5250000.0,1029439,1,33,0,9000000,0,16800000,14000000,3500000,4,3
30000000,1650000,31650000,44.5,18,1,12.0,29436000.0,2441232,1,30,0,7500000,0,14400000,50000000,6000000,4,2
12000000,660000,12660000,68.0,12,0,11.0,16441000.0,1482574,0,23,0,6000000,0,12000000,20000000,4000000,2,3
25000000,1375000,26375000,47.0,18,0,11.0,22901000.0,2069362,1,26,0,10000000,0,12000000,20000000,3500000,2,5
20000000,1100000,21100000,59.99,24,1,12.0,18493000.0,1529012,1,40,0,7500000,0,14400000,11000000,3000000,2,5
25000000,1375000,26375000,45.0,24,1,12.0,20400000.0,1685861,0,31,0,10000000,0,14400000,20000000,4000000,2,3
10000000,550000,10550000,59.99,12,1,12.0,14747500.0,1190252,1,29,0,10000000,0,24000000,20000000,4000000,2,5
10000000,550000,10550000,45.0,24,1,12.0,8251000.0,674344,0,41,0,6000000,0,12000000,25000000,3000000,3,3
30000000,1650000,31650000,44.5,24,0,11.0,22296000.0,2014302,1,52,0,20000000,0,24000000,80000000,8000000,2,1
30000000,1650000,31650000,35.0,30,1,12.0,19312968.0,1597414,0,54,0,7000000,0,14400000,16000000,3000000,1,5
20000000,1100000,21100000,59.99,24,0,9.0,13869072.0,1529012,0,46,0,7000000,0,12000000,15000000,3000000,2,1
20000000,1100000,21100000,59.99,15,0,3.0,6099000.0,2032708,0,45,0,8000000,0,8400000,22000000,2500000,2,5
30000000,1650000,31650000,35.0,30,0,11.0,17694484.0,1597414,1,20,0,9000000,0,8400000,40000000,8000000,4,5
35000000,1925000,36925000,47.0,24,1,12.0,29010000.0,2401175,1,26,0,7000000,0,12000000,20000000,7000000,2,2
20000000,1100000,21100000,37.0,24,0,11.0,13961000.0,1257111,0,28,0,4218000,0,8400000,15000000,4500000,2,5
25000000,1375000,26375000,35.0,24,0,11.0,17160000.0,1543429,0,35,0,10000000,0,24000000,25000000,7000000,2,5
35000000,1925000,36925000,33.5,24,1,12.0,25755000.0,2131687,1,50,0,10000000,0,24000000,30000000,8000000,2,4
40000000,2200000,42200000,45.0,36,1,14.0,26008620.0,2155180,1,33,0,15000000,0,18000000,25000000,4800000,4,3
40000000,2200000,42200000,35.0,30,1,12.0,25701202.0,2129886,0,59,0,8000000,0,12000000,18000000,4000000,2,4
25000000,1375000,26375000,45.0,24,0,11.0,18680000.0,1685861,1,38,0,10000000,0,12000000,30000000,4000000,2,2
20000000,0,20000000,47.0,24,1,12.0,15748000.0,1300569,1,20,0,7233000,0,9600000,12000000,3000000,4,3
10000000,550000,10550000,59.99,24,0,9.0,6993000.0,764506,0,46,0,10000000,0,12000000,17000000,4000000,2,1
20000000,1100000,21100000,59.99,24,1,13.0,20046000.0,1529012,1,36,0,8000000,0,12000000,17000000,2500000,2,5
12000000,660000,12660000,68.0,12,0,11.0,16359722.0,1482574,0,21,0,12000000,0,9600000,18000000,6000000,2,3
20000000,1100000,21100000,47.0,24,0,12.0,14295000.0,1372100,1,20,0,5059000,0,12000000,15000000,4000000,4,3
30000000,1650000,31650000,45.0,24,1,12.0,24420198.0,2023033,1,29,0,10000000,0,18000000,30000000,4000000,2,2
20000000,1100000,21100000,33.5,20,0,7.0,9835000.0,1391075,1,23,0,5000000,0,24000000,21000000,5000000,2,5
10000000,550000,10550000,59.99,24,0,11.0,8545506.0,764506,0,41,0,8000000,0,12000000,20000000,5000000,2,3
30000000,1650000,31650000,35.0,30,0,11.0,17705414.0,1597414,1,25,0,8000000,0,8400000,25000000,3000000,4,2
20000000,1100000,21100000,33.5,24,0,4.0,4922214.0,1218107,1,26,0,10000000,0,36000000,10000000,3000000,4,3
30000000,1650000,31650000,35.0,24,0,13.0,20506000.0,1852114,1,35,0,10000000,0,12000000,20000000,3000000,2,5
20000000,1100000,21100000,47.0,24,0,6.0,8310000.0,1372100,1,26,0,8000000,0,18000000,25000000,6000000,4,3
20000000,1100000,21100000,37.0,18,1,12.0,18672000.0,1544983,0,26,0,7200000,0,12000000,40000000,10000000,2,3
30000000,1650000,31650000,47.0,24,1,14.0,24817650.0,2058150,0,25,0,15666000,0,24000000,16000000,2000000,4,2
20000000,1100000,21100000,44.5,24,1,12.0,16259000.0,1342868,0,44,0,7000000,0,9600000,20000000,4000000,2,5
25000000,1375000,26375000,45.0,24,1,12.0,20370305.0,1685861,0,31,0,5000000,0,12000000,20000000,4000000,2,5
15000000,825000,15825000,35.0,24,1,12.0,11256684.0,926057,0,20,0,6000000,0,24000000,30000000,5000000,2,3
25000000,1375000,26375000,45.0,24,1,12.0,20374722.0,1685861,1,23,0,5500000,0,24000000,30000000,6000000,4,4
30000000,1650000,31650000,47.0,35,1,12.0,20003605.0,1654605,1,31,0,7014000,0,8400000,20000000,5000000,2,5
20000000,1100000,21100000,44.5,24,1,13.0,17615000.0,1342868,0,36,0,7000000,0,8400000,15000000,3000000,2,5
20000000,1100000,21100000,35.0,24,1,12.0,15000000.0,1234743,0,29,0,5000000,0,12000000,17000000,5000000,2,7
15000000,825000,15825000,59.99,24,1,12.0,13907000.0,1146759,0,27,0,10000000,0,12000000,20000000,4000000,2,3
25000000,1375000,26375000,59.99,24,0,8.0,14377000.0,1911265,1,49,0,9000000,0,12000000,40000000,15000000,2,5
30000000,1650000,31650000,35.0,18,1,12.0,27600000.0,2285048,1,38,0,9000000,0,18000000,30000000,8000000,2,7
20000000,1100000,21100000,47.0,12,0,10.0,22500000.0,2237394,0,32,0,7000000,0,12000000,16000000,4000000,2,3
20000000,1100000,21100000,45.0,18,0,11.0,18106000.0,1633069,0,48,0,6000000,0,12000000,17000000,3000000,4,1
20000000,1100000,21100000,44.5,24,1,12.0,16260000.0,1342868,0,23,0,16000000,0,24000000,35000000,8000000,2,3
20000000,1100000,21100000,59.99,24,0,10.0,16955000.0,1529012,0,28,0,10000000,0,12000000,25000000,3000000,2,3
10000000,550000,10550000,59.99,12,1,10.0,14292000.0,1190252,0,36,0,6000000,0,6000000,19000000,4000000,2,1
27000000,1485000,28485000,37.0,12,0,11.0,31748664.0,2875916,1,40,0,15000000,0,18000000,25000000,4000000,2,3
20000000,1100000,21100000,35.0,30,0,11.0,11842943.0,1064943,0,48,0,32000000,0,38400000,100000000,10000000,2,1
30000000,1650000,31650000,37.0,24,0,11.0,20878000.0,1885667,1,29,0,7000000,0,12000000,20000000,3000000,2,3
20000000,1100000,21100000,45.0,24,1,12.0,16332000.0,1348689,0,56,0,15000000,0,18000000,25000000,4000000,2,3
40000000,2200000,42200000,37.0,24,1,12.0,30315000.0,2514223,1,28,0,20000000,0,36000000,28000000,7000000,2,3
40000000,2200000,42200000,35.0,24,1,12.0,29778972.0,2469486,0,40,0,9000000,0,12000000,18000000,4000000,2,5
15000000,825000,15825000,33.5,12,0,2.0,3165000.0,1570106,1,53,0,8000000,0,12000000,25000000,5000000,2,5
10000000,550000,10550000,35.0,24,0,11.0,6930000.0,617371,1,44,0,6000000,0,12000000,15000000,3000000,2,3
25000000,1375000,26375000,37.0,36,1,12.0,15625288.0,1223144,1,49,0,4000000,0,12000000,10000000,3000000,2,5
20000000,1100000,21100000,33.5,18,0,11.0,16720000.0,1507259,0,41,0,8000000,0,12000000,18000000,6000000,2,5
30000000,1650000,31650000,35.0,24,0,-1.0,-1.0,1852114,1,48,0,8000000,0,12000000,20000000,5000000,2,3
40000000,2200000,42200000,45.0,24,0,2.0,8106000.0,2697378,1,29,0,11000000,0,24000000,30000000,5400000,2,3
15000000,825000,15825000,45.0,24,1,12.0,12144000.0,1011517,0,50,0,6000000,0,12000000,15000000,3000000,2,3
10000000,550000,10550000,45.0,21,1,5.0,13216172.0,734793,1,58,0,5000000,0,9000000,10000000,2000000,2,3
9500000,522500,10022500,60.0,18,1,12.0,10416000.0,857387,1,43,0,6000000,0,8400000,18000000,2200000,2,1
20000000,1100000,21100000,59.99,24,1,12.0,18492000.0,1529012,0,36,0,7000000,0,18000000,15500000,5000000,2,1
20000000,1100000,21100000,35.0,24,0,12.0,13691000.0,1234743,0,24,0,8000000,0,18000000,15000000,4000000,2,2
30000000,1650000,31650000,33.5,18,1,6.0,37278000.0,2260889,1,31,0,6000000,0,12000000,11500000,4000000,2,5
10000000,550000,10550000,35.0,24,1,12.0,7560000.0,617371,0,45,0,6000000,0,10800000,10500000,3000000,4,5
20000000,1100000,21100000,59.99,24,0,-1.0,-1.0,1529012,0,50,0,12000000,0,18000000,22000000,2500000,1,3
20000000,1100000,21100000,35.0,15,1,14.0,22997000.0,1756838,1,35,0,8000000,0,8400000,15000000,1500000,2,5
20000000,1100000,21100000,47.0,18,0,10.0,11672470.0,1655490,1,27,0,6000000,0,15600000,20000000,7000000,4,3
20000000,1100000,21100000,33.5,12,1,12.0,25080000.0,2093474,0,33,0,7000000,0,12000000,17000000,4000000,2,5
16000000,880000,16880000,47.0,24,1,12.0,13320000.0,1097680,1,57,0,8000000,0,12000000,25000000,5000000,2,3
40000000,2200000,42200000,60.0,36,1,10.0,64594366.0,2550334,0,25,0,15000000,0,24000000,15000000,2000000,4,4
25000000,1375000,26375000,47.0,15,0,7.0,16597000.0,2358395,1,39,0,7000000,0,16800000,30000000,6000000,2,4
15000000,825000,15825000,45.0,12,0,11.0,18351280.0,1661820,0,21,0,7000000,0,12000000,25000000,4200000,4,3
50000000,2750000,52750000,35.0,30,1,12.0,31956000.0,2662357,1,44,0,20000000,0,24000000,40000000,6000000,2,3
20000000,1100000,21100000,45.0,24,1,13.0,16200000.0,1348689,0,23,0,10000000,0,12000000,50000000,8000000,2,5
20000000,1100000,21100000,47.0,12,0,4.0,8998394.0,2237394,1,32,0,15000000,0,14400000,40000000,5000000,2,3
25000000,1375000,26375000,44.5,24,1,12.0,20286000.0,1678585,0,45,0,10000000,0,18000000,15000000,4500000,1,5
15000000,825000,15825000,60.0,18,1,12.0,16388307.0,1353769,0,25,0,7000000,0,12000000,20000000,4000000,1,1
10000000,550000,10550000,44.5,18,0,4.0,3304000.0,813744,0,33,0,4200000,0,6000000,11500000,2000000,2,5
10000000,550000,10550000,33.5,12,0,8.0,10571000.0,1046737,1,35,0,7000000,0,9600000,30000000,7000000,2,3
30000000,1650000,31650000,37.0,36,1,13.0,20414264.0,1467772,0,21,0,15000000,0,14400000,40000000,6000000,2,7
30000000,1650000,31650000,37.0,24,1,13.0,24674000.0,1885667,1,22,0,9803000,0,12000000,25000000,2000000,4,2
15000000,825000,15825000,35.0,15,1,12.0,15955548.0,1317629,0,21,0,8000000,0,12000000,25000000,7000000,4,3
30000000,1650000,31650000,44.5,24,0,5.0,18248114.0,2014302,0,42,0,20000000,0,21600000,62000000,5000000,2,3
10000000,550000,10550000,31.5,12,0,4.0,11995000.0,1036289,1,26,0,8000000,0,18000000,9000000,4000000,4,5
40000000,2200000,42200000,44.5,24,0,7.0,26200000.0,2685736,1,26,0,10000000,0,24000000,35000000,8000000,4,2
37000000,2035000,39035000,45.0,12,0,6.0,24667000.0,4099155,1,46,0,12000000,0,36000000,25000000,9000000,2,5
20000000,1100000,21100000,35.0,12,1,12.0,25267219.0,2109219,1,54,0,12000000,0,24000000,65000000,8000000,2,3
20000000,1100000,21100000,59.99,24,0,3.0,4626000.0,1529012,1,38,0,6000000,0,36000000,12000000,6000000,2,1
10000000,550000,10550000,59.99,12,1,12.0,14312016.0,1190252,1,41,0,6000000,0,8400000,12000000,3000000,2,1
20000000,1100000,21100000,44.5,24,0,11.0,14887000.0,1342868,1,36,0,7000000,0,12000000,17000000,4000000,4,5
18000000,990000,18990000,35.0,18,1,12.0,16615116.0,1371029,0,22,0,4000000,0,6000000,35000000,5000000,4,4
29000000,1595000,30595000,47.0,24,0,11.0,22017000.0,1989545,1,32,0,5878000,0,12000000,20000000,3000000,4,5
15000000,825000,15825000,59.99,18,1,12.0,16391362.0,1353681,0,42,0,6000000,0,12000000,24000000,3000000,2,5
30000000,0,30000000,35.0,30,1,1.0,30000000.0,1514137,1,21,0,16000000,0,24000000,30000000,5000000,4,3
20000000,1100000,21100000,35.0,18,1,1.0,23318000.0,1523365,0,25,0,6200000,0,9600000,20000000,4000000,2,5
30000000,1650000,31650000,45.0,24,0,8.0,16300000.0,2023033,1,27,0,10000000,0,24000000,35000000,9000000,2,5
30000000,1650000,31650000,35.0,24,0,11.0,20506000.0,1852114,1,36,0,20000000,0,24000000,26000000,6000000,2,3
9000000,495000,9495000,60.0,12,1,12.0,13003601.0,1071277,1,55,0,9000000,0,7200000,20000000,2000000,2,5
15000000,825000,15825000,45.0,24,1,12.0,12288000.0,1011517,0,24,0,6500000,0,12000000,18000000,3600000,2,3
20000000,1100000,21100000,59.99,12,1,12.0,28771040.0,2380504,1,34,0,8000000,0,24000000,18000000,4000000,2,2
15000000,825000,15825000,44.5,15,1,12.0,16740000.0,1394443,0,21,0,4000000,0,9600000,20000000,4500000,4,3
30000000,1650000,31650000,35.0,24,0,5.0,9275000.0,1852114,1,35,0,10000000,0,30000000,35000000,11000000,2,3
15000000,825000,15825000,59.99,12,1,12.0,21241000.0,1785378,1,43,0,8000000,0,18000000,15000000,4000000,2,1
25000000,1375000,26375000,47.0,18,1,6.0,35715448.0,2069362,1,29,0,6426000,0,12000000,13000000,4000000,2,3
25000000,1375000,26375000,45.0,24,0,11.0,18546000.0,1685861,0,49,0,9000000,0,18000000,28000000,5000000,2,1
20000000,1100000,21100000,59.99,24,0,11.0,16960024.0,1529012,0,28,0,5000000,0,6000000,35000000,3000000,2,5
30000000,0,30000000,45.0,18,0,8.0,18659394.0,2321899,0,41,0,20000000,0,12000000,30000000,5000000,1,3
10000000,550000,10550000,59.99,12,1,13.0,14656000.0,1190252,0,40,0,6000000,0,7200000,16000000,4000000,2,7
10000000,550000,10550000,45.0,12,1,13.0,13597280.0,1107880,1,29,0,8000000,0,12000000,15000000,5000000,2,3
20000000,1100000,21100000,33.5,30,1,9.0,26896000.0,1047720,0,36,0,6000000,0,12000000,24000000,4000000,2,4
20000000,1100000,21100000,35.0,20,1,12.0,17023347.0,1407347,0,20,0,5000000,0,12000000,15000000,5000000,4,3
30000000,1650000,31650000,33.5,30,0,11.0,17407369.0,1571579,0,36,0,10000000,0,24000000,25000000,6000000,2,5
20000000,1100000,21100000,44.5,24,0,11.0,14904604.0,1342868,1,45,0,10000000,0,18000000,23000000,4500000,2,3
30000000,1650000,31650000,35.0,24,1,12.0,22379000.0,1852114,0,47,0,9000000,0,7200000,19000000,4000000,2,5
30000000,1650000,31650000,47.0,24,0,6.0,12420000.0,2058150,1,22,0,8000000,0,7200000,15000000,4000000,4,5
20000000,1100000,21100000,45.0,24,1,12.0,16330445.0,1348689,0,50,0,10000000,0,12000000,25000000,6000000,2,5
20000000,1100000,21100000,59.99,24,1,12.0,18493000.0,1529012,1,32,0,5000000,0,12000000,15000000,3000000,2,7
34000000,1870000,35870000,37.0,36,1,12.0,20095000.0,1663475,1,59,0,12000000,0,12000000,40000000,10000000,2,3
20000000,1100000,21100000,47.0,24,1,12.0,16608200.0,1372100,0,44,0,8000000,0,12000000,20000000,3000000,1,5
15000000,825000,15825000,59.99,15,0,11.0,16906000.0,1524531,0,48,0,8000000,0,14400000,14000000,3000000,2,5
20000000,1100000,21100000,47.0,18,1,12.0,20016000.0,1655490,1,29,0,4959000,0,6000000,12000000,3000000,2,3
15000000,825000,15825000,59.99,18,0,9.0,12294000.0,1353681,0,53,0,5500000,0,6000000,12500000,3000000,2,5
50000000,2750000,52750000,37.0,36,1,12.0,29496574.0,2446287,1,56,0,30000000,0,12000000,50000000,5000000,2,3
30000000,1650000,31650000,33.5,30,1,12.0,18990948.0,1571579,1,42,0,10000000,0,24000000,40000000,9000000,2,0
20000000,0,20000000,45.0,18,1,2.0,22638932.0,1547932,1,50,0,4800000,0,14400000,40000000,6000000,2,3
50000000,2750000,52750000,35.0,30,0,12.0,29510000.0,2662357,1,29,0,25000000,0,12000000,40000000,5000000,2,4
30000000,1650000,31650000,35.0,24,0,3.0,5594000.0,1852114,0,22,0,6000000,0,8400000,25000000,4000000,4,3
25000000,1375000,26375000,59.99,24,1,12.0,22941000.0,1911265,0,31,0,12000000,0,12000000,22000000,5000000,2,3
20000000,1100000,21100000,35.0,15,1,12.0,21226704.0,1756838,0,27,0,6000000,0,9600000,16000000,3000000,2,3
30000000,1650000,31650000,45.0,24,0,1.0,2036000.0,2023033,0,34,0,9000000,0,18000000,18000000,4000000,2,5
15000000,825000,15825000,45.0,24,0,11.0,11298551.0,1011517,0,43,0,15000000,0,18000000,40000000,8000000,2,4
25000000,1375000,26375000,50.0,24,0,3.0,5303000.0,1759497,1,32,0,12000000,0,9600000,35000000,2500000,2,2
10000000,550000,10550000,33.5,12,1,12.0,12860633.0,1046737,1,24,0,7000000,0,6000000,13000000,3000000,4,3
30000000,1650000,31650000,44.5,24,0,12.0,24308208.0,2014302,0,31,0,5000000,0,9000000,11000000,3000000,2,3
25000000,1375000,26375000,45.0,24,0,8.0,13583583.0,1685861,1,47,0,5000000,0,12000000,35000000,4000000,2,3
20000000,1100000,21100000,45.0,24,1,12.0,16325067.0,1348689,1,21,0,12000000,0,18000000,35000000,4000000,4,3
30000000,1650000,31650000,45.0,18,0,5.0,12310000.0,2449603,1,57,0,10000000,0,12000000,30000000,3000000,2,1
30000000,1650000,31650000,33.5,24,1,9.0,22063000.0,1827160,0,36,0,8000000,0,9600000,16000000,3000000,2,5
20000000,0,20000000,44.5,24,0,11.0,14121471.0,1272861,0,23,0,8000000,0,18000000,20000000,3000000,2,7
10000000,550000,10550000,45.0,24,0,8.0,4805000.0,674344,1,46,0,3000000,0,12000000,20000000,3000000,4,5
10000000,550000,10550000,45.0,24,1,5.0,10550000.0,674344,1,21,0,9000000,0,15600000,30000000,7500000,4,3
30000000,1650000,31650000,37.0,24,0,11.0,20877001.0,1885667,0,45,0,10000000,0,6000000,45000000,3000000,2,5
20000000,1100000,21100000,47.0,20,0,14.0,17086000.0,1541140,1,36,0,7833000,0,12000000,21500000,3000000,2,4
30000000,0,30000000,45.0,24,1,6.0,42618268.0,1917567,1,28,0,10000000,0,12000000,25000000,5000000,2,4
30000000,1650000,31650000,35.0,36,1,2.0,35560589.0,1431721,0,51,0,4500000,0,12000000,30000000,3000000,2,5
20000000,1100000,21100000,35.0,18,0,9.0,14238000.0,1523365,0,23,0,20000000,0,36000000,45000000,12000000,2,7
50000000,0,50000000,35.0,36,1,4.0,46822000.0,2261802,1,26,0,8094000,0,9600000,30000000,6500000,2,5
20000000,0,20000000,35.0,24,0,11.0,13013000.0,1170372,1,53,0,5000000,0,4800000,12000000,2500000,2,1
20000000,1100000,21100000,45.0,24,1,12.0,16330000.0,1348689,1,48,0,9205000,0,12000000,35000000,6000000,4,2
30000000,1650000,31650000,33.5,24,0,11.0,20108320.0,1827160,0,28,0,16000000,0,8400000,20000000,2500000,2,3
20000000,1100000,21100000,35.0,24,1,12.0,14964000.0,1234743,0,41,0,9000000,0,7200000,21000000,1500000,2,5
20000000,1100000,21100000,47.0,24,0,10.0,13732200.0,1372100,0,40,0,5322000,0,3600000,11780000,3300000,2,5
30000000,1650000,31650000,47.0,30,0,11.0,20063000.0,1811848,0,28,0,14000000,0,12000000,40000000,5000000,4,3
15000000,825000,15825000,44.5,12,0,9.0,18370000.0,1657776,1,33,0,5000000,0,6000000,11000000,4000000,2,3
15000000,0,15000000,45.0,20,0,9.0,10980000.0,1079432,1,33,0,9000000,0,18000000,25000000,8000000,2,3
40000000,2200000,42200000,45.0,24,1,12.0,32501158.0,2697378,1,40,0,20000000,0,18000000,30000000,4500000,2,3
20000000,1100000,21100000,50.0,24,1,6.0,27123000.0,1407597,0,33,0,12000000,0,12000000,22000000,3500000,2,7
30000000,1650000,31650000,33.5,24,0,11.0,20230760.0,1827160,1,39,0,15000000,0,24000000,40000000,7000000,2,3
15000000,825000,15825000,47.0,18,1,12.0,15043404.0,1241617,1,49,0,4000000,0,14400000,25000000,6000000,2,5
20000000,1100000,21100000,45.0,24,0,9.0,12236000.0,1348689,1,23,0,10000000,0,24000000,30000000,6000000,2,2
30000000,1650000,31650000,35.0,24,1,12.0,22380000.0,1852114,0,49,0,10000000,0,24000000,40000000,7500000,2,3
10000000,550000,10550000,35.0,12,0,10.0,10669270.0,1054610,0,23,0,8000000,0,12000000,14000000,4000000,4,2
65000000,3575000,68575000,37.0,36,0,-1.0,-1.0,3180173,0,44,0,10000000,0,28800000,30000000,7500000,2,5
20000000,0,20000000,45.0,24,1,7.0,28154378.0,1278378,0,24,0,7000000,0,12000000,18000000,3500000,2,7
20000000,1100000,21100000,47.0,18,0,11.0,18376000.0,1655490,0,27,0,8000000,0,9600000,26000000,5500000,2,2
30000000,1650000,31650000,45.0,24,0,4.0,6106000.0,2023033,1,42,0,10000000,0,36000000,22000000,6000000,2,1
20000000,1100000,21100000,44.5,24,0,12.0,14903548.0,1342868,0,23,0,7000000,0,12000000,17000000,6000000,4,3
30000000,1650000,31650000,35.0,30,1,13.0,19315484.0,1597414,0,40,0,8000000,0,18000000,42000000,4500000,2,5
20000000,1100000,21100000,47.0,30,0,11.0,13420000.0,1207899,1,22,0,5000000,0,9600000,55000000,4500000,4,7
40000000,2200000,42200000,45.0,24,0,7.0,21576000.0,2697378,1,45,0,15000000,0,12000000,30000000,6000000,2,5
40000000,2200000,42200000,35.0,24,0,11.0,27302000.0,2469486,0,57,0,10000000,0,12000000,35000000,3000000,2,3
30000000,1650000,31650000,33.5,30,0,1.0,1584000.0,1571579,0,48,0,15000000,0,24000000,20000000,6000000,4,3
30000000,1650000,31650000,35.0,12,1,12.0,38712000.0,3163829,0,25,0,10000000,0,18000000,30000000,9000000,4,4
15000000,825000,15825000,35.0,24,1,12.0,11244171.0,926057,1,34,0,7000000,0,8400000,25000000,1500000,2,5
20000000,1100000,21100000,47.0,24,0,6.0,15681000.0,1372100,0,51,0,4418000,0,12000000,25000000,5500000,2,3
17000000,935000,17935000,45.0,20,1,12.0,15636000.0,1290640,0,43,0,4000000,0,12000000,13000000,2000000,4,3
30000000,1650000,31650000,33.5,12,0,11.0,34683000.0,3140211,1,45,0,10000000,0,12000000,25000000,5000000,2,5
35000000,1925000,36925000,37.0,36,0,-1.0,-1.0,1712401,0,41,0,12000000,0,21600000,25000000,8000000,2,4
20000000,1100000,21100000,33.5,30,1,7.0,25886000.0,1047720,0,31,0,20000000,0,10800000,35000000,3500000,2,4
15000000,825000,15825000,45.0,18,0,2.0,2474000.0,1224802,1,26,0,10000000,0,12000000,30000000,4000000,4,3
10000000,550000,10550000,35.0,12,1,12.0,12636830.0,1054610,1,28,0,5000000,0,12000000,25000000,5000000,4,3
20000000,0,20000000,45.0,24,1,12.0,15510000.0,1278378,1,31,0,8000000,0,14400000,30000000,5500000,2,3
20000000,1100000,21100000,45.0,12,1,11.0,26736000.0,2215760,0,37,0,15000000,0,18000000,30000000,6000000,2,1
35000000,1925000,36925000,35.0,24,1,12.0,25955600.0,2160800,0,27,0,6500000,0,9600000,20000000,4000000,2,5
40000000,2200000,42200000,44.5,24,1,12.0,32376000.0,2685736,0,33,0,12000000,0,24000000,25000000,4000000,2,1
15000000,825000,15825000,35.0,18,1,12.0,13860000.0,1142524,0,42,0,7500000,0,6000000,30000000,4000000,2,1
30000000,1650000,31650000,44.5,24,0,7.0,14202000.0,2014302,1,32,0,12000000,0,15600000,20000000,3500000,2,7
20000000,1100000,21100000,47.0,24,1,12.0,16610100.0,1372100,1,30,0,8500000,0,18000000,30000000,7000000,2,3
20000000,1100000,21100000,37.0,12,1,12.0,25657000.0,2130309,0,33,0,7600000,0,14400000,15000000,3000000,2,5
30000000,1650000,31650000,35.0,30,0,11.0,17705312.0,1597414,0,38,0,15000000,0,12000000,15000000,3000000,1,4
15000000,825000,15825000,44.5,24,1,12.0,12220000.0,1007151,1,25,0,9000000,0,12000000,20000000,4000000,2,7
30000000,1650000,31650000,37.0,24,1,13.0,24665001.0,1885667,0,33,0,8500000,0,9600000,19000000,5000000,2,5
20000000,1100000,21100000,33.5,24,1,12.0,14772000.0,1218107,0,26,0,9000000,0,12000000,18000000,5000000,2,5
40000000,2200000,42200000,35.0,18,1,5.0,49986000.0,3046730,0,23,0,9000000,0,12000000,25000000,5000000,2,2
15000000,825000,15825000,44.5,18,1,12.0,14792000.0,1220616,1,34,0,10000000,0,18000000,14000000,4000000,2,5
30000000,0,30000000,37.0,18,1,12.0,26503896.0,2196658,0,23,0,7000000,0,24000000,50000000,6000000,2,3
15000000,825000,15825000,60.0,24,0,2.0,2320000.0,1146852,0,56,0,6000000,0,7200000,25000000,5000000,2,1
25000000,1375000,26375000,35.0,24,1,12.0,18672000.0,1543429,1,31,0,7000000,0,10800000,35000000,4500000,1,5
50000000,2750000,52750000,37.0,30,0,11.0,30466000.0,2720337,0,38,0,15000000,0,30000000,25000000,7000000,2,7
15000000,825000,15825000,35.0,24,1,13.0,12195000.0,926057,0,32,0,10000000,0,12000000,15000000,5000000,1,5
30000000,1650000,31650000,37.0,24,1,12.0,22771338.0,1885667,0,43,0,9000000,0,10800000,28000000,4700000,2,3
20000000,0,20000000,45.0,18,1,11.0,27356660.0,1547932,1,43,0,7124000,0,18000000,13000000,3500000,2,5
20000000,1100000,21100000,59.99,24,1,13.0,18480144.0,1529012,0,25,0,6000000,0,12000000,20000000,4000000,2,3
20000000,1100000,21100000,44.5,24,0,3.0,13471472.0,1342868,0,37,0,15000000,0,12000000,35000000,6000000,2,3
45000000,0,45000000,47.0,36,0,11.0,21600321.0,2352518,1,31,0,10363000,0,12000000,35000000,5000000,2,4
10000000,550000,10550000,47.0,12,0,11.0,12445000.0,1118697,0,25,0,7040000,0,12000000,15000000,3000000,4,4
15000000,825000,15825000,45.0,24,1,12.0,12279000.0,1011517,1,27,0,3000000,0,12000000,25000000,4500000,4,2
40000000,2200000,42200000,35.0,30,0,2.0,4260000.0,2129886,0,50,0,12000000,0,10800000,30000000,3000000,2,1
40000000,2200000,42200000,37.0,12,0,12.0,47938000.0,4260617,1,46,0,15000000,0,24000000,46000000,6000000,2,5
35000000,1925000,36925000,35.0,30,1,13.0,24388000.0,1863650,0,41,0,12000000,0,12000000,30000000,4000000,2,3
10000000,550000,10550000,44.5,18,0,11.0,9124000.0,813744,0,23,0,6000000,0,9600000,15000000,3000000,2,2
15000000,825000,15825000,47.0,12,1,12.0,20142000.0,1678045,0,44,0,6000000,0,24000000,9000000,2000000,2,5
10000000,550000,10550000,59.99,24,1,12.0,9324000.0,764506,1,42,0,10000000,0,10800000,25000000,5000000,2,3
30000000,1650000,31650000,45.0,24,1,12.0,24288000.0,2023033,0,36,0,10000000,0,24000000,21000000,4000000,2,3
40000000,2200000,42200000,35.0,30,0,11.0,23562000.0,2129886,1,42,0,15000000,0,12000000,30000000,4000000,2,5
35000000,1925000,36925000,44.5,24,1,13.0,28318000.0,2350019,0,38,0,10000000,0,24000000,20000000,4000000,2,3
23000000,1265000,24265000,47.0,24,1,12.0,19080000.0,1577915,0,34,0,9000000,0,10800000,15000000,3500000,2,5
15000000,825000,15825000,60.0,12,1,11.0,21576000.0,1785462,0,45,0,6000000,0,6000000,20000000,3500000,2,1
30000000,1650000,31650000,47.0,24,0,12.0,22760000.0,2058150,0,45,0,9000000,0,14400000,22000000,8000000,2,3
20000000,1100000,21100000,45.0,18,1,12.0,19760000.0,1633069,0,23,0,6000000,0,24000000,15000000,5000000,4,3
25000000,1375000,26375000,59.99,24,1,12.0,23068385.0,1911265,1,34,0,10000000,0,18000000,16000000,4000000,2,1
10000000,550000,10550000,59.99,18,1,12.0,10998000.0,902454,0,37,0,8000000,0,12000000,15000000,3500000,2,5
20000000,1100000,21100000,47.0,18,1,13.0,20004000.0,1655490,1,22,0,7000000,0,12000000,13000000,3000000,2,3
20000000,1100000,21100000,33.5,24,1,12.0,14760107.0,1218107,1,40,0,6000000,0,24000000,11000000,5000000,2,3
15000000,825000,15825000,44.5,24,0,10.0,10192000.0,1007151,0,55,0,3000000,0,24000000,25000000,8000000,2,1
30000000,1650000,31650000,47.0,24,0,4.0,8280600.0,2058150,1,28,0,7114000,0,12000000,16000000,4000000,2,5
15000000,825000,15825000,45.0,12,0,13.0,19271000.0,1661820,1,24,0,8000000,0,18000000,20000000,4000000,4,7
25000000,1375000,26375000,47.0,36,0,14.0,15423731.0,1378837,0,33,0,4583000,0,9600000,25000000,5000000,2,3
30000000,1650000,31650000,35.0,18,1,12.0,27571000.0,2285048,1,55,0,7000000,0,12000000,40000000,4000000,2,1
30000000,1650000,31650000,47.0,24,1,12.0,24842000.0,2058150,0,32,0,6530000,0,12000000,30000000,10000000,2,3
30000000,1650000,31650000,33.5,30,1,12.0,19042000.0,1571579,1,49,0,10000000,0,12000000,40000000,4000000,2,2
25000000,1375000,26375000,35.0,30,0,3.0,4032000.0,1331179,1,33,0,20000000,0,18000000,60000000,9000000,2,3
30000000,1650000,31650000,47.0,36,1,6.0,39918000.0,1654605,1,28,0,8500000,0,19200000,20000000,7000000,2,7
25000000,1375000,26375000,45.0,24,0,3.0,6791861.0,1685861,1,31,0,5000000,0,7200000,20000000,2800000,2,5
15000000,0,15000000,35.0,12,1,12.0,18137000.0,1499445,1,28,0,15000000,0,12000000,40000000,3000000,2,3
30000000,1650000,31650000,33.5,30,0,11.0,17407369.0,1571579,1,25,0,10000000,0,48000000,37000000,7000000,4,2
20000000,1100000,21100000,47.0,24,0,10.0,13841000.0,1372100,0,45,0,6000000,0,18000000,14000000,2000000,4,5
30000000,1650000,31650000,42.5,24,0,11.0,21906570.0,1979570,1,34,0,10000000,0,12000000,30000000,5000000,2,3
25000000,1375000,26375000,45.0,24,1,12.0,20375800.0,1685861,0,53,0,9000000,0,12000000,30000000,3000000,2,3
30000000,1650000,31650000,47.0,35,1,12.0,19999840.0,1654605,1,38,0,11000000,0,24000000,40000000,5000000,2,4
20000000,1100000,21100000,47.0,36,0,5.0,4652000.0,1103070,1,30,0,5099000,0,8400000,12000000,2000000,4,3
20000000,1100000,21100000,47.0,12,1,12.0,26614940.0,2237394,1,24,0,11972000,0,12000000,358000000,5000000,2,3
25000000,1375000,26375000,47.0,24,1,12.0,20736000.0,1715125,0,23,0,5600000,0,14400000,16000000,5500000,4,3
25000000,1375000,26375000,45.0,24,0,4.0,6792000.0,1685861,1,23,0,11000000,0,12000000,24000000,4000000,2,5
30000000,1650000,31650000,47.0,18,0,11.0,27460000.0,2483234,0,45,0,10000000,0,12000000,25000000,3900000,2,3
40000000,2200000,42200000,44.5,24,0,-1.0,-1.0,2685736,0,27,0,15000000,0,18000000,50000000,6000000,4,3
30000000,1650000,31650000,45.0,24,0,7.0,14246033.0,2023033,1,54,0,7000000,0,12000000,27000000,7000000,2,5
15000000,825000,15825000,35.0,18,1,12.0,13860000.0,1142524,1,44,0,12000000,0,18000000,19000000,4500000,2,5
12000000,0,12000000,60.0,14,1,10.0,16967000.0,1212288,1,31,0,7500000,0,12000000,30000000,4000000,2,5
30000000,1650000,31650000,47.0,24,1,12.0,24842000.0,2058150,1,34,0,9000000,0,24000000,14000000,4000000,2,3
30000000,1650000,31650000,33.5,30,0,12.0,16757000.0,1571579,0,30,0,10000000,0,12000000,20000000,5000000,2,3
20000000,1100000,21100000,59.99,18,1,12.0,21787000.0,1804908,0,36,0,5500000,0,12000000,15000000,3000000,2,5
10000000,550000,10550000,45.0,12,1,12.0,13478880.0,1107880,0,45,0,7000000,0,7200000,17000000,4000000,2,5
25000000,1375000,26375000,59.99,18,1,12.0,27215999.0,2256135,1,38,0,7000000,0,36000000,20000000,6000000,2,1
10000000,550000,10550000,59.99,12,1,11.0,14769000.0,1190252,0,23,0,8000000,0,9600000,25000000,5000000,4,2
20000000,1100000,21100000,59.99,24,1,12.0,18420000.0,1529012,0,41,0,9000000,0,8400000,25000000,4000000,2,1
30000000,1650000,31650000,33.5,30,0,10.0,17420000.0,1571579,0,30,0,6000000,0,7200000,15000000,5000000,2,3
30000000,1650000,31650000,47.0,36,1,13.0,21670605.0,1654605,1,30,0,6800000,0,7200000,12000000,3500000,2,1
30000000,1650000,31650000,47.0,24,0,9.0,18635000.0,2058150,0,48,0,10000000,0,12000000,20000000,5000000,2,5
40000000,2200000,42200000,44.5,24,0,11.0,29679000.0,2685736,1,45,0,30000000,0,36000000,40000000,6000000,2,5
30000000,1650000,31650000,44.5,18,0,6.0,14720000.0,2441232,1,39,0,17000000,0,36000000,23000000,7500000,2,1
25000000,1375000,26375000,47.0,36,1,12.0,16790000.0,1378837,0,21,0,5400000,0,12000000,25000000,5000000,4,5
6300000,415800,6715800,0.01,6,1,6.0,6792000.0,1120000,0,53,0,7000000,0,1000000,17000000,3000000,0,3
13008000,0,13008000,45.0,6,1,6.0,15035000.0,2462000,1,33,0,6000000,0,700000,12000000,3000000,2,3
3990000,199500,4189500,35.0,9,1,9.0,4932000.0,536000,1,29,0,10000000,0,1000000,34000000,3500000,2,5
4893000,322938,5215938,0.01,6,0,5.0,4410000.0,870000,1,25,0,5000000,0,1000000,20000000,4000000,4,5
2190000,109500,2299500,45.0,6,1,6.0,2688000.0,436000,0,50,2,6000000,0,900000,24000000,4000000,2,3
5990000,299500,6289500,35.0,10,0,9.0,6723000.0,735000,1,27,0,10000000,0,800000,20000000,3200000,4,3
2590000,129500,2719500,65.0,6,1,6.0,3330000.0,543000,1,20,0,7500000,0,1500000,20000000,4000000,4,5
2690000,134500,2824500,45.0,6,1,6.0,3282000.0,535000,1,41,0,6000000,0,900000,23000000,4800000,2,3
3640000,182000,3822000,65.0,6,1,4.0,4656000.0,764000,1,25,1,10000000,0,1400000,22000000,7200000,2,0
9920000,654720,10574720,0.01,6,1,6.0,10650000.0,1763000,1,38,0,10000000,0,1500000,22000000,3800000,2,5
3339000,166950,3505950,65.0,6,1,6.0,4272000.0,700000,1,30,1,12000000,0,1000000,20000000,3000000,2,0
4000000,200000,4200000,65.0,6,1,5.0,5094000.0,839000,1,31,0,6000000,0,1500000,13000000,4500000,2,2
6390000,319500,6709500,65.0,6,1,6.0,8112000.0,1340000,1,32,1,10000000,0,1000000,18000000,3000000,2,2
43000000,0,43000000,0.01,24,1,12.0,21648000.0,1792000,0,27,0,30000000,0,5000000,50000000,20000000,2,3
3790000,0,3790000,0.01,6,1,6.0,3864000.0,632000,0,30,1,8000000,0,1500000,8000000,1500000,2,3
2000000,100000,2100000,45.0,6,1,6.0,2460000.0,398000,0,38,0,7000000,0,1000000,14000000,4000000,2,0
3913000,258258,4171258,0.01,6,0,2.0,1416000.0,696000,1,35,0,10000000,0,1000000,15000000,4000000,0,2
5593000,369138,5962138,0.01,6,0,5.0,5029000.0,994000,1,36,0,7000000,0,800000,20000000,3000000,0,2
6490000,324500,6814500,35.0,9,1,9.0,7999000.0,872000,1,30,0,10000000,0,2000000,20000000,5000000,2,3
6990000,349500,7339500,45.0,12,1,12.0,9420000.0,771000,0,28,1,6000000,0,1000000,14000000,4000000,0,5
3913000,258258,4171258,0.01,6,1,6.0,4248000.0,696000,1,26,0,9500000,0,2000000,9500000,2000000,4,0
3913000,258258,4171258,0.01,6,1,6.0,4234000.0,696000,1,34,0,9000000,0,900000,18000000,3000000,2,3
7790000,389500,8179500,35.0,12,0,3.0,3320000.0,818000,1,39,1,15000000,0,1500000,20000000,5000000,1,3
8099000,404950,8503950,35.0,12,1,12.0,10356000.0,851000,0,45,0,5000000,0,1000000,20000000,4000000,2,5
7238000,477708,7715708,0.01,6,1,6.0,7776000.0,1286000,1,36,0,8000000,0,1000000,14000000,7000000,2,3
5593000,369138,5962138,0.01,6,1,6.0,6035000.0,994000,0,37,0,10000000,0,1000000,20000000,8000000,2,3
4490000,296340,4786340,0.01,9,1,9.0,4896000.0,532000,1,29,0,11000000,0,1000000,13000000,1200000,4,0
4400000,220000,4620000,45.0,12,0,11.0,5478000.0,486000,1,29,0,7000000,0,800000,30000000,3200000,4,3
20000000,1100000,21100000,44.5,24,1,2.0,22455000.0,1342868,1,25,0,30000000,0,36000000,40000000,10000000,2,3
30000000,1650000,31650000,35.0,30,1,12.0,19312968.0,1597414,0,43,0,10000000,0,18000000,22000000,5000000,2,4
20000000,1100000,21100000,47.0,18,1,12.0,19992000.0,1655490,1,30,0,7860000,0,10800000,23000000,3500000,2,5
15000000,825000,15825000,45.0,24,1,12.0,12291000.0,1011517,0,29,0,10000000,0,12000000,30000000,10000000,2,3
4390000,219500,4609500,45.0,6,0,2.0,5149000.0,873000,1,21,0,4000000,0,1000000,18000000,4000000,4,2
6400000,320000,6720000,65.0,6,1,6.0,8152174.0,1342000,0,34,0,8000000,0,1000000,8000000,2500000,0,2
10000000,500000,10500000,55.0,12,1,12.0,14028000.0,1157000,1,26,0,7000000,0,900000,20000000,3000000,4,3
6645000,438570,7083570,0.01,6,1,5.0,7158000.0,1181000,0,24,0,5500000,500000,1500000,20000000,5000000,4,3
2140000,107000,2247000,65.0,6,1,6.0,2766000.0,449000,1,29,1,5500000,0,1000000,10000000,3000000,2,3
5530000,364980,5894980,0.01,6,1,4.0,5958000.0,983000,1,36,1,9000000,0,1000000,25000000,3000000,2,5
4600000,303600,4903600,48.2,6,1,6.0,5688000.0,936000,0,25,0,7000000,0,1000000,7000000,1000000,4,3
6930000,457380,7387380,0.01,6,0,1.0,1244000.0,1232000,1,21,0,6000000,0,1000000,20000000,4000000,2,3
8090000,533940,8623940,0.01,6,1,6.0,8700000.0,1438000,1,37,0,9000000,0,700000,30000000,4000000,2,3
2090000,104500,2194500,45.0,6,1,6.0,2570000.0,416000,0,36,0,10000000,0,600000,15000000,2000000,4,7
4893000,322938,5215938,0.01,6,1,6.0,5292000.0,870000,0,38,0,6000000,0,1000000,15000000,4000000,2,1
3290000,164500,3454500,65.0,9,0,-1.0,-1.0,496000,0,45,0,5000000,0,500000,5000000,1500000,1,5
6480000,427680,6907680,0.01,6,1,3.0,6984000.0,1152000,1,35,0,9000000,0,2000000,30000000,6000000,4,3
7190000,359500,7549500,65.0,9,1,9.0,9845279.0,1082000,1,28,0,10000000,0,1200000,18000000,4000000,2,5
3354000,221364,3575364,0.01,6,1,6.0,3648000.0,596000,1,47,2,5500000,0,900000,9000000,4000000,0,3
3913000,258258,4171258,0.01,6,1,6.0,4248000.0,696000,0,29,0,6000000,0,2000000,13000000,4000000,0,3
3290000,164500,3454500,65.0,6,1,7.0,4212000.0,690000,1,42,0,5000000,0,900000,20000000,1200000,2,1
1440000,72000,1512000,85.0,6,1,6.0,1986000.0,319000,1,29,1,5000000,0,900000,12000000,2900000,2,5
4800000,240000,5040000,60.0,6,1,6.0,6030000.0,993000,1,26,0,10000000,0,1500000,30000000,3500000,4,3
38000000,2090000,40090000,45.0,18,1,12.0,37380000.0,3103000,1,36,0,10000000,0,500000,21000000,4000000,2,1
4152000,274032,4426032,0.01,6,1,5.0,4500000.0,738000,0,20,0,6000000,0,1000000,18000000,3000000,4,3
22400000,1120000,23520000,35.0,15,1,12.0,23652000.0,1959000,1,29,0,7500000,0,800000,18000000,8000000,4,3
2290000,114500,2404500,45.0,6,1,6.0,2802000.0,455000,1,22,0,6000000,0,1000000,6000000,1000000,2,3
3290000,164500,3454500,65.0,6,1,6.0,4212000.0,690000,0,27,0,5500000,0,1000000,10000000,3000000,2,1
2034000,101700,2135700,45.0,6,1,3.0,2449000.0,405000,1,42,2,5000000,0,600000,12000000,3500000,0,3
3913000,258258,4171258,0.01,6,1,6.0,4248000.0,696000,1,21,0,4000000,0,1000000,21000000,5000000,4,0
5490000,274500,5764500,65.0,6,1,6.0,6978000.0,1151000,1,23,0,7000000,0,1000000,30000000,5000000,4,3
9290000,613140,9903140,0.01,6,1,6.0,9978000.0,1651000,0,27,0,8500000,0,2500000,8500000,2500000,4,3
4221000,0,4221000,17.7,10,1,10.0,4690322.0,458000,0,24,0,8000000,0,1000000,15000000,3000000,2,2
5088000,335808,5423808,0.01,6,1,6.0,5496000.0,904000,0,34,0,8000000,0,500000,20000000,1000000,2,3
4300000,215000,4515000,65.0,6,0,6.0,4570000.0,902000,1,23,0,5000000,0,1000000,10000000,3000000,2,5
8300000,547800,8847800,0.01,6,1,6.0,8922000.0,1475000,0,50,0,9000000,0,1000000,25000000,5000000,2,5
5593000,369138,5962138,0.01,6,1,6.0,6035000.0,994000,0,55,0,8500000,0,1000000,18000000,4000000,2,3
6990000,349500,7339500,85.0,6,0,5.0,7792000.0,1544000,0,34,3,4000000,0,800000,13000000,3800000,2,3
9470000,625020,10095020,0.01,6,1,6.0,10170000.0,1683000,0,33,1,7000000,0,1000000,14000000,6000000,2,0
9100000,600600,9700600,20.29,6,1,3.0,10358000.0,1714000,1,26,0,10000000,0,2000000,20000000,4400000,4,3
4893000,322938,5215938,0.01,6,1,3.0,5292000.0,870000,0,39,0,6000000,0,1000000,25000000,6000000,2,5
2793000,184338,2977338,0.01,4,1,4.0,3016000.0,745000,1,25,2,6000000,0,1000000,13000000,3000000,2,7
10550000,696300,11246300,21.11,9,1,9.0,12375000.0,1363000,0,27,0,6500000,0,1000000,20000000,4000000,4,3
4890000,244500,5134500,65.0,6,1,6.0,6228000.0,1026000,1,39,3,6500000,0,1000000,30000000,7000000,2,5
4380000,219000,4599000,45.0,6,1,6.0,5293000.0,871000,1,24,0,8000000,0,1000000,30000000,5000000,4,3
24000000,0,24000000,0.0,12,0,1.0,25212000.0,2406000,0,22,0,6000000,0,500000,22000000,2000000,4,2
4140000,273240,4413240,0.01,6,1,5.0,4488000.0,736000,1,44,0,7000000,0,1000000,22000000,5000000,4,3
2000000,100000,2100000,45.0,6,1,6.0,2484000.0,398000,1,36,2,8000000,0,600000,26000000,3200000,2,3
3843000,253638,4096638,0.01,6,1,6.0,4170000.0,683000,1,23,0,7000000,0,1000000,15000000,4000000,4,2
6000000,300000,6300000,45.0,6,1,6.0,7224000.0,1193000,0,35,0,10000000,0,900000,18000000,2500000,2,5
4390000,219500,4609500,45.0,6,1,6.0,5310000.0,873000,1,27,0,6000000,0,1200000,11000000,2500000,4,3
17999000,0,17999000,0.01,6,1,6.0,18072000.0,3000000,0,23,0,8000000,0,1000000,30000000,4000000,4,3
2600000,130000,2730000,45.0,12,1,8.0,3501000.0,287000,1,41,0,6000000,0,800000,19000000,5000000,2,3
20000000,1100000,21100000,45.0,12,1,13.0,26726000.0,2216000,0,23,0,9000000,0,1200000,25000000,4000000,2,3
2793000,184338,2977338,0.01,4,1,4.0,3028000.0,745000,0,41,0,5000000,0,500000,10000000,3000000,0,5
4390000,219500,4609500,35.0,9,1,9.0,5404000.0,590000,1,27,0,7000000,0,1500000,14000000,5000000,4,3
13800000,690000,14490000,68.0,15,1,12.0,17664000.0,1460000,0,31,0,7000000,0,1000000,15000000,3000000,2,3
6500000,325000,6825000,55.0,15,1,12.0,7824000.0,640000,1,35,0,5000000,0,1000000,5000000,2000000,2,3
2390000,119500,2509500,65.0,6,1,6.0,3084000.0,502000,0,39,0,8000000,0,1000000,16000000,4000000,2,3
8490000,560340,9050340,0.01,6,1,6.0,9126000.0,1509000,0,31,2,7500000,0,1000000,16000000,5000000,0,5
6993000,461538,7454538,0.01,6,1,6.0,7530000.0,1243000,1,25,0,7000000,0,1000000,7000000,1000000,4,5
8280000,546480,8826480,0.01,6,1,6.0,8904000.0,1472000,0,26,2,5000000,0,1000000,15000000,3000000,2,1
6700000,335000,7035000,60.0,6,1,6.0,8508000.0,1387000,0,20,0,8000000,0,1000000,16000000,3400000,2,3
2994000,197604,3191604,0.01,4,1,3.0,3240000.0,798000,1,34,2,15000000,0,2000000,30000000,7000000,2,1
3594000,237204,3831204,0.01,4,1,4.0,3880000.0,958000,0,41,0,7000000,0,2500000,30000000,10000000,3,5
16900000,1115400,18015400,21.46,12,1,12.0,20410000.0,1682000,0,35,0,7000000,0,500000,10000000,1000000,1,5
9000000,0,9000000,0.01,6,1,6.0,9073000.0,1501000,1,21,0,6500000,0,1000000,16000000,5000000,4,3
4221000,278586,4499586,17.7,10,1,10.0,5000000.0,488000,0,27,0,7000000,0,1000000,13000000,3000000,2,5
4600000,303600,4903600,48.2,6,1,6.0,5688000.0,936000,1,20,0,7000000,0,1000000,20000000,4000000,4,5
5390000,355740,5745740,0.01,6,1,6.0,5818000.0,958000,1,41,2,6000000,0,900000,10000000,1000000,2,5
6291000,0,6291000,19.6,10,0,8.0,6292000.0,687000,0,22,0,6000000,0,1800000,16000000,5500000,2,4
6500000,325000,6825000,55.0,12,1,11.0,9331000.0,753000,0,45,0,8000000,0,1500000,17000000,7000000,2,2
2982000,196812,3178812,0.01,6,1,6.0,3240000.0,530000,1,34,0,6000000,0,1000000,34000000,6000000,2,2
20000000,1000000,21000000,35.0,12,0,1.0,22675000.0,2100000,0,48,0,10000000,0,1500000,35000000,7000000,2,3
3890000,194500,4084500,45.0,6,1,6.0,4721000.0,773000,1,42,4,8000000,0,1000000,16000000,5200000,0,7
6392000,421872,6813872,0.01,6,1,6.0,6887000.0,1136000,1,25,0,8000000,0,1000000,40000000,8000000,4,3
8094000,404700,8498700,65.0,6,0,2.0,9740000.0,1697000,1,30,0,10000000,0,2000000,20000000,3500000,2,3
5990000,299500,6289500,35.0,9,1,7.0,7350000.0,805000,1,21,0,7000000,0,1000000,30000000,6000000,3,5
8393000,553938,8946938,0.01,6,1,6.0,9012000.0,1492000,1,36,2,10000000,0,1200000,16000000,4500000,2,3
7460000,0,7460000,0.01,6,1,6.0,7532000.0,1244000,0,21,0,5500000,0,1000000,17600000,5000000,4,2
2982000,196812,3178812,0.01,6,1,5.0,3240000.0,530000,1,29,1,9000000,0,1000000,18000000,3000000,2,3
7690000,384500,8074500,85.0,9,1,9.0,11352472.0,1244000,0,34,0,9000000,0,1200000,24000000,4000000,2,5
3190000,159500,3349500,45.0,9,0,5.0,2292000.0,446000,1,28,0,6000000,0,1000000,12000000,4000000,0,3
4990000,329340,5319340,0.01,6,1,6.0,5395000.0,887000,1,28,0,6500000,0,1200000,12000000,3500000,0,2
7500000,495000,7995000,0.01,6,1,7.0,8756000.0,1333000,1,38,0,7000000,0,1000000,18000000,7000000,1,5
16790000,839500,17629500,61.8,15,1,13.0,25934000.0,1716000,1,21,0,8000000,0,1500000,12000000,3000000,4,1
7191000,474606,7665606,0.01,6,1,6.0,7740000.0,1278000,1,37,2,11000000,0,2000000,22000000,4500000,2,0
6690000,334500,7024500,65.0,6,0,5.0,7236000.0,1403000,1,24,0,4000000,0,1000000,10000000,2500000,2,5
9000000,0,9000000,45.0,12,1,11.0,11496000.0,946000,1,26,0,9000000,0,1000000,35000000,15000000,4,3
6440000,425040,6865040,0.01,6,1,6.0,6942000.0,1145000,0,45,0,6000000,0,700000,20000000,6000000,2,1
3990000,199500,4189500,35.0,9,1,3.0,4878000.0,536000,0,34,0,5000000,0,1000000,12000000,3500000,2,3
8180000,539880,8719880,0.01,6,1,6.0,8796000.0,1454000,0,23,0,7000000,0,900000,27000000,5000000,4,2
39000000,0,39000000,35.0,18,1,12.0,33924000.0,2816000,1,47,0,15000000,0,800000,30000000,3000000,2,2
3200000,160000,3360000,45.0,6,1,5.0,3888000.0,636000,0,36,3,6000000,0,1000000,14000000,5000000,2,3
2982000,196812,3178812,0.01,6,1,6.0,3252000.0,530000,1,20,0,6000000,0,700000,20000000,4000000,4,5
9899000,653334,10552334,0.01,6,1,5.0,10626000.0,1759000,0,53,0,10000000,0,1000000,20000000,4500000,1,2
4000000,264000,4264000,0.01,6,1,6.0,4338000.0,711000,0,30,1,4000000,0,1000000,10000000,3500000,2,5
4403000,290598,4693598,0.01,6,1,6.0,4766000.0,783000,0,35,0,15000000,0,1500000,25000000,5000000,2,2
5190000,342540,5532540,0.01,6,1,6.0,5605000.0,923000,1,57,0,8000000,0,800000,24000000,2000000,2,3
2400000,120000,2520000,65.0,6,1,6.0,3096000.0,504000,1,23,0,6000000,0,1000000,20000000,4000000,4,5
2590000,129500,2719500,45.0,6,1,6.0,3162000.0,515000,1,34,0,5000000,0,900000,11000000,3500000,2,3
16000000,880000,16880000,45.0,6,1,6.0,19240000.0,3194000,1,52,1,7000000,0,700000,14000000,3000000,2,5
11495000,758670,12253670,0.01,9,1,9.0,12366000.0,1362000,1,40,4,10000000,0,2000000,35000000,6000000,2,5
20000000,1000000,21000000,35.0,12,1,12.0,25344000.0,2100000,1,35,0,8000000,0,2000000,17000000,7000000,2,3
4893000,322938,5215938,0.01,6,1,5.0,5292000.0,870000,0,41,2,15000000,0,2000000,20000000,7000000,1,3
2000000,100000,2100000,45.0,6,1,4.0,2460000.0,398000,1,32,0,7000000,0,900000,14000000,2700000,0,2
4893000,322938,5215938,0.01,6,1,6.0,5292000.0,870000,1,23,0,7000000,0,1000000,14000000,3000000,2,5
22953000,1147650,24100650,45.0,18,1,12.0,22536000.0,1866000,0,20,0,7000000,0,800000,20000000,1000000,2,3
6293000,415338,6708338,0.01,6,1,6.0,6786000.0,1119000,1,22,0,5000000,0,600000,5000000,600000,4,1
7200000,475200,7675200,0.01,6,1,6.0,7752000.0,1280000,1,37,2,12000000,0,1000000,18000000,5000000,2,5
7500000,375000,7875000,65.0,6,1,4.0,9523000.0,1573000,1,21,0,7000000,0,900000,20000000,3600000,4,3
5030000,251500,5281500,85.0,6,1,6.0,6861000.0,1111000,0,35,2,7000000,0,800000,12000000,3200000,2,1
4690000,234500,4924500,45.0,9,0,4.0,5777000.0,655000,1,32,0,6000000,0,600000,16000000,3200000,2,5
5390000,269500,5659500,35.0,9,0,7.0,5159000.0,725000,0,20,0,5000000,0,1000000,15000000,3000000,4,2
8000000,400000,8400000,60.0,6,0,-1.0,-1.0,1655000,1,26,0,7000000,0,1500000,15000000,3500000,2,3
26700000,1468500,28168500,45.0,12,1,12.0,35625766.0,2959000,0,50,4,5000000,0,1000000,25000000,6000000,2,5
2940000,147000,3087000,65.0,6,1,6.0,3774000.0,617000,1,51,0,7000000,0,1000000,13000000,3000000,1,1
2690000,134500,2824500,65.0,6,1,7.0,3457000.0,564000,0,48,0,6000000,0,1000000,18000000,4000000,2,5
4193000,276738,4469738,0.01,6,1,6.0,4530000.0,745000,1,40,0,7000000,0,900000,13000000,4000000,2,3
15000000,750000,15750000,35.0,12,1,12.0,19036000.0,1575000,0,46,0,5000000,0,900000,15000000,3000000,2,3
5190000,259500,5449500,35.0,9,1,9.0,6382000.0,698000,1,43,0,8000000,0,500000,20000000,2000000,2,7
4390000,219500,4609500,85.0,12,1,12.0,7140000.0,583000,1,21,0,6000000,0,800000,12000000,1700000,0,5
6021000,397386,6418386,0.01,6,1,6.0,6492000.0,1070000,0,32,0,6500000,0,1000000,20000000,4000000,2,3
3032000,151600,3183600,65.0,12,1,12.0,4554797.0,368000,0,33,0,6000000,0,800000,26000000,7000000,0,5
27000000,1350000,28350000,45.0,12,1,12.0,35868000.0,2978000,0,26,0,9000000,0,1000000,25000000,2000000,0,5
8800000,440000,9240000,68.0,6,1,6.0,11232000.0,1860000,1,40,2,7500000,0,1000000,15000000,4000000,2,5
4990000,329340,5319340,0.01,6,1,6.0,5392000.0,887000,0,53,0,5000000,0,750000,32000000,3500000,3,5
4893000,322938,5215938,0.01,6,1,6.0,5292000.0,870000,1,29,2,6000000,0,1000000,19000000,5000000,2,2
6790000,339500,7129500,45.0,12,0,8.0,6088000.0,749000,0,34,0,7000000,0,1000000,14000000,5000000,2,5
4940000,247000,5187000,35.0,9,1,9.0,6125000.0,664000,1,49,0,10000000,0,3000000,15000000,7000000,2,3
2793000,184338,2977338,0.01,6,1,6.0,3054000.0,497000,0,36,0,10000000,0,1500000,10000000,3000000,1,3
4290000,214500,4504500,35.0,9,1,9.0,5294000.0,577000,1,31,0,8000000,0,1000000,24000000,3000000,2,2
3290000,164500,3454500,35.0,9,1,9.0,4086000.0,442000,0,50,0,6000000,0,600000,6000000,600000,0,1
12681000,836946,13517946,0.01,6,1,6.0,13596000.0,2254000,1,42,0,8000000,0,1000000,35000000,6000000,2,2
2990000,149500,3139500,45.0,9,1,9.0,3880000.0,418000,1,30,0,6000000,0,1000000,18000000,4000000,2,3
3000000,150000,3150000,45.0,6,1,7.0,3642000.0,597000,1,49,3,5000000,0,800000,10000000,4000000,2,3
40000000,0,40000000,45.0,12,1,8.0,50176000.0,4201000,1,34,0,7000000,0,1000000,15000000,3000000,4,5
2994000,197604,3191604,0.01,4,1,2.0,3240000.0,798000,1,36,1,30000000,0,1500000,35000000,5000000,2,3
43000000,0,43000000,0.01,24,1,10.0,21648000.0,1792000,0,47,0,10000000,0,1000000,20000000,6000000,3,0
2648000,132400,2780400,45.0,12,1,9.0,3604000.0,292000,1,20,1,6000000,0,1000000,12000000,3000000,2,5
5593000,369138,5962138,0.01,6,1,6.0,6024000.0,994000,0,46,0,7000000,0,300000,16000000,3000000,2,5
2982000,196812,3178812,0.01,6,1,6.0,3252000.0,530000,0,38,0,5000000,0,700000,25000000,1500000,2,2
4940000,247000,5187000,35.0,9,1,9.0,6084000.0,664000,1,49,0,5000000,0,800000,20000000,3000000,2,1
6291000,415206,6706206,19.6,10,0,4.0,2980000.0,733000,0,42,0,8000000,0,800000,20000000,4000000,0,7
3591000,237006,3828006,0.01,4,1,4.0,3868000.0,958000,0,59,2,3000000,0,600000,10000000,3000000,2,1
2630000,173580,2803580,0.01,6,1,6.0,2875662.0,468000,0,29,1,3000000,0,650000,8000000,2500000,2,1
3073000,202818,3275818,0.01,6,1,6.0,3348000.0,546000,0,51,0,8000000,0,2500000,8000000,2500000,4,3
8900000,0,8900000,68.0,6,1,6.0,10840000.0,1792000,0,24,0,5000000,0,1000000,10000000,2500000,2,3
35000000,0,35000000,21.11,9,1,9.0,38259000.0,4239000,0,34,1,15000000,0,1000000,25000000,2500000,2,3
3290000,164500,3454500,45.0,6,1,6.0,3996000.0,654000,1,20,0,6000000,0,1500000,25000000,5000000,4,3
12750000,841500,13591500,21.11,9,1,9.0,14923000.0,1647000,0,30,0,7000000,0,1000000,17000000,4000000,0,2
5490000,362340,5852340,0.01,6,0,5.0,4940000.0,976000,0,29,2,7000000,0,1300000,17000000,4400000,2,2
3500000,175000,3675000,65.0,6,1,6.0,4476000.0,734000,0,37,0,6000000,0,1000000,12000000,4000000,2,3
4000000,200000,4200000,65.0,6,1,6.0,5106000.0,839000,1,27,2,6000000,0,1000000,14000000,4000000,2,3
13920000,696000,14616000,35.0,9,1,9.0,16938000.0,1870000,1,35,0,10000000,0,1000000,20000000,4000000,2,2
2390000,119500,2509500,45.0,6,1,6.0,2928165.0,475000,1,46,0,4000000,0,800000,15000000,3000000,2,3
5590000,368940,5958940,0.01,6,1,6.0,6036000.0,994000,1,35,0,5000000,0,500000,10000000,3000000,2,3
4990000,0,4990000,35.0,9,1,9.0,5860000.0,639000,1,27,0,10000000,0,800000,15000000,2500000,0,7
13740000,906840,14646840,0.01,6,1,6.0,14724000.0,2442000,0,55,0,8000000,0,1000000,24000000,2000000,2,2
3000000,150000,3150000,65.0,6,1,6.0,3846000.0,629000,1,26,2,8000000,0,1000000,30000000,6000000,0,7
4290000,214500,4504500,35.0,9,1,9.0,5344000.0,577000,0,30,0,6500000,0,500000,18000000,1500000,2,5
2152000,107600,2259600,45.0,6,1,6.0,2640000.0,428000,0,30,0,4000000,0,700000,26000000,7000000,0,3
9900000,653400,10553400,0.01,6,1,6.0,10626000.0,1759000,0,33,0,9000000,0,500000,15000000,1500000,2,3
4990000,249500,5239500,45.0,6,1,6.0,6024000.0,992000,0,47,2,10000000,0,800000,25000000,3500000,0,5
6499000,428934,6927934,0.01,6,1,6.0,7000136.0,1155000,1,29,0,6500000,0,3000000,25000000,5000000,4,3
5994000,395604,6389604,0.01,6,1,6.0,6450000.0,1065000,0,27,2,12000000,0,2000000,25000000,6000000,2,5
13999999,700000,14699999,35.0,12,0,7.0,10374000.0,1470000,0,20,0,10000000,0,1000000,40000000,4000000,4,2
2632000,131600,2763600,65.0,6,1,6.0,3384000.0,552000,1,33,4,7000000,0,900000,21000000,4000000,2,5
7553000,377650,7930650,35.0,12,1,12.0,9662000.0,793000,1,36,2,7000000,0,1000000,15000000,5000000,2,0
4950000,247500,5197500,65.0,6,1,7.0,6393000.0,1038000,1,20,0,7000000,0,1500000,20000000,10000000,4,3
13300000,0,13300000,45.0,12,1,12.0,16953000.0,1397000,0,46,3,9000000,0,1500000,30000000,7000000,2,3
5500000,275000,5775000,65.0,6,0,-1.0,-1.0,1153000,0,30,0,7500000,0,1300000,15000000,4800000,2,2
2700000,135000,2835000,45.0,6,1,6.0,3303000.0,537000,0,36,2,6000000,0,1500000,20000000,6000000,2,5
11193000,559650,11752650,35.0,12,1,13.0,14253000.0,1175000,0,45,0,20000000,0,4000000,20000000,4000000,2,3
1992000,99600,2091600,85.0,6,1,6.0,2712000.0,440000,1,29,0,6000000,0,600000,13000000,3000000,2,7
4490000,224500,4714500,35.0,12,1,12.0,5855000.0,472000,0,24,0,4000000,0,1000000,12000000,3000000,2,2
6291000,415206,6706206,19.6,10,1,10.0,7450000.0,733000,0,51,0,11000000,0,2000000,11000000,2000000,4,5
9900000,653400,10553400,0.01,6,1,6.0,10632000.0,1759000,0,22,2,7000000,0,1000000,21000000,4000000,4,3
6291000,415206,6706206,19.6,10,1,10.0,7450000.0,733000,0,49,0,5000000,0,1000000,17000000,6000000,2,5
8390000,419500,8809500,35.0,12,0,11.0,9823000.0,881000,1,27,0,7000000,0,1000000,22000000,4000000,0,3
2990000,149500,3139500,45.0,6,1,3.0,3600000.0,595000,0,38,0,7000000,0,800000,14000000,4500000,0,2
2994000,0,2994000,45.0,6,1,6.0,3472000.0,567000,0,40,0,4000000,0,500000,8000000,3000000,2,5
40000000,0,40000000,35.0,12,1,12.0,48132000.0,3999000,0,30,0,15000000,0,2000000,40000000,6500000,2,3
3190000,159500,3349500,45.0,12,0,4.0,1456000.0,352000,1,38,2,5500000,0,500000,12000000,3500000,2,3
5200000,260000,5460000,65.0,6,1,6.0,6618000.0,1091000,1,20,0,6500000,0,1000000,20000000,4000000,4,3
25900000,1295000,27195000,45.0,15,1,12.0,28980000.0,2404000,0,46,0,10000000,0,2000000,25000000,6000000,3,2
5990000,299500,6289500,35.0,9,1,9.0,7387000.0,805000,1,49,3,12000000,0,1500000,28000000,5000000,0,5
4172000,275352,4447352,0.01,6,1,6.0,4524000.0,742000,0,26,0,7000000,0,2000000,15000000,4000000,4,2
4221000,0,4221000,17.7,10,1,10.0,4712000.0,458000,1,34,0,10000000,0,1500000,30000000,5000000,2,2
5200000,260000,5460000,65.0,9,1,9.0,7307000.0,783000,1,25,0,6000000,0,500000,20000000,3000000,0,3
7000000,350000,7350000,65.0,6,0,2.0,2960000.0,1468000,1,26,0,7000000,0,1000000,25000000,5000000,4,3
3990000,199500,4189500,35.0,12,1,7.0,5052000.0,419000,0,27,1,4500000,0,1000000,10000000,3000000,2,2
6440000,425040,6865040,0.01,6,1,6.0,6938000.0,1145000,1,44,0,7000000,0,700000,20000000,3000000,0,5
7525000,496650,8021650,0.01,6,1,6.0,8094000.0,1337000,0,22,0,10000000,0,600000,20000000,1500000,2,5
4893000,322938,5215938,0.01,6,1,6.0,5292000.0,870000,1,25,2,7000000,0,2000000,30000000,6000000,2,3
2190000,109500,2299500,65.0,6,1,6.0,2826000.0,460000,0,38,0,5000000,0,1000000,5000000,1000000,0,5
8490000,466950,8956950,27.5,12,1,12.0,10500000.0,863000,0,22,0,10000000,0,1000000,32000000,4000000,4,3
4543000,299838,4842838,0.01,6,0,7.0,4720000.0,808000,0,40,2,5000000,0,1000000,9000000,2500000,2,5
5590000,279500,5869500,35.0,9,1,9.0,6867000.0,751000,0,22,0,4500000,0,1000000,25000000,8000000,2,3
6890000,344500,7234500,60.0,6,1,6.0,8624000.0,1426000,1,22,0,8000000,0,1000000,32000000,4000000,4,3
3990000,199500,4189500,45.0,9,1,9.0,5121000.0,558000,1,27,0,6000000,0,1000000,18000000,3400000,2,5
3200000,211200,3411200,0.01,6,1,5.0,3486000.0,569000,0,21,0,6000000,0,800000,14000000,3500000,2,2
6291000,415206,6706206,19.6,10,1,10.0,7442765.0,733000,1,37,2,3500000,0,700000,10000000,2000000,2,3
2982000,196812,3178812,0.01,6,1,6.0,3252000.0,530000,1,55,0,8000000,0,2000000,15000000,4000000,4,3
4940000,247000,5187000,35.0,12,0,11.0,5841000.0,519000,1,21,0,5000000,0,800000,25000000,5000000,4,7
2303000,151998,2454998,0.01,6,1,6.0,2532000.0,410000,0,36,0,8000000,0,800000,22000000,4000000,2,5
2000000,100000,2100000,65.0,6,0,2.0,864000.0,420000,1,33,0,6000000,0,1000000,12000000,4000000,2,7
30600000,1683000,32283000,45.0,18,0,1.0,12500000.0,2499000,1,23,0,6000000,0,800000,18000000,3000000,4,2
9790000,646140,10436140,0.01,6,1,6.0,10512000.0,1740000,0,21,0,10000000,0,2000000,10000000,2000000,4,3
2000000,100000,2100000,45.0,6,0,5.0,2050000.0,398000,0,41,0,5000000,0,1000000,12000000,3000000,2,3
22000000,1100000,23100000,45.0,18,0,8.0,14400000.0,1788000,1,51,0,15000000,0,1000000,25000000,4000000,2,1
5890000,294500,6184500,35.0,9,1,6.0,7250000.0,792000,1,29,1,6500000,0,500000,30000000,3000000,2,3
5592000,279600,5871600,65.0,6,0,-1.0,-1.0,1173000,1,25,0,6000000,0,1000000,9000000,3000000,2,3
5590000,279500,5869500,35.0,9,1,8.0,6855000.0,751000,1,30,2,10000000,0,1500000,20000000,3000000,2,7
3000000,150000,3150000,45.0,9,1,10.0,3888000.0,419000,0,23,0,5000000,0,1000000,23000000,6000000,4,2
3490000,230340,3720340,0.01,6,1,5.0,3798000.0,621000,1,22,0,8000000,0,2500000,18000000,6000000,4,3
6890000,344500,7234500,45.0,9,1,9.0,8755000.0,962000,1,33,0,6000000,0,800000,6000000,800000,4,2
2632000,131600,2763600,65.0,6,1,6.0,3372000.0,552000,1,43,1,7000000,0,1000000,14000000,5000000,0,5
5000000,250000,5250000,65.0,9,1,9.0,7033000.0,753000,1,22,0,6000000,0,1000000,30000000,5000000,4,2
9300000,465000,9765000,55.0,12,1,12.0,13068000.0,1077000,0,26,0,7000000,0,1000000,20000000,3000000,0,2
21957550,1449198,23406748,0.01,12,1,12.0,23553000.0,1951000,1,25,0,4500000,0,700000,30000000,4800000,4,3
2000000,100000,2100000,45.0,6,1,6.0,2435000.0,398000,1,20,4,6000000,0,1500000,20000000,8000000,4,3
41000000,2050000,43050000,45.0,15,1,13.0,45804000.0,3805000,0,33,1,12000000,0,900000,20000000,2500000,2,5
2303000,151998,2454998,0.01,6,1,6.0,2528000.0,410000,0,49,2,6000000,0,1000000,18000000,4000000,2,5
2290000,114500,2404500,65.0,6,1,6.0,2951536.0,481000,0,52,0,6000000,0,700000,15000000,4000000,0,3
6730000,444180,7174180,0.01,6,1,6.0,7247000.0,1196000,1,48,3,5000000,0,500000,25000000,3000000,2,5
4600000,303600,4903600,48.2,6,1,6.0,5688000.0,936000,1,31,0,12000000,0,2500000,17000000,7500000,2,3
4290000,214500,4504500,45.0,6,1,6.0,5190000.0,853000,1,25,0,15000000,0,2000000,25000000,5000000,2,3
2600000,130000,2730000,65.0,6,1,6.0,3342000.0,546000,1,26,0,7000000,0,800000,16000000,3500000,2,3
5500000,0,5500000,45.0,6,0,1.0,6000000.0,1041000,0,22,0,10000000,0,1000000,27000000,5000000,4,2
5391000,355806,5746806,0.01,6,1,6.0,5820000.0,958000,1,21,2,7000000,0,1100000,14000000,4500000,2,2
7190000,359500,7549500,65.0,12,0,1.0,884000.0,872000,1,24,0,6000000,0,1300000,20000000,5000000,4,5
12320000,813120,13133120,0.01,6,1,6.0,13206000.0,2189000,0,40,2,9000000,0,800000,25000000,3000000,2,5
4000000,200000,4200000,85.0,6,1,7.0,5480000.0,884000,1,40,0,8000000,0,1000000,17000000,4000000,2,3
20000000,1000000,21000000,45.0,12,1,12.0,26616000.0,2206000,0,40,0,12000000,0,1600000,26000000,5600000,2,5
3143000,207438,3350438,0.01,4,1,4.0,3370000.0,838000,0,30,2,8000000,0,1400000,15000000,2500000,0,5
3800000,250800,4050800,0.01,3,1,3.0,4089000.0,1351000,1,31,2,6000000,0,1000000,15000000,4000000,2,5
2000000,100000,2100000,65.0,6,1,6.0,2592000.0,420000,1,38,0,6000000,0,1000000,12000000,4000000,2,3
8312000,548592,8860592,0.01,6,1,6.0,8934000.0,1477000,1,26,0,8000000,0,1000000,25000000,3500000,4,3
2290000,114500,2404500,65.0,6,0,2.0,2667000.0,481000,1,20,0,7000000,0,700000,25000000,3000000,4,5
2000000,100000,2100000,45.0,6,1,6.0,2456000.0,398000,1,42,0,6000000,0,600000,19000000,3000000,2,3
7190000,359500,7549500,35.0,9,1,9.0,8881000.0,966000,0,30,0,7500000,0,700000,15000000,3500000,2,7
8500000,561000,9061000,0.01,6,1,3.0,9102000.0,1511000,1,23,0,10000000,0,2000000,20000000,4000000,2,3
4000000,200000,4200000,35.0,9,1,9.0,4985000.0,538000,1,20,0,5000000,0,1500000,25000000,10000000,4,3
3290000,164500,3454500,45.0,9,1,7.0,4248000.0,460000,0,45,0,4000000,0,1000000,11000000,3500000,2,1
4193000,276738,4469738,0.01,6,1,5.0,4542000.0,745000,0,27,2,8000000,0,700000,15000000,2500000,0,5
5994000,395604,6389604,0.01,6,1,6.0,6474000.0,1065000,1,35,1,10000000,0,1500000,22000000,6000000,2,3
3490000,0,3490000,65.0,6,1,6.0,4251000.0,697000,1,21,0,6000000,0,1200000,18000000,6500000,4,5
5592000,279600,5871600,65.0,6,0,2.0,2370000.0,1173000,1,30,0,7000000,0,500000,30000000,3000000,4,5
4790000,316140,5106140,0.01,4,1,4.0,5157000.0,1277000,1,39,2,10000000,0,1500000,10000000,3000000,2,3
17800000,979000,18779000,45.0,24,0,11.0,13343000.0,1201000,0,46,2,12000000,0,1500000,22000000,6000000,2,3
3000000,150000,3150000,35.0,9,1,9.0,3735000.0,403000,0,54,0,8000000,0,1000000,18000000,3000000,2,3
3843000,253638,4096638,0.01,6,1,6.0,4170000.0,683000,1,24,1,6000000,0,1000000,15000000,5000000,2,5
18000000,900000,18900000,35.0,12,1,12.0,22824000.0,1890000,0,39,0,9000000,0,1000000,20000000,5000000,0,2
2632000,131600,2763600,65.0,6,1,6.0,3384000.0,552000,0,23,2,12000000,0,2200000,20000000,6000000,2,2
2500000,125000,2625000,65.0,6,1,6.0,3222000.0,525000,0,36,0,6000000,0,1000000,14000000,4500000,2,5
2982000,196812,3178812,0.01,6,1,6.0,3252000.0,530000,0,32,1,8000000,0,1000000,20000000,4000000,2,3
18000000,900000,18900000,45.0,15,1,12.0,20196000.0,1671000,1,45,0,6500000,0,1000000,25000000,4000000,2,5
22000000,1100000,23100000,45.0,12,0,1.0,25134000.0,2426000,0,35,0,8500000,0,800000,15000000,5000000,2,7
4745000,313170,5058170,0.01,6,1,5.0,5131000.0,844000,0,35,0,7000000,0,700000,20000000,4000000,0,5
6000000,396000,6396000,0.01,6,1,6.0,6474000.0,1067000,1,42,3,6000000,0,800000,10000000,3000000,2,3
33600000,1680000,35280000,45.0,20,1,12.0,30600000.0,2539000,0,46,0,8000000,0,600000,25000000,1500000,2,1
5750000,287500,6037500,65.0,6,1,6.0,7308000.0,1206000,0,30,1,10000000,0,1500000,25000000,3000000,2,5
8720000,575520,9295520,0.01,6,1,6.0,9372000.0,1550000,0,34,1,5000000,0,1000000,15000000,3000000,2,5
7992000,399600,8391600,35.0,9,1,9.0,9774000.0,1074000,1,31,0,10000000,0,2500000,10000000,2500000,4,5
2190000,109500,2299500,65.0,6,1,6.0,2832000.0,460000,0,49,3,10000000,0,1500000,20000000,5000000,2,5
2513000,165858,2678858,0.01,4,1,4.0,2726000.0,670000,1,23,0,6000000,0,1000000,12000000,5000000,2,3
3000000,150000,3150000,45.0,6,1,5.0,3646000.0,597000,1,24,0,5000000,0,600000,20000000,2100000,4,0
2000000,100000,2100000,65.0,6,1,7.0,3318000.0,420000,1,38,0,5000000,0,500000,10000000,500000,0,3
4000000,264000,4264000,20.29,6,1,6.0,4596000.0,754000,1,28,0,6000000,0,500000,12000000,2000000,4,2
30000000,1650000,31650000,44.5,24,0,-1.0,-1.0,2014302,0,54,0,7000000,0,12000000,25000000,3500000,2,3
10000000,550000,10550000,47.0,12,0,12.0,12441879.0,1118697,0,22,0,4000000,0,6000000,12000000,1500000,4,3
20000000,0,20000000,47.0,24,1,12.0,15750828.0,1300569,1,23,0,7300000,0,10800000,21000000,3000000,4,5
20000000,1100000,21100000,59.99,24,1,12.0,18492144.0,1529012,0,48,0,8000000,0,24000000,16000000,4000000,2,5
20000000,1100000,21100000,44.5,18,1,13.0,19662368.0,1627488,1,24,0,12000000,0,24000000,40000000,5000000,4,4
15000000,825000,15825000,33.5,12,0,11.0,17403166.0,1570106,1,47,0,10000000,0,12000000,20000000,3000000,2,5
40000000,2200000,42200000,37.0,36,0,10.0,19680240.0,1957030,0,44,0,10000000,0,18000000,50000000,9000000,2,3
25000000,1375000,26375000,35.0,18,0,11.0,21086000.0,1904206,0,21,0,7000000,0,12000000,15000000,4000000,4,3
20000000,1100000,21100000,45.0,24,1,11.0,16332000.0,1348689,1,55,0,12000000,0,24000000,20000000,8000000,2,1
15000000,825000,15825000,60.0,22,1,12.0,14572097.0,1202233,0,35,0,7000000,0,12000000,20000000,3000000,2,5
25000000,1375000,26375000,35.0,24,1,12.0,18654000.0,1543429,1,23,0,12000000,0,24000000,27000000,7000000,4,3
20000000,1100000,21100000,35.0,24,0,11.0,13717000.0,1234743,0,34,0,8000000,0,12000000,30000000,10000000,2,3
35000000,1925000,36925000,33.5,30,0,10.0,18482000.0,1833509,1,32,0,9000000,0,12000000,20000000,7000000,2,7
20000000,0,20000000,35.0,24,0,3.0,5964744.0,1170372,1,21,0,15000000,0,12000000,32000000,8000000,2,3
20000000,1100000,21100000,47.0,24,0,11.0,15235800.0,1372100,1,27,0,10000000,0,14400000,25000000,3000000,4,3
10000000,550000,10550000,33.5,24,1,12.0,7446000.0,609053,1,48,0,10000000,0,12000000,18000000,4000000,2,3
30000000,1650000,31650000,44.5,18,1,11.0,29439000.0,2441232,0,29,0,10000000,0,12000000,15000000,3000000,2,3
10000000,550000,10550000,59.99,24,0,8.0,6219506.0,764506,1,34,0,6000000,0,9600000,12000000,5000000,2,1
50000000,2750000,52750000,37.0,24,1,12.0,37859778.0,3142778,1,48,0,3000000,0,12000000,70000000,10000000,2,3
12000000,660000,12660000,44.5,12,1,13.0,16034000.0,1326221,1,35,0,4000000,0,12000000,10000000,4000000,2,5
60000000,3300000,63300000,37.0,36,1,12.0,35360632.0,2935544,0,28,0,40000000,0,24000000,40000000,8000000,4,4
35000000,1925000,36925000,44.5,24,1,12.0,28344190.0,2350019,1,34,0,15000000,0,18000000,20000000,3000000,2,5
12000000,660000,12660000,68.0,24,0,10.0,9944498.0,977879,0,33,0,10000000,0,36000000,45000000,8000000,2,3
20000000,1100000,21100000,47.0,36,0,6.0,10211613.0,1103070,1,23,0,8000000,0,24000000,20000000,8000000,4,3
20000000,1100000,21100000,44.5,24,1,12.0,16260000.0,1342868,0,29,0,7000000,0,18000000,14000000,3500000,2,3
30000000,1650000,31650000,45.0,24,0,11.0,22385363.0,2023033,0,22,0,10000000,0,12000000,20000000,4000000,2,3
30000000,1650000,31650000,35.0,30,1,1.0,34645000.0,1597414,0,23,0,8000000,0,12000000,20000000,5000000,4,3
11000000,605000,11605000,60.0,12,0,5.0,7930017.0,1309339,0,50,0,4500000,0,10800000,40000000,3000000,2,3
30000000,1650000,31650000,47.0,24,1,12.0,24858900.0,2058150,0,27,0,8000000,0,12000000,18000000,6000000,2,2
15000000,825000,15825000,59.99,18,0,4.0,5463682.0,1353681,0,50,0,5000000,0,18000000,15000000,5000000,2,5
20000000,1100000,21100000,33.5,24,0,7.0,8611000.0,1218107,0,31,0,6000000,0,10800000,20000000,5000000,2,3
30000000,1650000,31650000,35.0,30,1,12.0,19303554.0,1597414,1,21,0,13000000,0,18000000,35000000,8000000,4,3
20000000,1100000,21100000,45.0,24,1,13.0,17587067.0,1348689,0,49,0,6000000,0,12000000,18000000,4000000,2,3
10000000,550000,10550000,59.99,12,1,12.0,14861000.0,1190252,0,50,0,8000000,0,12000000,8000000,2000000,1,1
10000000,550000,10550000,33.5,18,1,4.0,12036000.0,753630,1,28,0,5000000,0,18000000,11000000,4500000,2,3
30000000,1650000,31650000,33.5,24,0,6.0,11036000.0,1827160,1,55,0,12000000,0,24000000,22000000,6000000,2,7
10000000,550000,10550000,45.0,24,0,11.0,7557000.0,674344,0,23,0,8000000,0,12000000,20000000,3000000,4,4
15000000,825000,15825000,33.5,18,1,12.0,13719000.0,1130445,0,57,0,18000000,0,24000000,22000000,5000000,2,3
10000000,550000,10550000,45.0,24,1,10.0,8922472.0,674344,1,53,0,20000000,0,42000000,35000000,9000000,2,3
30000000,1650000,31650000,33.5,24,1,12.0,22057920.0,1827160,0,40,0,10000000,0,12000000,30000000,5000000,2,3
30000000,0,30000000,47.0,30,0,5.0,8650000.0,1717392,0,27,0,5000000,0,8400000,30000000,4800000,2,5
20000000,1100000,21100000,35.0,30,1,12.0,12923373.0,1064943,0,53,0,4000000,0,24000000,20000000,6000000,0,3
20000000,1100000,21100000,45.0,24,1,12.0,16330000.0,1348689,1,34,0,10000000,0,12000000,25000000,7000000,4,7
10000000,550000,10550000,45.0,24,1,12.0,8237032.0,674344,1,24,0,7000000,0,12000000,25000000,4000000,4,3
30000000,1650000,31650000,45.0,24,0,-1.0,-1.0,2023033,1,39,0,14000000,0,48000000,20000000,8000000,4,3
20000000,1100000,21100000,45.0,24,0,10.0,13610000.0,1348689,0,47,0,9000000,0,7200000,25000000,2000000,2,5
40000000,2200000,42200000,45.0,24,0,3.0,5420000.0,2697378,0,35,0,9000000,0,9600000,18000000,2000000,2,7
40000000,2200000,42200000,44.5,18,0,11.0,35936784.0,3254976,1,27,0,12000000,0,30000000,13000000,2500000,4,5
20000000,1100000,21100000,47.0,18,1,12.0,20040000.0,1655490,0,24,0,9000000,0,24000000,35000000,10000000,4,5
20000000,1100000,21100000,45.0,18,1,12.0,19729000.0,1633069,0,43,0,7000000,0,12000000,25000000,4000000,2,5
30000000,1650000,31650000,33.5,30,0,3.0,6380000.0,1571579,0,32,0,25000000,0,48000000,40000000,8000000,2,5
20000000,1100000,21100000,37.0,24,0,11.0,13949000.0,1257111,0,32,0,11000000,0,18000000,22000000,6000000,2,3
20000000,1100000,21100000,35.0,24,1,14.0,17329000.0,1234743,0,26,0,7000000,0,8400000,30000000,4000000,2,5
30000000,1650000,31650000,45.0,24,1,12.0,24420396.0,2023033,1,48,0,15000000,0,12000000,35000000,3000000,2,5
15000000,825000,15825000,45.0,15,1,13.0,16926039.0,1398549,0,54,0,6000000,0,12000000,16000000,3000000,2,1
30000000,1650000,31650000,33.5,24,0,9.0,17118160.0,1827160,0,25,0,9000000,0,12000000,20000000,8000000,2,7
12000000,660000,12660000,68.0,12,0,11.0,16462000.0,1482574,0,27,0,6000000,0,12000000,24000000,3000000,2,3
30000000,1650000,31650000,33.5,24,1,12.0,21930000.0,1827160,0,24,0,10000000,0,18000000,20000000,4500000,2,3
30000000,1650000,31650000,31.5,20,1,12.0,24804000.0,2054307,1,50,0,7000000,0,8400000,18000000,2000000,2,1
15000000,0,15000000,45.0,12,0,7.0,18304000.0,1575185,0,22,0,6000000,0,12000000,20000000,4000000,2,5
10000000,550000,10550000,35.0,24,0,10.0,6297000.0,617371,0,41,0,10000000,0,24000000,50000000,7000000,2,3
40000000,2200000,42200000,44.5,24,0,1.0,8058000.0,2685736,1,30,0,15000000,0,18000000,30000000,5000000,2,3
12000000,660000,12660000,68.0,18,0,10.0,12673000.0,1140141,1,42,0,7000000,0,12000000,12000000,5000000,2,5
15000000,825000,15825000,60.0,12,1,12.0,21526462.0,1785462,0,32,0,9000000,0,8400000,14000000,4000000,2,3
30000000,1650000,31650000,45.0,15,1,13.0,41704000.0,2797099,0,46,0,15000000,0,24000000,50000000,10000000,2,3
40000000,2200000,42200000,37.0,36,1,12.0,23628300.0,1957030,0,50,0,15000000,0,36000000,45000000,9000000,2,4
35000000,0,35000000,35.0,30,1,10.0,45061000.0,1766493,0,29,0,5843000,0,9600000,30000000,4000000,2,5
20000000,1100000,21100000,35.0,24,0,10.0,12470000.0,1234743,0,59,0,6000000,0,7200000,25000000,4500000,2,5
30000000,1650000,31650000,35.0,30,1,13.0,20930000.0,1597414,0,34,0,8000000,0,6000000,28000000,3000000,1,3
40000000,2200000,42200000,35.0,18,1,12.0,36704920.0,3046730,1,26,0,15000000,0,24000000,24000000,6000000,2,4
40000000,2200000,42200000,44.5,24,1,12.0,32360888.0,2685736,1,32,0,18000000,0,12000000,35000000,7000000,2,4
15000000,825000,15825000,59.99,18,1,12.0,16390000.0,1353681,1,35,0,8000000,0,12000000,14000000,3500000,2,3
15000000,825000,15825000,47.0,24,1,12.0,12504000.0,1029075,0,28,0,4899000,0,24000000,89000000,9000000,2,3
50000000,2750000,52750000,35.0,30,1,13.0,34619000.0,2662357,0,24,0,12000000,0,9600000,20000000,2000000,2,5
10000000,550000,10550000,35.0,24,1,12.0,7555000.0,617371,1,51,0,4000000,0,6000000,20000000,6000000,2,7
20000000,1100000,21100000,45.0,24,0,4.0,5444067.0,1348689,0,53,0,6000000,0,12000000,16000000,2000000,3,3
30000000,1650000,31650000,45.0,24,0,14.0,23377363.0,2023033,0,36,0,15000000,0,24000000,35000000,4500000,4,5
30000000,1650000,31650000,37.0,24,1,11.0,42343001.0,1885667,1,38,0,6000000,0,7200000,16000000,4000000,2,1
20000000,1100000,21100000,59.99,24,1,12.0,18459024.0,1529012,1,51,0,8000000,0,12000000,25000000,3000000,2,5
20000000,1100000,21100000,35.0,12,0,10.0,24991000.0,2109219,0,36,0,10000000,0,24000000,25000000,8000000,2,2
20000000,1100000,21100000,44.5,24,0,6.0,9470604.0,1342868,0,56,0,10000000,0,48000000,20000000,4000000,1,3
20000000,1100000,21100000,35.0,24,0,12.0,13677000.0,1234743,0,32,0,6000000,0,9600000,30000000,5000000,4,3
15000000,825000,15825000,59.99,24,0,4.0,4636000.0,1146759,1,47,0,14000000,0,12000000,25000000,10000000,2,3
25000000,1375000,26375000,45.0,24,0,11.0,18665000.0,1685861,0,34,0,7000000,0,12000000,26000000,4000000,2,5
30000000,1650000,31650000,47.0,24,1,12.0,24890000.0,2058150,1,42,0,10000000,0,18000000,20000000,7500000,2,7
15000000,825000,15825000,45.0,24,1,13.0,13310551.0,1011517,0,52,0,4000000,0,10800000,16000000,1500000,2,5
20000000,1100000,21100000,33.5,12,0,11.0,23159740.0,2093474,1,29,0,6000000,0,18000000,17000000,7000000,2,7
10000000,550000,10550000,59.99,12,1,13.0,15627504.0,1190252,0,44,0,6500000,0,6000000,13000000,1500000,2,3
10000000,550000,10550000,44.5,12,1,12.0,13200000.0,1105184,1,36,0,10000000,0,24000000,15000000,4000000,2,5
15000000,825000,15825000,60.0,24,0,10.0,11460000.0,1146852,0,45,0,10000000,0,12000000,30000000,6000000,2,3
20000000,1100000,21100000,45.0,24,0,11.0,14960000.0,1348689,1,45,0,6000000,0,12000000,10000000,3000000,2,5
40000000,2200000,42200000,44.5,24,0,5.0,13491000.0,2685736,1,26,0,20000000,0,24000000,35000000,5000000,2,7
25000000,1375000,26375000,59.99,18,0,4.0,9137000.0,2256135,1,26,0,9000000,0,18000000,15000000,3000000,2,5
20000000,1100000,21100000,47.0,15,1,12.0,22787716.0,1886716,1,30,0,6189000,0,8400000,30000000,4500000,4,5
30000000,1650000,31650000,45.0,24,1,12.0,24420000.0,2023033,0,48,0,10000000,0,12000000,28000000,3700000,2,5
25000000,1375000,26375000,47.0,24,0,11.0,18922000.0,1715125,1,27,0,12000000,0,36000000,25000000,6000000,2,2
30000000,1650000,31650000,47.0,35,1,12.0,20003000.0,1654605,0,50,0,8000000,0,7200000,26000000,1000000,2,5
10000000,550000,10550000,44.5,12,0,2.0,2198000.0,1105184,0,30,0,5000000,0,10800000,8000000,2000000,0,3
20000000,1100000,21100000,50.0,24,1,12.0,17038000.0,1407597,0,33,0,6000000,0,18000000,19000000,5000000,2,3
10000000,550000,10550000,59.99,12,1,12.0,14487252.0,1190252,0,21,0,6000000,0,9600000,30000000,8000000,2,3
10000000,550000,10550000,35.0,30,1,6.0,10873000.0,532471,0,22,0,15000000,0,24000000,25000000,8000000,2,7
30000000,1650000,31650000,45.0,24,0,1.0,2035000.0,2023033,1,43,0,15000000,0,12000000,25000000,4000000,2,3
10000000,550000,10550000,59.99,24,1,12.0,9273000.0,764506,0,44,0,7000000,0,12000000,14000000,4000000,2,5
30000000,1650000,31650000,45.0,24,0,2.0,4070000.0,2023033,1,27,0,10000000,0,24000000,32000000,6000000,4,3
30000000,0,30000000,35.0,30,1,13.0,19890000.0,1514137,0,24,0,7000000,0,9600000,20000000,3500000,4,3
20000000,1100000,21100000,59.99,24,1,12.0,18492132.0,1529012,0,31,0,8000000,0,12000000,25000000,4000000,2,3
20000000,1100000,21100000,47.0,24,0,11.0,15213100.0,1372100,1,46,0,7000000,0,12000000,30000000,5000000,2,3
25000000,1375000,26375000,33.5,24,1,12.0,18402000.0,1522633,0,43,0,9000000,0,18000000,9000000,1500000,1,5
40000000,2200000,42200000,45.0,24,0,2.0,5418756.0,2697378,1,23,0,10000000,0,15600000,35000000,4000000,4,2
30000000,1650000,31650000,44.5,24,1,12.0,24305604.0,2014302,1,27,0,7000000,0,3600000,16700000,4000000,2,3
50000000,2750000,52750000,35.0,30,0,4.0,10652000.0,2662357,1,29,0,15000000,0,12000000,30000000,2500000,4,3
20000000,1100000,21100000,44.5,24,0,9.0,12194868.0,1342868,0,55,0,15000000,0,24000000,25000000,8000000,2,3
20000000,1100000,21100000,47.0,24,1,10.0,28606800.0,1372100,1,38,0,7000000,0,20400000,17600000,2800000,2,7
30000000,1650000,31650000,47.0,36,1,12.0,21447000.0,1654605,0,26,0,9760000,0,9600000,30000000,5000000,2,3
30000000,1650000,31650000,35.0,30,0,7.0,11268242.0,1597414,0,44,0,10000000,0,12000000,30000000,4000000,2,3
20000000,1100000,21100000,45.0,18,0,11.0,17985000.0,1633069,0,47,0,8000000,0,12000000,25000000,5000000,2,3
20000000,1100000,21100000,60.0,24,1,12.0,18480000.0,1529136,1,25,0,9000000,0,24000000,9000000,2000000,2,3
30000000,1650000,31650000,35.0,30,0,12.0,17576070.0,1597414,0,52,0,10000000,0,12000000,40000000,4000000,4,5
40000000,2200000,42200000,44.5,24,1,1.0,45383000.0,2685736,0,25,0,17000000,0,24000000,30000000,5000000,2,7
25000000,1375000,26375000,45.0,24,1,12.0,20390000.0,1685861,0,27,0,6529000,0,24000000,25000000,8000000,2,3
20000000,1100000,21100000,47.0,15,1,13.0,24672000.0,1886716,1,34,0,6219000,0,12000000,15000000,4000000,2,5
10000000,550000,10550000,59.99,15,1,13.0,12346000.0,1016354,0,20,0,7000000,0,9600000,18000000,3500000,2,3
30000000,1650000,31650000,37.0,28,1,12.0,20592000.0,1703962,0,51,0,9000000,0,6000000,15000000,5000000,2,5
40000000,2200000,42200000,44.5,24,1,12.0,32378000.0,2685736,0,27,0,12000000,0,24000000,25000000,5000000,2,3
30000000,1650000,31650000,35.0,24,0,11.0,20507000.0,1852114,1,37,0,9000000,0,21600000,18000000,5400000,2,3
25000000,1375000,26375000,47.0,18,1,12.0,24953000.0,2069362,0,21,0,6000000,0,14400000,12000000,2400000,2,5
40000000,2200000,42200000,44.5,24,0,2.0,5250000.0,2685736,0,50,0,15000000,0,18000000,30000000,4000000,2,7
50000000,2750000,52750000,33.5,30,1,12.0,31563588.0,2619299,1,39,0,30000000,0,12000000,38000000,3500000,2,4
50000000,2750000,52750000,35.0,30,0,11.0,29444000.0,2662357,0,42,0,15000000,0,12000000,30000000,5000000,2,3
40000000,0,40000000,31.5,24,1,7.0,47597000.0,2267514,1,26,0,10000000,0,12000000,19000000,2000000,2,7
10000000,550000,10550000,35.0,12,1,10.0,12790000.0,1054610,1,38,0,10000000,0,8400000,20000000,2000000,2,5
10000000,550000,10550000,44.5,24,1,12.0,8201906.0,671434,1,52,0,7000000,0,24000000,21000000,5000000,2,7
40000000,2200000,42200000,33.5,24,1,12.0,29366556.0,2436213,1,33,0,9000000,0,9600000,20000000,5000000,2,3
20000000,1100000,21100000,45.0,15,1,16.0,24387928.0,1864732,0,44,0,10000000,0,18000000,30000000,6000000,2,3
30000000,1650000,31650000,45.0,24,1,12.0,24297066.0,2023033,0,25,0,15000000,0,12000000,30000000,3000000,2,3
10000000,550000,10550000,33.5,12,1,12.0,12603685.0,1046737,1,23,0,6500000,0,12000000,15000000,3000000,4,7
25000000,1375000,26375000,47.0,36,1,13.0,16691000.0,1378837,1,37,0,4594000,0,8400000,25000000,4000000,4,3
20000000,1100000,21100000,47.0,36,1,12.0,13380000.0,1103070,0,33,0,4595000,0,19200000,25000000,5000000,2,3
30000000,1650000,31650000,35.0,30,1,12.0,19317000.0,1597414,0,59,0,10000000,0,9600000,30000000,6000000,0,5
20000000,1100000,21100000,47.0,24,0,10.0,15225000.0,1372100,1,24,0,9000000,0,8400000,25000000,1500000,4,5
20000000,1100000,21100000,35.0,24,1,12.0,14952000.0,1234743,0,22,0,3899000,0,8400000,20000000,4500000,4,5
30000000,1650000,31650000,45.0,24,1,12.0,24420363.0,2023033,1,26,0,8000000,0,12000000,13000000,2000000,4,4
15000000,825000,15825000,35.0,12,0,-1.0,-1.0,1581914,0,41,0,6765000,0,8400000,20000000,5000000,2,5
25000000,1375000,26375000,59.99,24,1,11.0,41000060.0,1911265,0,56,0,8000000,0,14400000,17000000,2400000,3,5
20000000,1100000,21100000,59.99,12,0,11.0,26318536.0,2380504,1,33,0,15000000,0,36000000,25000000,8000000,2,3
30000000,1650000,31650000,35.0,30,1,12.0,19176000.0,1597414,0,30,0,7000000,0,7200000,23000000,4000000,2,1
10000000,550000,10550000,37.0,24,1,12.0,7692000.0,628556,0,21,0,6198000,0,12000000,15000000,3000000,4,3
25000000,1375000,26375000,44.5,24,0,-1.0,-1.0,1678585,1,34,0,15000000,0,18000000,23000000,5000000,4,4
40000000,2200000,42200000,37.0,36,1,4.0,49388000.0,1957030,0,46,0,10000000,0,24000000,40000000,8000000,3,7
40000000,0,40000000,35.0,30,0,11.0,22340000.0,2018849,0,31,0,15000000,0,24000000,45000000,15000000,2,4
40000000,2200000,42200000,44.5,24,1,12.0,32378000.0,2685736,1,26,0,13000000,0,12000000,30000000,4000000,4,3
25000000,1375000,26375000,47.0,30,0,10.0,14696192.0,1509874,0,32,0,4933000,0,9600000,25000000,3800000,2,5
30000000,1650000,31650000,45.0,24,1,12.0,24421000.0,2023033,1,31,0,12000000,0,8400000,30000000,3000000,2,3
20000000,1100000,21100000,60.0,24,1,12.0,18494088.0,1529136,0,29,0,9000000,0,12000000,30000000,5000000,2,3
30000000,1650000,31650000,35.0,30,0,5.0,8020000.0,1597414,0,33,0,20000000,0,24000000,45000000,7000000,2,3
30000000,1650000,31650000,35.0,30,0,-1.0,-1.0,1597414,1,25,0,10000000,0,24000000,19000000,4000000,2,5
30000000,1650000,31650000,47.0,30,0,13.0,18112000.0,1811848,0,22,0,5689000,0,1200000,15000000,4000000,4,2
10000000,550000,10550000,35.0,12,1,10.0,12981000.0,1054610,0,27,0,4500000,0,9600000,15000000,2000000,2,3
10000000,550000,10550000,44.5,24,1,12.0,8201868.0,671434,0,21,0,8000000,0,12000000,20000000,5000000,4,4
14000000,770000,14770000,68.0,24,1,12.0,13825436.0,1140859,1,40,0,6000000,0,10800000,20000000,4500000,2,1
40000000,0,40000000,35.0,30,0,10.0,20300000.0,2018849,1,35,0,10000000,0,12000000,33000000,6000000,2,3
25000000,1375000,26375000,47.0,35,1,12.0,16690044.0,1378837,0,56,0,10000000,0,24000000,25000000,7000000,3,3
20000000,0,20000000,47.0,24,1,12.0,15748000.0,1300569,0,30,0,4415000,0,6000000,15000000,2000000,2,3
30000000,1650000,31650000,47.0,18,1,13.0,29956000.0,2483234,1,30,0,8500000,0,12000000,30000000,10000000,2,3
30000000,1650000,31650000,37.0,36,0,11.0,16278000.0,1467772,1,30,0,4772000,0,18000000,15000000,5000000,2,3
40000000,2200000,42200000,44.5,24,1,11.0,32373000.0,2685736,1,45,0,15000000,0,24000000,32000000,6000000,2,2
25000000,1375000,26375000,47.0,36,1,12.0,16692000.0,1378837,0,26,0,4869000,0,9600000,23000000,8000000,2,3
30000000,0,30000000,37.0,36,1,13.0,18282000.0,1391253,0,36,0,15000000,0,18000000,25000000,5000000,2,4
12000000,660000,12660000,68.0,15,0,5.0,5168000.0,1275268,1,27,0,4500000,0,10800000,19000000,1500000,2,2
15000000,825000,15825000,44.5,12,0,8.0,13359000.0,1657776,1,28,0,8000000,0,36000000,8000000,3000000,4,3
25000000,1375000,26375000,47.0,24,0,11.0,19001000.0,1715125,1,24,0,12000000,0,24000000,20000000,6000000,4,4
20000000,0,20000000,45.0,24,1,12.0,15487134.0,1278378,0,25,0,7000000,0,12000000,20000000,4000000,4,2
40000000,2200000,42200000,35.0,24,0,8.0,19855486.0,2469486,0,53,0,12000000,0,18000000,30000000,6000000,2,1
30000000,1650000,31650000,35.0,24,1,1.0,22156000.0,1852114,1,37,0,10000000,0,12000000,20000000,6000000,2,3
10000000,550000,10550000,45.0,15,1,12.0,11327000.0,932366,1,37,0,7000000,0,16800000,13000000,3000000,2,3
30000000,1650000,31650000,33.5,30,1,12.0,19003000.0,1571579,1,32,0,11000000,0,24000000,20000000,5000000,2,5
10000000,550000,10550000,59.99,12,1,12.0,14687000.0,1190252,0,23,0,9000000,0,18000000,18000000,5000000,4,4
40000000,2200000,42200000,45.0,24,1,12.0,32380000.0,2697378,1,34,0,12000000,0,8400000,20000000,2000000,2,5
25000000,1375000,26375000,45.0,24,0,6.0,10188000.0,1685861,0,49,0,12000000,0,12000000,30000000,8000000,0,1
10000000,550000,10550000,45.0,12,0,-1.0,-1.0,1107880,1,39,0,6500000,0,18000000,27000000,7000000,4,7
10000000,550000,10550000,59.99,12,0,6.0,7215008.0,1190252,1,24,0,6000000,0,10800000,35000000,8700000,2,2
30000000,1650000,31650000,33.5,24,1,13.0,23920000.0,1827160,1,26,0,6000000,0,36000000,14000000,4000000,2,5
30000000,1650000,31650000,45.0,18,1,12.0,29538603.0,2449603,0,24,0,9000000,0,12000000,20000000,4000000,2,3
30000000,1650000,31650000,44.5,24,1,12.0,24316322.0,2014302,0,30,0,10000000,0,18000000,20000000,4000000,2,7
30000000,1650000,31650000,47.0,24,0,13.0,22784000.0,2058150,0,30,0,6500000,0,6000000,14500000,2000000,2,5
30000000,1650000,31650000,35.0,24,0,12.0,22357254.0,1852114,0,37,0,12000000,0,12000000,25000000,6000000,2,1
10000000,0,10000000,45.0,12,0,7.0,12415000.0,1050123,1,29,0,6500000,0,10800000,30000000,2900000,4,3
40000000,2200000,42200000,35.0,24,0,11.0,27296346.0,2469486,1,45,0,10000000,0,9600000,25000000,6000000,2,3
30000000,1650000,31650000,33.5,24,1,12.0,22080000.0,1827160,1,41,0,10000000,0,12000000,15000000,4000000,2,3
30000000,1650000,31650000,45.0,24,1,12.0,24420033.0,2023033,0,46,0,40000000,0,48000000,80000000,15000000,2,3
25000000,1375000,26375000,59.99,24,0,4.0,7692000.0,1911265,1,36,0,10000000,0,6000000,15000000,3000000,2,3
30000000,1650000,31650000,44.5,24,1,12.0,24313604.0,2014302,0,28,0,10000000,0,12000000,20000000,5000000,2,3
45000000,2475000,47475000,35.0,36,1,12.0,25908000.0,2147581,0,25,0,6562000,0,14400000,14000000,3500000,2,5
20000000,1100000,21100000,45.0,24,1,12.0,16328268.0,1348689,1,52,0,9000000,0,18000000,25000000,5000000,2,5
11000000,605000,11605000,60.0,12,0,11.0,14542000.0,1309339,0,31,0,6000000,0,12000000,20000000,9000000,2,5
15000000,825000,15825000,47.0,12,1,12.0,19997000.0,1678045,0,22,0,5068000,0,12000000,20000000,5000000,2,3
20000000,1100000,21100000,37.0,24,1,12.0,15270000.0,1257111,0,27,0,5471000,0,12000000,20000000,5000000,2,7
20000000,1100000,21100000,45.0,24,1,13.0,17693000.0,1348689,0,24,0,15000000,0,9600000,60000000,5000000,2,3
20000000,1100000,21100000,44.5,24,1,13.0,16246736.0,1342868,1,37,0,9000000,0,24000000,15000000,5000000,2,5
10000000,550000,10550000,59.99,12,0,11.0,13232252.0,1190252,1,55,0,10000000,0,12000000,17000000,2000000,2,4
20000000,1100000,21100000,45.0,24,0,5.0,11083000.0,1348689,1,25,0,5412000,0,6000000,30000000,2000000,2,7
25000000,1375000,26375000,59.99,24,0,7.0,13456000.0,1911265,1,29,0,10000000,0,12000000,39000000,6000000,2,5
10000000,550000,10550000,60.0,12,1,12.0,14410000.0,1190308,0,35,0,10000000,0,12000000,16000000,4000000,2,4
15000000,825000,15825000,44.5,12,0,8.0,19719000.0,1657776,1,28,0,7000000,0,24000000,14000000,5000000,2,3
15000000,825000,15825000,60.0,24,1,12.0,13887000.0,1146852,0,31,0,5500000,0,7200000,12500000,3000000,2,5
25000000,1375000,26375000,59.99,24,1,12.0,23083795.0,1911265,0,31,0,7000000,0,7200000,27000000,5000000,2,5
25000000,1375000,26375000,47.0,30,1,12.0,18214118.0,1509874,0,33,0,10000000,0,7200000,20000000,5000000,2,7
40000000,2200000,42200000,37.0,36,1,12.0,25609030.0,1957030,0,30,0,7000000,0,12000000,22000000,4000000,2,2
20000000,1100000,21100000,44.5,24,1,12.0,16258416.0,1342868,0,54,0,8000000,0,18000000,23000000,4500000,2,5
50000000,2750000,52750000,37.0,24,1,1.0,57604000.0,3142778,0,38,0,9000000,0,10800000,20000000,2500000,2,5
25000000,1375000,26375000,47.0,36,1,8.0,31652000.0,1378837,1,21,0,4214000,0,9600000,20000000,4000000,4,3
30000000,1650000,31650000,33.5,18,1,12.0,27132000.0,2260889,1,39,0,10000000,0,36000000,30000000,7000000,2,3
20000000,1100000,21100000,35.0,24,0,15.0,13705000.0,1234743,0,55,0,7000000,0,8400000,15000000,3000000,2,1
15000000,825000,15825000,35.0,24,0,-1.0,-1.0,926057,1,37,0,15000000,0,18000000,30000000,6000000,2,3
40000000,2200000,42200000,44.5,24,0,21.0,30780208.0,2685736,1,32,0,15000000,0,24000000,21000000,4000000,2,7
20000000,1100000,21100000,47.0,24,0,11.0,15235000.0,1372100,0,41,0,10000000,0,12000000,22000000,7000000,2,3
20000000,0,20000000,35.0,24,1,12.0,14188860.0,1170372,0,27,0,7500000,0,18000000,30000000,6000000,4,7
20000000,1100000,21100000,35.0,24,0,5.0,6302000.0,1234743,0,56,0,5000000,0,9600000,25000000,5000000,0,1
15000000,825000,15825000,47.0,24,0,11.0,11458226.0,1029075,1,34,0,4000000,0,9600000,18000000,3000000,2,5
20000000,1100000,21100000,44.5,24,1,12.0,16260000.0,1342868,0,56,0,5500000,0,9600000,19000000,4000000,2,1
35000000,1925000,36925000,45.0,18,0,13.0,31570000.0,2857870,0,28,0,10000000,0,8400000,20000000,4000000,2,3
30000000,1650000,31650000,35.0,24,1,12.0,22296000.0,1852114,0,39,0,6000000,0,12000000,10000000,3000000,2,4
35000000,1925000,36925000,37.0,36,0,1.0,1725000.0,1712401,1,26,0,7350000,0,9600000,16000000,2000000,2,5
25000000,1375000,26375000,45.0,24,1,13.0,22074000.0,1685861,0,28,0,15000000,0,24000000,40000000,8000000,2,5
10000000,550000,10550000,59.99,12,1,13.0,14698000.0,1190252,0,44,0,10000000,0,24000000,40000000,6000000,2,5
10000000,550000,10550000,45.0,12,0,11.0,12319520.0,1107880,1,28,0,7000000,0,12000000,15000000,3000000,2,2
30000000,1650000,31650000,44.5,18,0,9.0,19611000.0,2441232,1,30,0,10000000,0,18000000,25000000,4000000,2,4
40000000,2200000,42200000,33.5,30,0,1.0,2107000.0,2095439,1,30,0,14000000,0,24000000,22000000,4000000,2,3
20000000,1100000,21100000,35.0,24,0,11.0,13714145.0,1234743,1,30,0,7000000,0,7200000,12000000,1200000,2,5
20000000,1100000,21100000,33.5,24,0,4.0,4921000.0,1218107,1,47,0,6000000,0,21600000,90000000,9000000,2,7
20000000,1100000,21100000,59.99,24,1,7.0,28347000.0,1529012,0,27,0,8000000,0,24000000,20000000,6000000,2,5
20000000,1100000,21100000,35.0,24,1,13.0,16198743.0,1234743,1,20,0,5000000,0,18000000,40000000,10000000,4,3
20000000,1100000,21100000,44.5,24,0,3.0,4062000.0,1342868,0,45,0,15000000,0,36000000,30000000,8000000,2,7
20000000,1100000,21100000,33.5,24,1,12.0,14750000.0,1218107,1,23,0,15000000,0,12000000,24000000,3000000,4,2
20000000,1100000,21100000,35.0,18,1,12.0,18435365.0,1523365,1,25,0,5000000,0,12000000,27000000,10000000,4,2
35000000,1925000,36925000,35.0,30,1,12.0,22368000.0,1863650,0,41,0,20000000,0,48000000,40000000,8000000,2,5
10000000,550000,10550000,59.99,24,0,12.0,8590000.0,764506,0,38,0,6500000,0,9600000,30000000,6000000,4,5
10000000,550000,10550000,44.5,12,1,12.0,13176000.0,1105184,1,24,0,7000000,0,18000000,8000000,1500000,4,3
50000000,2750000,52750000,33.5,30,0,11.0,28948000.0,2619299,0,33,0,10000000,0,24000000,34000000,7000000,2,7
12000000,660000,12660000,60.0,12,1,12.0,17292000.0,1428370,0,43,0,9000000,0,4800000,9000000,2000000,3,1
30000000,1650000,31650000,35.0,24,1,12.0,22373114.0,1852114,1,48,0,10000000,0,9600000,30000000,2000000,2,5
20000000,1100000,21100000,44.5,12,1,12.0,27058104.0,2210368,1,30,0,7000000,0,7200000,15000000,3000000,2,3
8800000,484000,9284000,60.0,12,1,12.0,12715000.0,1047471,0,52,0,5000000,0,9600000,30000000,6000000,2,3
20000000,1100000,21100000,47.0,24,1,12.0,16619100.0,1372100,0,23,0,5484000,0,10800000,19000000,3000000,2,5
20000000,1100000,21100000,45.0,24,1,9.0,28042000.0,1348689,1,26,0,9000000,0,10800000,27000000,4000000,4,7
40000000,2200000,42200000,35.0,30,0,10.0,21420000.0,2129886,1,45,0,8000000,0,12000000,30000000,8000000,2,5
50000000,2750000,52750000,35.0,30,1,12.0,70871000.0,2662357,0,57,0,15000000,0,12000000,30000000,4000000,2,3
20000000,1100000,21100000,44.5,24,1,12.0,16259000.0,1342868,1,22,0,7000000,0,12000000,19000000,4000000,4,3
30000000,1650000,31650000,44.5,24,1,12.0,24303322.0,2014302,1,23,0,6000000,0,36000000,6000000,3000000,4,1
30000000,1650000,31650000,37.0,24,1,12.0,22713336.0,1885667,1,29,0,10000000,0,24000000,23000000,4000000,2,5
20000000,1100000,21100000,45.0,18,1,12.0,19740000.0,1633069,1,23,0,9000000,0,10800000,25000000,5000000,4,3
20000000,1100000,21100000,45.0,12,1,12.0,26742000.0,2215760,0,34,0,8000000,0,12000000,37000000,6000000,2,5
30000000,1650000,31650000,37.0,36,0,3.0,4440000.0,1467772,0,22,0,8000000,0,12000000,15000000,3000000,2,3
20000000,1100000,21100000,37.0,18,1,12.0,18540000.0,1544983,0,20,0,4950000,0,9600000,12000000,4000000,2,3
30000000,1650000,31650000,33.5,30,1,12.0,19036000.0,1571579,0,24,0,7000000,0,6000000,17000000,2500000,2,3
40000000,2200000,42200000,37.0,36,0,5.0,9845000.0,1957030,0,36,0,25000000,0,24000000,40000000,6000000,2,3
40000000,2200000,42200000,42.5,24,0,12.0,31821000.0,2639426,1,32,0,11000000,0,12000000,20000000,5000000,2,3
15000000,825000,15825000,59.99,12,0,15.0,14379024.0,1785378,0,55,0,15000000,0,36000000,15000000,6000000,2,1
25000000,1375000,26375000,47.0,24,0,-1.0,-1.0,1715125,1,44,0,10000000,0,14400000,27000000,4000000,2,3
20000000,1100000,21100000,45.0,18,0,11.0,18105000.0,1633069,0,51,0,7000000,0,12000000,20000000,5000000,2,5
20000000,1100000,21100000,47.0,18,1,12.0,20002980.0,1655490,0,34,0,5200000,0,8520000,11400000,3240000,1,5
15000000,825000,15825000,44.5,24,1,12.0,12219000.0,1007151,0,28,0,6000000,0,18000000,10000000,3000000,2,3
30000000,1650000,31650000,45.0,24,0,11.0,22387066.0,2023033,1,38,0,18000000,0,24000000,26000000,8000000,2,5
25000000,1375000,26375000,59.99,24,1,12.0,23088000.0,1911265,0,28,0,8000000,0,7200000,30000000,2000000,2,5
30000000,1650000,31650000,33.5,24,0,8.0,14880000.0,1827160,1,34,0,15000000,0,12000000,25000000,5000000,4,3
15000000,825000,15825000,59.99,24,1,12.0,13764000.0,1146759,0,49,0,12000000,0,14400000,44000000,5800000,2,5
15000000,825000,15825000,50.0,18,1,12.0,15349186.0,1267062,0,23,0,5000000,0,12000000,5500000,2000000,4,3
30000000,1650000,31650000,35.0,18,0,11.0,25267528.0,2285048,1,31,0,10000000,0,24000000,20000000,5000000,2,3
35000000,0,35000000,47.0,12,1,13.0,43797000.0,3711316,1,28,0,11120000,0,12000000,19000000,3000000,2,5
20000000,1100000,21100000,33.5,24,1,12.0,14762000.0,1218107,0,26,0,5000000,0,9600000,15000000,4000000,2,3
10000000,550000,10550000,60.0,12,0,11.0,13233000.0,1190308,0,59,0,7000000,0,19200000,20000000,7500000,0,3
30000000,1650000,31650000,33.5,30,1,12.0,19007579.0,1571579,0,48,0,6000000,0,12000000,12000000,2000000,2,5
30000000,1650000,31650000,35.0,30,1,12.0,19318000.0,1597414,1,40,0,7000000,0,14400000,50000000,4000000,2,1
20000000,1100000,21100000,35.0,24,1,12.0,14955000.0,1234743,0,25,0,10000000,0,30000000,20000000,5000000,4,3
35000000,1925000,36925000,47.0,24,1,6.0,47592700.0,2401175,1,33,0,7000000,0,10800000,40000000,12000000,2,2
20000000,1100000,21100000,44.5,24,0,11.0,14904868.0,1342868,1,32,0,8000000,0,24000000,20000000,6000000,2,7
20000000,1100000,21100000,45.0,24,0,1.0,1361000.0,1348689,1,49,0,6000000,0,36000000,60000000,6000000,2,5
30000000,1650000,31650000,33.5,30,1,8.0,39277000.0,1571579,0,30,0,10000000,0,12000000,25000000,5000000,2,3
30000000,1650000,31650000,33.5,30,1,12.0,19003369.0,1571579,1,27,0,20000000,0,24000000,20000000,2000000,4,3
15000000,825000,15825000,59.99,12,1,12.0,21564000.0,1785378,1,28,0,10000000,0,10800000,55000000,6000000,2,5
30000000,1650000,31650000,60.0,24,0,11.0,25695408.0,2293704,0,29,0,15000000,0,18000000,30000000,7000000,2,3
20000000,1100000,21100000,35.0,12,1,12.0,25171000.0,2109219,0,21,0,6207000,0,12000000,25000000,4000000,4,3
20000000,1100000,21100000,45.0,24,1,12.0,16328268.0,1348689,1,46,0,15000000,0,12000000,30000000,3000000,2,1
10000000,550000,10550000,37.0,24,0,11.0,7046116.0,628556,0,34,0,5432000,0,7200000,13000000,3000000,2,5
20000000,1100000,21100000,37.0,36,1,12.0,11886000.0,978515,1,37,0,12000000,0,24000000,25000000,7000000,2,2
20000000,1320000,21320000,0.01,12,1,12.0,21466000.0,1777000,0,57,0,10000000,0,1000000,40000000,5000000,2,3
3890000,256740,4146740,0.01,6,1,6.0,4207000.0,692000,0,27,0,6000000,0,1200000,20000000,3400000,2,2
2700000,135000,2835000,45.0,6,1,3.0,3236000.0,537000,0,25,0,4500000,0,800000,22000000,5500000,4,7
6414000,423324,6837324,0.01,6,1,6.0,6912000.0,1140000,0,20,0,7000000,0,2000000,15000000,5000000,2,3
5490000,274500,5764500,85.0,6,0,2.0,2450000.0,1213000,0,27,0,5600000,0,1200000,11000000,4000000,4,5
22953000,1147650,24100650,45.0,16,1,12.0,24516000.0,2031000,1,33,0,7500000,0,800000,20000000,1000000,2,5
4392000,289872,4681872,0.01,4,1,4.0,4732000.0,1171000,0,49,0,4000000,0,1000000,4000000,1000000,2,5
6330000,0,6330000,35.0,9,1,9.0,7434000.0,810000,1,22,0,8000000,0,900000,8000000,900000,4,2
6500000,429000,6929000,0.01,6,1,6.0,7002000.0,1155000,1,33,0,7000000,0,1000000,17000000,5000000,2,2
6990000,349500,7339500,85.0,12,0,5.0,5646000.0,929000,1,31,4,7000000,0,1000000,13000000,5000000,2,5
2990000,149500,3139500,65.0,6,1,6.0,3834000.0,627000,1,49,0,4000000,0,1000000,16000000,5000000,0,5
8250000,412500,8662500,65.0,9,1,9.0,11274000.0,1242000,0,21,0,6000000,0,1000000,12000000,2000000,4,3
10000000,0,10000000,0.01,6,1,6.0,10074000.0,1667000,0,40,2,10000000,0,2000000,40000000,4000000,3,2
4123000,272118,4395118,0.01,6,1,6.0,4470000.0,733000,0,46,0,5000000,0,1000000,25000000,3000000,2,5
3032000,200112,3232112,0.01,4,1,4.0,3284000.0,809000,1,39,0,10000000,0,1000000,20000000,4500000,2,5
5390000,355740,5745740,0.01,6,1,6.0,5820000.0,958000,1,29,0,12000000,0,800000,29000000,2000000,2,5
3190000,210540,3400540,0.01,4,1,4.0,3449000.0,851000,1,26,0,5000000,0,800000,16000000,5000000,0,2
3913000,258258,4171258,0.01,6,1,3.0,4244000.0,696000,1,31,0,8000000,0,1000000,32000000,4000000,4,2
2793000,184338,2977338,0.01,6,1,2.0,3052000.0,497000,1,58,0,10250000,0,980000,28925000,3822000,2,5
7833000,516978,8349978,0.01,6,1,6.0,8422222.0,1392000,0,47,0,10000000,0,1000000,20000000,4000000,2,3
6390000,421740,6811740,0.01,6,1,6.0,6884000.0,1136000,1,20,0,7500000,0,800000,20000000,3500000,4,3
2000000,100000,2100000,65.0,6,1,7.0,2632000.0,420000,1,40,0,5000000,0,1000000,5000000,1000000,2,5
15200000,760000,15960000,45.0,12,0,11.0,18568000.0,1676000,1,44,0,9000000,0,8400000,20000000,2000000,2,1
6512000,358160,6870160,41.5,9,1,9.0,8240000.0,902000,0,40,1,7000000,0,1000000,20000000,8000000,2,2
7999000,527934,8526934,0.01,6,1,6.0,8588000.0,1422000,1,45,2,10000000,0,600000,35000000,4000000,2,7
4490000,224500,4714500,35.0,9,1,7.0,5544000.0,604000,1,36,0,8000000,0,700000,15000000,3000000,2,3
13500000,675000,14175000,68.0,12,0,11.0,18392000.0,1660000,0,31,2,6000000,3000000,600000,18000000,5000000,0,3
4893000,322938,5215938,0.01,6,1,6.0,5292000.0,870000,0,20,0,5000000,0,1000000,17000000,5000000,4,3
5590000,279500,5869500,65.0,6,1,6.0,7104000.0,1172000,1,28,0,6000000,0,500000,6000000,500000,0,3
2982000,196812,3178812,0.01,6,1,6.0,3252000.0,530000,1,28,0,7000000,0,1000000,22000000,4000000,4,2
5192000,342672,5534672,10.21,6,1,6.0,5776000.0,951000,0,40,2,6500000,0,900000,25000000,3600000,2,1
10990000,549500,11539500,35.0,12,1,12.0,13986000.0,1154000,0,45,0,10000000,0,1000000,38000000,4000000,2,3
6993000,461538,7454538,0.01,6,1,6.0,7530000.0,1243000,0,47,0,7000000,0,1000000,7000000,1000000,2,1
8890000,586740,9476740,0.01,6,1,6.0,9549000.0,1580000,0,39,2,6000000,0,1000000,17000000,5000000,2,5
2290000,114500,2404500,45.0,6,1,5.0,2817000.0,455000,1,26,0,7000000,0,800000,14000000,3000000,2,3
4893000,322938,5215938,0.01,6,1,2.0,5458000.0,870000,0,31,0,6000000,0,700000,32000000,4100000,1,5
15400000,770000,16170000,45.0,12,1,9.0,20433000.0,1699000,1,28,0,9000000,0,1000000,26000000,5000000,3,5
3900000,195000,4095000,65.0,9,0,3.0,1773000.0,587000,1,39,0,6500000,0,1000000,30000000,5000000,1,5
4490000,224500,4714500,35.0,9,1,9.0,5544000.0,604000,1,34,2,5000000,0,1000000,20000000,4000000,2,1
15000000,750000,15750000,45.0,12,1,12.0,19992000.0,1654000,0,31,0,8000000,0,2000000,19000000,6000000,2,0
4790000,239500,5029500,35.0,12,1,12.0,6176664.0,503000,0,31,2,6000000,0,500000,6000000,3500000,0,3
2982000,196812,3178812,0.01,6,1,6.0,3179000.0,530000,1,34,1,10000000,0,1000000,14000000,3000000,2,0
4753000,0,4753000,0.01,6,1,6.0,4830000.0,793000,1,55,2,8000000,0,1000000,40000000,5000000,2,3
2793000,184338,2977338,0.01,6,1,6.0,3054000.0,497000,1,27,0,7000000,0,700000,15000000,2000000,2,3
6990000,349500,7339500,65.0,6,1,6.0,8868000.0,1466000,0,23,2,6500000,0,1000000,15000000,2500000,2,3
5290000,349140,5639140,0.01,6,1,6.0,5712000.0,940000,0,34,0,6000000,0,1500000,12000000,5000000,2,1
3790000,189500,3979500,45.0,6,1,6.0,4619000.0,753000,0,54,1,4000000,0,900000,4000000,900000,0,5
3690000,184500,3874500,45.0,6,1,6.0,4476000.0,734000,1,35,0,6000000,0,800000,12000000,3000000,2,2
10000000,550000,10550000,60.0,24,0,9.0,7211568.0,764568,1,54,0,6000000,0,12000000,28000000,4000000,2,3
25000000,1375000,26375000,59.99,18,0,6.0,13542000.0,2256135,0,39,0,10000000,0,18000000,31000000,7000000,2,3
40000000,2200000,42200000,44.5,24,0,1.0,2698000.0,2685736,1,21,0,12000000,0,30000000,25000000,7000000,4,3
30000000,1650000,31650000,45.0,24,0,2.0,4059000.0,2023033,0,30,0,10000000,0,9600000,35000000,3500000,2,3
20000000,1100000,21100000,60.0,12,0,10.0,23916080.0,2380616,1,42,0,20000000,0,25200000,20000000,4500000,2,5
9290000,464500,9754500,35.0,9,1,9.0,11466496.0,1248000,0,48,0,7000000,0,800000,30000000,2800000,3,3
15000000,990000,15990000,17.06,12,1,12.0,17668000.0,1459000,1,40,0,4500000,0,1000000,20000000,3500000,4,1
5590000,368940,5958940,0.01,6,1,6.0,6036000.0,994000,0,36,0,8000000,0,1000000,20000000,4000000,0,5
7990000,527340,8517340,0.01,6,1,6.0,8592000.0,1420000,1,28,0,7000000,0,1000000,12000000,4000000,2,5
4893000,322938,5215938,0.01,6,1,6.0,5288090.0,870000,1,39,2,12000000,0,1500000,18000000,5000000,2,7
10000000,660000,10660000,0.01,6,1,6.0,10734000.0,1777000,0,36,0,9000000,0,1000000,36000000,5000000,3,3
3913000,258258,4171258,0.01,6,1,7.0,4244000.0,696000,1,33,0,10000000,0,3000000,10000000,3000000,2,3
5593000,369138,5962138,0.01,6,1,6.0,6036000.0,994000,0,35,0,8500000,0,900000,35000000,3500000,3,2
4260000,213000,4473000,45.0,12,1,12.0,5784000.0,470000,0,29,1,6000000,0,2000000,17000000,5000000,2,3
4040000,202000,4242000,85.0,6,1,6.0,5430000.0,893000,1,56,0,5000000,0,800000,12000000,3000000,2,3
5440000,359040,5799040,0.01,6,1,6.0,5874000.0,967000,0,33,0,7500000,0,1000000,16000000,4000000,2,5
1950000,128700,2078700,65.0,6,1,6.0,2568000.0,416000,0,38,0,4000000,0,1000000,12000000,3000000,1,1
3843000,253638,4096638,0.01,6,1,6.0,4170000.0,683000,1,36,0,6000000,0,900000,11000000,3500000,2,7
6700000,335000,7035000,45.0,6,1,6.0,8154000.0,1332000,0,33,1,6000000,0,1000000,30000000,6000000,2,3
4200000,210000,4410000,65.0,6,0,-1.0,-1.0,881000,1,30,0,7000000,0,1000000,20000000,4000000,4,2
4490000,224500,4714500,45.0,6,1,6.0,5424000.0,893000,1,35,0,10000000,0,1000000,35000000,4000000,2,3
17000000,0,17000000,45.0,12,0,11.0,19778000.0,1786000,0,23,1,7000000,0,500000,15000000,2000000,2,3
6072000,0,6072000,35.0,9,1,9.0,7101000.0,777000,1,25,0,11000000,0,2000000,20000000,4000000,2,2
1200000,79200,1279200,65.0,3,1,3.0,1467000.0,474000,1,42,0,7000000,0,1000000,12000000,5500000,2,5
7440000,372000,7812000,65.0,6,1,6.0,9430000.0,1560000,1,29,0,10000000,0,600000,20000000,5000000,3,3
13000000,0,13000000,0.01,9,1,9.0,13113000.0,1445000,0,27,0,10000000,0,1000000,35000000,6000000,4,0
4000000,200000,4200000,45.0,6,1,6.0,4908000.0,795000,0,24,0,10000000,0,1000000,35000000,3500000,2,0
4221000,0,4221000,17.7,10,1,10.0,4700000.0,458000,0,29,2,6000000,0,800000,18000000,5000000,2,3
7191000,474606,7665606,0.01,6,1,6.0,7738000.0,1278000,1,31,0,10000000,0,2000000,40000000,3000000,4,0
4893000,322938,5215938,0.01,6,1,6.0,5280000.0,870000,0,22,0,8000000,0,700000,20000000,2000000,2,3
6990000,349500,7339500,65.0,6,1,6.0,8898000.0,1466000,1,41,1,7000000,0,1000000,16000000,4000000,2,5
4690000,234500,4924500,65.0,12,1,12.0,7095000.0,569000,0,22,0,5000000,0,800000,16000000,2500000,4,5
4893000,322938,5215938,0.01,6,1,6.0,5295000.0,870000,0,28,2,8000000,0,800000,40000000,4000000,2,7
17000000,850000,17850000,35.0,12,1,11.0,21603000.0,1785000,1,47,0,15000000,0,1000000,30000000,2500000,2,3
20000000,1100000,21100000,45.0,12,1,12.0,26736000.0,2216000,0,35,0,5000000,0,600000,13000000,4000000,2,7
5490000,362340,5852340,0.01,6,1,6.0,5928000.0,976000,1,51,0,8000000,0,1000000,50000000,6000000,2,1
4893000,322938,5215938,0.01,6,1,6.0,5288000.0,870000,1,39,0,6000000,0,600000,19000000,5700000,2,7
4500000,297000,4797000,0.01,6,1,6.0,4872000.0,800000,0,35,0,4000000,0,1000000,12000000,3000000,2,5
2630000,131500,2761500,45.0,6,1,6.0,3207000.0,523000,0,38,0,6000000,0,600000,24000000,3000000,2,3
6290000,314500,6604500,35.0,9,1,9.0,7713000.0,845000,0,20,0,6000000,0,700000,25000000,3400000,4,3
6990000,349500,7339500,65.0,6,1,6.0,8967000.0,1465335,1,22,0,9000000,0,6000000,20000000,500000,4,2
5990000,395340,6385340,0.01,6,1,6.0,6462000.0,1065000,0,30,2,7000000,0,1000000,14000000,4000000,2,5
2960000,148000,3108000,65.0,9,1,9.0,4122000.0,446000,1,29,0,5500000,0,1500000,12000000,4000000,2,5
4893000,322938,5215938,0.01,6,1,6.0,5280000.0,870000,0,30,2,8000000,0,2000000,15000000,6500000,0,3
3600000,180000,3780000,65.0,6,0,2.0,4226000.0,755000,0,57,3,5000000,0,1000000,24000000,4500000,2,1
2790000,139500,2929500,45.0,6,1,6.0,3390000.0,555000,1,38,0,7000000,0,1000000,15000000,4500000,0,1
10434000,688644,11122644,0.01,6,1,6.0,11195000.0,1854000,1,37,0,10000000,0,800000,20000000,4000000,2,7
3490000,230340,3720340,0.01,6,1,6.0,3798000.0,621000,1,53,2,4000000,0,800000,15000000,3500000,2,5
3490000,174500,3664500,35.0,9,1,9.0,4316000.0,469000,1,30,0,8000000,0,1500000,16000000,4000000,2,2
5310000,350460,5660460,0.01,6,1,6.0,5724000.0,944000,0,53,0,10000000,0,500000,30000000,1000000,2,5
5350000,267500,5617500,65.0,9,1,9.0,7362000.0,806000,1,40,0,8000000,0,1500000,14000000,4500000,2,3
3590000,179500,3769500,35.0,9,1,9.0,4455000.0,483000,1,40,2,6000000,0,500000,12000000,4000000,2,5
4230000,279180,4509180,0.01,4,1,4.0,4560000.0,1128000,1,29,0,7000000,0,1000000,16000000,4000000,4,5
5512000,363792,5875792,0.01,6,0,4.0,3968000.0,980000,0,35,0,10000000,0,1000000,20000000,5000000,2,5
2632000,131600,2763600,65.0,6,1,7.0,3372000.0,552000,0,21,0,6000000,0,900000,12000000,3000000,2,5
23000000,1265000,24265000,45.0,12,0,10.0,25610000.0,2549000,1,55,0,8500000,0,900000,32000000,4500000,2,3
4543000,299838,4842838,0.01,6,1,6.0,4920000.0,808000,1,36,0,10500000,0,1500000,18000000,4500000,2,3
3570000,178500,3748500,45.0,6,1,6.0,4328000.0,710000,0,35,0,6000000,0,1000000,25000000,4000000,2,2
2630000,131500,2761500,45.0,6,1,6.0,3249000.0,523000,1,48,2,8000000,0,1000000,25000000,2000000,2,5
12790000,639500,13429500,35.0,12,1,12.0,16253000.0,1343000,1,20,0,8000000,0,1000000,24000000,4800000,2,2
5490000,274500,5764500,45.0,6,1,5.0,7725000.0,1091000,0,21,0,6000000,0,1200000,22000000,6000000,4,7
4893000,322938,5215938,0.01,6,1,6.0,5292000.0,870000,0,26,1,6000000,0,1500000,15000000,3000000,2,3
7790000,389500,8179500,45.0,6,0,2.0,3120000.0,1548000,1,28,0,5000000,0,900000,5000000,900000,0,5
3110000,155500,3265500,45.0,6,1,6.0,3780000.0,618000,1,40,0,15000000,0,1000000,15000000,1000000,0,5
5880000,0,5880000,65.0,6,1,6.0,7116000.0,1174000,1,41,0,7000000,0,3000000,17000000,8000000,2,5
28000000,1540000,29540000,45.0,24,1,12.0,22812000.0,1889000,1,22,0,7000000,0,1200000,12000000,4500000,4,7
14750000,0,14750000,0.01,6,1,6.0,14820000.0,2459000,1,39,3,12000000,0,1200000,20000000,5000000,2,7
8500000,425000,8925000,68.0,9,1,9.0,12007000.0,1294000,0,33,2,5000000,0,1000000,12000000,3000000,2,5
4199000,277134,4476134,0.01,6,1,4.0,4611000.0,747000,0,30,1,10000000,0,1400000,25000000,4300000,2,3
3843000,0,3843000,0.01,6,1,3.0,3918000.0,641000,0,40,0,10000000,0,1500000,20000000,4000000,0,3
5500000,275000,5775000,60.0,6,1,6.0,6900000.0,1138000,1,21,0,7000000,0,1000000,14000000,3000000,4,3
7590000,379500,7969500,35.0,12,0,6.0,4854000.0,797000,1,34,0,6500000,0,2000000,20000000,9000000,4,7
9490000,626340,10116340,0.01,6,1,6.0,10195000.0,1687000,1,35,1,10000000,0,2000000,15000000,5000000,2,2
6090000,401940,6491940,0.01,6,1,6.0,6570000.0,1083000,0,21,0,9000000,0,2500000,18000000,6000000,2,5
9351000,617166,9968166,0.01,6,1,6.0,10044000.0,1662000,0,48,1,6000000,0,1000000,13500000,5500000,2,1
17600000,880000,18480000,68.0,12,1,12.0,26378000.0,2165000,0,31,2,7000000,0,1000000,15000000,4000000,2,3
5590000,279500,5869500,35.0,9,1,9.0,6855000.0,751000,0,24,0,6000000,0,1000000,21000000,3000000,2,3
3690000,202950,3892950,41.5,6,0,2.0,4235000.0,730000,1,25,0,8000000,0,800000,14000000,2500000,2,7
8490000,424500,8914500,35.0,12,1,12.0,10848000.0,892000,1,22,0,5000000,0,800000,10000000,2500000,0,2
4193000,276738,4469738,0.01,6,1,5.0,4542000.0,745000,1,33,3,15000000,0,1000000,32000000,5200000,2,3
44000000,0,44000000,0.0,12,0,3.0,46004000.0,4411000,0,25,0,8000000,0,1600000,30000000,7000000,4,3
13500000,675000,14175000,68.0,12,1,12.0,20064000.0,1660000,1,54,0,6000000,0,1500000,20000000,6000000,2,5
3283000,216678,3499678,0.01,6,1,6.0,3576000.0,584000,0,31,0,4900000,0,1200000,30000000,4000000,2,2
11190000,0,11190000,35.0,9,1,9.0,12992000.0,1432000,0,22,0,7000000,0,1500000,20000000,6000000,4,3
9995000,659670,10654670,0.01,9,1,2.0,10766000.0,1184000,1,35,0,8000000,0,1500000,16000000,5000000,2,2
7990000,527340,8517340,0.01,6,1,5.0,8720000.0,1420000,0,45,0,10000000,0,1000000,20000000,2000000,2,3
8000000,400000,8400000,60.0,6,0,1.0,1667000.0,1655000,0,20,0,8000000,0,1000000,25000000,7000000,4,3
30200000,1510000,31710000,45.0,12,0,-1.0,-1.0,3330000,0,25,1,8500000,2000000,1000000,30000000,4000000,2,2
3000000,165000,3165000,41.5,6,1,6.0,3636000.0,594000,1,38,0,15000000,0,2000000,27000000,6000000,2,3
5290000,349140,5639140,0.01,6,1,6.0,5712000.0,940000,0,36,2,10000000,0,2000000,20000000,5000000,2,5
3594000,237204,3831204,0.01,4,1,4.0,3880000.0,958000,1,20,0,7000000,0,1000000,17000000,4000000,4,5
13499100,890941,14390041,0.01,6,1,6.0,14555000.0,2399000,0,34,3,10000000,0,2000000,20000000,10000000,2,3
26800000,0,26800000,45.0,9,1,9.0,32167000.0,3564000,0,38,0,8000000,0,700000,20000000,4500000,2,5
22900000,1145000,24045000,68.0,18,0,7.0,15246000.0,2166000,1,24,8,7500000,0,500000,25000000,5000000,3,5
5990000,395340,6385340,0.01,6,1,6.0,6458000.0,1065000,0,40,0,4500000,0,500000,12000000,1000000,0,2
4893000,322938,5215938,0.01,6,1,6.0,5292000.0,870000,0,34,2,10000000,0,1000000,20000000,4000000,2,5
4960000,0,4960000,0.01,6,1,6.0,5034000.0,827000,0,37,0,6000000,0,1000000,25000000,7000000,2,5
2420000,121000,2541000,65.0,12,1,12.0,3743000.0,294000,1,53,0,7000000,0,1000000,16000000,3000000,2,1
4893000,322938,5215938,0.01,6,1,6.0,5292000.0,870000,1,21,0,9000000,0,1000000,18000000,2000000,2,1
8099000,534534,8633534,0.01,6,1,6.0,8706000.0,1439000,0,44,2,7000000,0,800000,30000000,4000000,2,3
2790000,139500,2929500,45.0,6,1,6.0,3390000.0,555000,0,34,0,15000000,0,1000000,45000000,4000000,2,2
4490000,224500,4714500,35.0,12,1,10.0,5808000.0,472000,1,36,1,5000000,0,500000,15000000,4000000,0,1
4543000,299838,4842838,0.01,6,1,6.0,4920000.0,808000,1,40,0,9000000,0,1000000,20000000,1800000,1,3
6291000,0,6291000,19.6,10,0,2.0,2796000.0,687000,1,43,1,7500000,0,800000,20000000,3000000,2,3
6490000,324500,6814500,65.0,9,1,9.0,8901000.0,977000,1,34,1,6000000,0,1500000,15000000,4000000,2,3
18500000,1017500,19517500,45.0,18,0,11.0,16753000.0,1511000,0,35,0,6000000,0,1000000,15000000,4000000,2,5
3000000,150000,3150000,35.0,9,1,2.0,3827000.0,403000,1,28,0,7000000,0,1000000,16000000,5000000,4,7
7490000,374500,7864500,45.0,12,1,6.0,10059000.0,826000,0,38,0,12000000,0,1000000,25000000,4000000,2,3
2690000,134500,2824500,45.0,12,0,11.0,3399000.0,297000,1,22,0,7000000,0,400000,16000000,2000000,2,3
4893000,322938,5215938,0.01,6,1,6.0,5292000.0,870000,0,42,0,6000000,0,1000000,15000000,4000000,2,5
25000000,0,25000000,0.0,12,1,12.0,30214000.0,2506000,0,37,0,6000000,0,1000000,4000000,4000000,2,5
2690000,177540,2867540,65.0,4,1,4.0,3345000.0,817000,0,50,4,6000000,0,1000000,20000000,3000000,2,5
3913000,258258,4171258,0.01,6,1,6.0,4244000.0,696000,1,54,0,9000000,0,2000000,20000000,7500000,2,0
36500000,0,36500000,45.0,15,1,12.0,38844000.0,3226000,1,32,0,8000000,0,800000,17000000,4000000,2,3
4893000,322938,5215938,0.01,6,1,6.0,5292000.0,870000,0,53,0,7000000,0,1000000,23000000,4000000,0,2
10000000,0,10000000,45.0,6,0,1.0,10887000.0,1893000,1,46,0,7000000,0,900000,15000000,4500000,2,3
4290000,214500,4504500,45.0,9,1,9.0,5499000.0,599000,1,25,0,9000000,0,1000000,15000000,4000000,2,3
4890000,244500,5134500,35.0,9,1,9.0,6009000.0,657000,0,48,1,7000000,0,600000,22000000,3000000,1,3
4893000,0,4893000,0.01,6,1,6.0,4969000.0,816000,0,34,2,6000000,0,800000,20000000,5000000,0,0
4940000,247000,5187000,35.0,12,1,12.0,6372000.0,519000,0,46,0,8000000,0,1000000,18000000,4000000,0,5
3490000,174500,3664500,45.0,6,1,6.0,4236000.0,694000,1,29,0,10000000,0,1000000,15000000,5000000,0,3
2990000,149500,3139500,45.0,6,1,5.0,3664000.0,595000,1,36,2,7000000,0,1400000,14000000,4500000,2,2
4600000,303600,4903600,48.2,6,1,5.0,5760000.0,936000,0,26,1,7000000,0,1000000,20000000,3000000,2,3
3000000,150000,3150000,35.0,12,1,12.0,3923000.0,315000,1,29,0,8000000,0,800000,24000000,3000000,2,3
5490000,274500,5764500,45.0,10,0,-1.0,-1.0,702000,0,50,0,6000000,0,600000,30000000,5000000,1,3
5590000,279500,5869500,65.0,6,1,6.0,7105000.0,1172000,1,31,0,6000000,0,1500000,20000000,9000000,4,5
3650000,182500,3832500,65.0,6,1,6.0,4668000.0,766000,1,59,6,10000000,0,1000000,20000000,4000000,0,5
4893000,322938,5215938,0.01,6,1,2.0,5292000.0,870000,1,27,0,7000000,0,1000000,22000000,4000000,4,2
3990000,199500,4189500,45.0,6,1,5.0,4863000.0,793000,1,24,0,7000000,0,1000000,13400000,3000000,2,2
5290000,0,5290000,0.01,6,1,4.0,5364000.0,882000,0,25,0,5000000,0,900000,20000000,4000000,2,2
2632000,131600,2763600,65.0,9,1,9.0,3686000.0,397000,0,44,0,6000000,0,500000,18000000,1500000,1,5
2490000,124500,2614500,45.0,6,1,6.0,3040000.0,495000,1,38,2,7000000,0,1200000,14000000,4000000,2,3
4893000,322938,5215938,0.01,6,0,4.0,4410000.0,870000,1,23,0,5000000,0,500000,20000000,2000000,4,3
8000000,0,8000000,45.0,6,1,6.0,9156000.0,1514000,1,27,0,5500000,0,1000000,20000000,4000000,4,3
24800000,1240000,26040000,45.0,12,1,12.0,32956000.0,2735000,0,34,3,8500000,0,1000000,18000000,3000000,2,5
4245000,0,4245000,65.0,6,1,3.0,5160000.0,848000,0,20,2,6500000,0,1000000,22000000,5000000,2,5
4950000,247500,5197500,65.0,6,1,6.0,6372000.0,1038000,0,27,1,6500000,0,1000000,16000000,3000000,2,5
4683000,309078,4992078,0.01,6,1,6.0,5070000.0,833000,0,21,0,6500000,0,1000000,50000000,7000000,4,2
2982000,196812,3178812,0.01,6,1,6.0,3252000.0,530000,1,39,0,6000000,0,1000000,12000000,4000000,4,3
3913000,0,3913000,0.01,6,1,6.0,3990000.0,653000,0,22,0,5000000,0,1000000,5000000,2000000,4,3
20000000,0,20000000,35.0,12,1,12.0,24144000.0,2000000,1,26,0,8000000,0,1500000,16000000,5000000,4,3
4000000,200000,4200000,35.0,12,1,12.0,5182000.0,420000,1,25,0,5000000,0,1000000,14000000,4000000,2,3
1240000,62000,1302000,85.0,6,1,6.0,1716000.0,274000,0,36,0,5000000,0,1400000,20000000,5000000,2,2
4590000,302940,4892940,0.01,6,1,6.0,4965000.0,816000,0,39,0,7000000,0,800000,7000000,800000,0,2
27500000,1375000,28875000,45.0,18,1,12.0,26964000.0,2235000,1,50,0,8000000,0,1200000,20000000,5500000,2,3
7790000,389500,8179500,45.0,6,1,5.0,9360000.0,1548000,0,24,0,9000000,0,1000000,25000000,4000000,4,2
4480000,224000,4704000,60.0,6,1,6.0,5733000.0,927000,1,29,0,7000000,0,700000,16000000,2000000,0,3
5990000,299500,6289500,85.0,6,0,5.0,6663000.0,1323000,1,53,0,8000000,0,800000,20000000,3500000,2,5
3990000,199500,4189500,65.0,6,1,6.0,5094000.0,837000,0,20,0,9000000,0,1000000,20000000,4000000,4,2
2000000,100000,2100000,45.0,6,1,6.0,2456000.0,398000,1,34,0,7000000,0,900000,12000000,2700000,4,5
3900000,195000,4095000,65.0,6,1,6.0,4980000.0,818000,1,26,0,6000000,0,650000,12000000,2000000,0,3
5593000,369138,5962138,0.01,6,1,6.0,6036000.0,994000,1,32,0,5000000,0,1000000,12000000,5000000,2,2
7999000,527934,8526934,0.01,6,1,6.0,8604000.0,1422000,0,25,2,7000000,0,1000000,14000000,4000000,2,3
4221000,278586,4499586,17.7,10,1,10.0,5000000.0,488000,0,37,0,3000000,0,800000,3000000,800000,4,5
5874000,387684,6261684,0.01,6,1,6.0,6336000.0,1044000,1,49,0,10000000,0,1000000,20000000,4000000,3,3
3843000,253638,4096638,0.01,6,1,6.0,4169000.0,683000,1,24,0,10000000,0,1000000,16000000,3500000,2,3
6300000,315000,6615000,65.0,9,0,5.0,5766000.0,949000,0,45,2,5000000,0,800000,18000000,4000000,0,1
3290000,164500,3454500,65.0,9,0,5.0,2540000.0,496000,0,34,4,6000000,0,1500000,16000000,8000000,2,1
23000000,0,23000000,21.11,9,1,9.0,25177772.0,2786000,1,23,0,7000000,0,900000,28000000,3400000,4,7
3990000,199500,4189500,65.0,6,0,1.0,4638000.0,837000,0,30,2,8000000,0,800000,20000000,3000000,2,5
5000000,330000,5330000,0.01,6,1,6.0,5403000.0,889000,0,37,2,6000000,0,1000000,20000000,4000000,2,5
17190000,859500,18049500,35.0,12,1,12.0,21794000.0,1805000,0,31,0,7000000,0,1000000,14000000,4000000,2,2
4893000,322938,5215938,0.01,6,1,5.0,5288000.0,870000,0,42,2,5400000,0,2000000,17000000,7000000,2,1
2634000,173844,2807844,0.01,6,1,6.0,2880000.0,468000,0,36,2,3000000,0,800000,15000000,4000000,2,5
5190000,259500,5449500,45.0,6,1,6.0,6264000.0,1032000,1,29,0,5000000,0,1000000,20000000,4000000,2,3
4590000,229500,4819500,45.0,6,1,6.0,5544000.0,912000,1,35,0,8000000,0,650000,20000000,3000000,2,3
6293000,415338,6708338,0.01,6,1,5.0,6762000.0,1119000,1,35,0,8000000,0,1000000,20000000,4000000,2,3
2190000,109500,2299500,45.0,6,1,6.0,2683000.0,436000,1,23,0,6000000,0,1800000,28500000,7800000,2,2
3000000,150000,3150000,35.0,9,1,9.0,3765000.0,403000,1,26,0,5000000,0,900000,5000000,900000,4,3
3143000,207438,3350438,0.01,6,1,6.0,3426000.0,559000,1,33,1,7000000,0,700000,15000000,4500000,2,2
6291000,0,6291000,19.6,10,1,10.0,6990000.0,687000,0,20,0,5000000,0,1000000,15000000,5000000,4,5
6220000,311000,6531000,65.0,6,1,6.0,7896000.0,1304000,1,37,2,10000000,0,2000000,23000000,7000000,2,3
8099100,534541,8633641,0.01,6,1,6.0,8706000.0,1439000,0,28,0,7000000,0,1000000,25000000,4000000,4,3
2590000,129500,2719500,65.0,6,0,5.0,2775000.0,543000,1,30,0,5000000,0,700000,33000000,4000000,2,3
4000000,200000,4200000,60.0,6,0,2.0,4918410.0,828000,0,20,0,7000000,0,1500000,40000000,10000000,4,0
9500000,627000,10127000,0.01,6,1,6.0,10200000.0,1688000,1,25,0,7000000,0,1000000,16000000,5000000,2,5
7690000,507540,8197540,0.01,6,1,6.0,8270000.0,1367000,0,52,0,6000000,0,1000000,15000000,4000000,2,3
6872000,343600,7215600,45.0,6,1,6.0,8268000.0,1366000,1,42,1,10000000,0,2000000,20000000,8000000,2,3
5590000,279500,5869500,35.0,9,1,9.0,6867000.0,751000,1,21,0,6000000,0,1000000,11000000,4000000,4,3
24500000,1225000,25725000,45.0,12,1,12.0,32568000.0,2702000,1,26,1,7500000,0,800000,15000000,2500000,2,5
3490000,230340,3720340,0.01,6,1,4.0,3793000.0,621000,1,25,0,7000000,0,1000000,15000000,2000000,4,3
4790000,0,4790000,0.01,6,1,6.0,4866000.0,799000,1,26,0,9000000,0,2000000,9000000,2000000,4,3
25500000,0,25500000,35.0,12,0,7.0,30321000.0,2550000,0,23,1,12000000,0,1000000,25000000,5000000,0,3
28600000,1430000,30030000,45.0,12,1,12.0,37986000.0,3154000,1,31,0,10000000,0,1000000,20000000,4000000,0,5
31500000,1575000,33075000,35.0,12,1,10.0,39818000.0,3307000,0,32,0,7000000,0,900000,35000000,3000000,2,3
20000000,0,20000000,45.0,12,1,12.0,25354000.0,2101000,1,21,0,10000000,0,900000,25000000,5000000,4,3
2790000,139500,2929500,45.0,6,1,6.0,3410000.0,555000,1,21,0,6000000,0,900000,36000000,5400000,4,3
4893000,322938,5215938,0.01,6,1,3.0,5292000.0,870000,0,45,2,8000000,0,1000000,20000000,4000000,2,5
6440000,425040,6865040,0.01,6,1,6.0,6942000.0,1145000,0,23,0,5500000,0,1000000,26500000,5000000,4,3
8090000,533940,8623940,0.01,6,1,6.0,8700000.0,1438000,1,48,0,10000000,0,3000000,30000000,10000000,2,3
26200000,1729200,27929200,0.0,12,0,1.0,29338000.0,2800000,0,23,0,8000000,0,800000,14000000,2100000,2,2
2793000,184338,2977338,0.01,4,1,4.0,3016000.0,745000,0,30,0,6000000,0,1000000,14000000,4000000,0,7
20000000,1000000,21000000,35.0,12,1,12.0,25238000.0,2100000,0,44,0,12000000,0,2000000,30000000,7000000,3,3
21000000,0,21000000,68.0,12,1,12.0,29652000.0,2460000,1,22,0,5000000,0,1000000,25000000,1500000,4,5
2490000,124500,2614500,65.0,6,1,6.0,3204000.0,522000,0,24,0,7000000,0,1500000,25000000,16000000,2,5
2793000,184338,2977338,0.01,4,1,4.0,3028000.0,745000,1,21,0,4000000,0,800000,16000000,4000000,4,5
5350000,267500,5617500,65.0,6,1,6.0,6804000.0,1122000,0,27,0,8000000,0,1500000,20000000,4000000,4,5
5593000,369138,5962138,0.01,6,1,6.0,6036000.0,994000,1,21,0,5000000,0,2000000,10000000,3000000,3,5
15900000,795000,16695000,68.0,12,1,12.0,23616000.0,1956000,1,28,1,7000000,0,800000,15000000,3000000,2,1
7490000,494340,7984340,31.32,9,1,9.0,9159000.0,1007000,0,21,0,6000000,0,1000000,21000000,5500000,4,0
5500000,275000,5775000,65.0,6,1,6.0,6990000.0,1153000,1,57,2,6000000,0,900000,21000000,3500000,0,3
3590000,236940,3826940,0.01,6,1,6.0,3900000.0,638000,0,27,0,6000000,0,1000000,10000000,3000000,2,2
4490000,224500,4714500,35.0,9,1,9.0,5536000.0,604000,0,51,1,4500000,0,1000000,15000000,3000000,2,3
8500000,0,8500000,45.0,6,1,6.0,9747000.0,1609000,0,59,0,6000000,0,800000,15000000,1500000,2,3
4600000,303600,4903600,48.2,6,1,6.0,5688000.0,936000,1,38,0,8200000,0,1000000,23000000,5000000,2,5
17500000,0,17500000,45.0,9,0,5.0,20725000.0,2327000,0,41,0,7000000,0,1000000,30000000,4000000,2,3
2000000,100000,2100000,45.0,6,0,2.0,2296000.0,398000,1,45,2,8000000,0,1000000,14000000,4000000,2,2
3600000,237600,3837600,10.21,6,1,6.0,4026000.0,659000,0,32,0,6000000,0,800000,18000000,2800000,2,2
6952000,458832,7410832,0.01,6,1,6.0,7488000.0,1236000,0,31,1,8000000,0,1000000,20000000,3000000,2,5
5000000,0,5000000,0.01,6,1,6.0,5073000.0,834000,0,23,0,8000000,0,800000,20000000,3000000,2,2
4390000,289740,4679740,10.21,6,1,6.0,4896000.0,804000,1,23,0,7000000,0,1000000,18900000,3380000,4,2
4990000,249500,5239500,65.0,6,1,6.0,6354000.0,1047000,0,28,0,4300000,0,600000,22000000,7000000,2,3
4893000,322938,5215938,0.01,6,1,6.0,5292000.0,870000,1,36,1,10000000,0,500000,17000000,4000000,2,3
4683000,309078,4992078,0.01,6,1,6.0,5070000.0,833000,1,26,2,10000000,0,4000000,20000000,2000000,2,5
3500000,175000,3675000,65.0,6,0,2.0,3603000.0,734000,1,21,0,9000000,0,700000,40000000,6000000,4,3
9900000,653400,10553400,0.01,6,1,6.0,10626000.0,1759000,1,21,0,7000000,0,1000000,30000000,5500000,4,5
5890000,294500,6184500,45.0,12,0,3.0,1944000.0,650000,1,22,0,8000000,0,1000000,28000000,5000000,4,3
5990000,299500,6289500,35.0,9,1,9.0,7351000.0,805000,1,23,0,13800000,0,1500000,32000000,4000000,4,2
3000000,150000,3150000,45.0,9,1,9.0,3898000.0,419000,1,33,0,6000000,0,800000,11000000,3000000,2,5
7191000,474606,7665606,0.01,6,1,6.0,7740000.0,1278000,1,23,0,8000000,0,500000,19000000,2000000,4,5
4390000,219500,4609500,65.0,6,1,6.0,5586000.0,921000,1,25,0,7000000,0,1100000,25000000,4000000,4,3
5900000,295000,6195000,85.0,6,1,6.0,7896000.0,1304000,0,21,0,5500000,0,1500000,20000000,5000000,2,5
9000000,594000,9594000,0.01,6,0,4.0,6448000.0,1600000,0,28,0,6000000,0,1000000,14000000,4000000,2,2
2152000,107600,2259600,45.0,6,1,6.0,2637000.0,428000,1,21,0,6000000,0,800000,19000000,4500000,4,7
9400000,470000,9870000,55.0,12,0,5.0,5500000.0,1088000,0,21,0,6000000,0,1000000,37000000,3000000,2,2
2950000,147500,3097500,65.0,12,0,11.0,4070000.0,358000,1,28,2,7000000,0,1000000,12000000,4000000,2,5
2630000,131500,2761500,65.0,9,1,9.0,3715000.0,396000,1,45,2,7000000,0,1000000,20000000,5000000,2,2
18500000,925000,19425000,45.0,12,1,12.0,24624000.0,2040000,0,42,4,8000000,0,1200000,50000000,5000000,2,3
2694000,177804,2871804,0.01,4,1,4.0,2920000.0,718000,1,31,0,7000000,0,700000,20000000,3000000,2,7
2630000,131500,2761500,65.0,6,1,6.0,3384000.0,552000,1,31,1,6000000,0,2000000,12000000,3000000,2,5
7336000,0,7336000,0.01,6,1,6.0,7409000.0,1223000,0,24,0,9000000,0,1200000,26000000,4000000,4,0
4490000,224500,4714500,35.0,9,1,10.0,6188000.0,604000,1,29,0,7000000,0,700000,13000000,2600000,0,2
2000000,100000,2100000,65.0,6,1,5.0,2592000.0,420000,0,54,0,6000000,0,900000,18000000,3000000,2,3
3290000,164500,3454500,85.0,6,1,6.0,4434000.0,727000,1,45,2,6300000,0,1000000,14000000,2000000,2,5
4893000,322938,5215938,0.01,6,1,6.0,5310000.0,870000,0,24,2,7000000,0,800000,18000000,3100000,2,5
2400000,120000,2520000,65.0,9,1,9.0,3356429.0,362000,0,42,0,7500000,0,1500000,17000000,4000000,2,1
2000000,100000,2100000,65.0,6,0,2.0,2413000.0,420000,0,27,1,7000000,0,800000,19000000,3000000,2,2
11745000,775170,12520170,0.01,9,1,9.0,12636000.0,1392000,0,30,0,20000000,0,1000000,25000000,5000000,2,3
3160000,158000,3318000,65.0,6,1,3.0,4047000.0,663000,1,32,0,23000000,0,5000000,23000000,10000000,2,3
12000000,792000,12792000,21.46,12,1,12.0,14460000.0,1194000,0,38,0,7500000,0,700000,15000000,1500000,1,3
5994000,395604,6389604,0.01,6,1,1.0,6534000.0,1065000,1,30,2,8000000,0,1000000,20000000,4000000,2,5
3321000,219186,3540186,0.01,6,1,6.0,3613000.0,591000,0,29,2,7000000,0,900000,15000000,4000000,2,0
4193000,276738,4469738,0.01,4,1,4.0,4520000.0,1118000,1,24,0,6500000,0,600000,12000000,2000000,2,2
3990000,199500,4189500,65.0,6,0,5.0,4245000.0,837000,1,48,3,6000000,0,1000000,30000000,5000000,2,5
4890000,244500,5134500,45.0,6,1,8.0,6894000.0,972000,1,26,1,10000000,0,2000000,15000000,5100000,2,3
5990000,299500,6289500,35.0,9,1,8.0,7392000.0,805000,1,40,0,10000000,0,2500000,20000000,8000000,2,3
15470000,773500,16243500,35.0,12,0,5.0,18962000.0,1624000,1,33,2,7000000,0,1500000,49000000,15000000,2,3
44500000,2225000,46725000,35.0,12,1,11.0,56485000.0,4671000,0,30,2,10000000,0,1000000,16000000,4000000,2,3
20500000,0,20500000,0.0,12,0,3.0,21356000.0,2055000,0,30,3,10000000,0,1000000,25000000,4000000,2,3
3913000,258258,4171258,0.01,6,1,6.0,4248000.0,696000,1,31,0,8000000,0,800000,16000000,1600000,2,5
6500000,325000,6825000,65.0,6,0,3.0,4125000.0,1363000,1,31,0,9000000,0,1600000,27000000,5000000,4,3
9090000,599940,9689940,0.01,6,1,6.0,9768000.0,1616000,0,24,0,5000000,0,1000000,14000000,3000000,2,5
3913000,258258,4171258,0.01,6,1,2.0,4224000.0,696000,1,38,0,6000000,0,1000000,12000000,3000000,2,3
20000000,1000000,21000000,68.0,24,1,13.0,21255000.0,1623000,1,24,0,6000000,0,800000,30000000,1200000,2,1
8680000,434000,9114000,35.0,12,1,13.0,11185000.0,912000,0,35,2,10000000,0,2000000,18000000,5000000,0,1
11850000,782100,12632100,21.11,9,1,10.0,13960000.0,1530000,1,46,2,5500000,0,800000,15000000,3500000,2,5
8890000,586740,9476740,0.01,6,1,6.0,9550000.0,1580000,0,36,0,7000000,0,1000000,17000000,1500000,2,3
4100000,205000,4305000,65.0,6,1,6.0,5232000.0,860000,0,24,0,7000000,0,1000000,18000000,4000000,0,2
11000000,550000,11550000,68.0,6,1,6.0,14022000.0,2325000,1,22,0,5500000,0,900000,20000000,3700000,4,3
4000000,200000,4200000,45.0,6,1,6.0,4842000.0,795000,1,24,0,6000000,0,2000000,50000000,14000000,4,2
2290000,114500,2404500,45.0,6,1,6.0,2802000.0,455000,1,46,2,7000000,0,1500000,15000000,5000000,2,3
7090000,354500,7444500,45.0,6,1,1.0,8567000.0,1409000,1,30,0,8000000,0,2000000,14000000,4500000,1,3
33190000,2190540,35380540,0.0,24,1,12.0,27792000.0,2304000,0,48,0,10000000,0,1000000,30000000,3000000,2,3
40000000,2200000,42200000,35.0,24,0,1.0,2069000.0,2469486,0,46,0,10000000,0,18000000,26500000,3500000,2,5
9000000,495000,9495000,60.0,12,1,12.0,12934942.0,1071277,1,57,0,7500000,0,9600000,25000000,4000000,2,5
20000000,1100000,21100000,35.0,24,1,12.0,14960000.0,1234743,1,57,0,8000000,0,10800000,30000000,6000000,2,3
20000000,1100000,21100000,44.5,24,0,9.0,12194000.0,1342868,0,39,0,5000000,0,12000000,10000000,3000000,2,5
20000000,1100000,21100000,45.0,18,1,12.0,19743000.0,1633069,1,22,0,7000000,0,6000000,20000000,2500000,4,5
10000000,550000,10550000,47.0,24,0,11.0,7672500.0,686050,1,45,0,4217000,0,6000000,15000000,2000000,2,2
20000000,1100000,21100000,35.0,24,1,12.0,14951000.0,1234743,0,26,0,3990000,0,6000000,12000000,3000000,2,5
25000000,1375000,26375000,35.0,24,1,3.0,30635000.0,1543429,1,42,0,14000000,0,21600000,25000000,4500000,2,3
30000000,1650000,31650000,44.5,24,1,13.0,26351001.0,2014302,1,34,0,10000000,0,24000000,18000000,8000000,2,3
10000000,550000,10550000,45.0,12,1,11.0,13552000.0,1107880,1,45,0,6000000,0,9600000,20000000,7000000,2,1
30000000,0,30000000,47.0,24,0,11.0,21591706.0,1950853,0,57,0,10000000,0,7200000,18000000,4000000,3,3
30000000,1650000,31650000,45.0,24,0,5.0,10176099.0,2023033,0,41,0,7000000,0,12000000,9000000,2000000,4,5
20000000,1100000,21100000,37.0,24,1,13.0,16497000.0,1257111,1,50,0,7000000,0,7200000,42000000,5000000,2,5
50000000,2750000,52750000,35.0,36,1,12.0,28900000.0,2386201,1,37,0,11000000,0,12000000,30000000,3000000,2,3
20000000,1100000,21100000,59.99,12,1,12.0,28715000.0,2380504,1,37,0,12000000,0,9600000,24000000,3000000,2,3
15000000,825000,15825000,44.5,12,0,7.0,8800000.0,1657776,0,21,0,6000000,0,18000000,20000000,4500000,4,3
30000000,1650000,31650000,37.0,18,1,12.0,27958318.0,2317474,1,38,0,10000000,0,36000000,20000000,6000000,2,3
40000000,0,40000000,45.0,24,0,11.0,28264000.0,2556756,0,36,0,14000000,0,18000000,27000000,6500000,2,5
25000000,1375000,26375000,47.0,12,0,11.0,30887484.0,2796742,1,27,0,9000000,0,12000000,40000000,5000000,4,4
20000000,1100000,21100000,59.99,12,1,12.0,28132008.0,2380504,0,38,0,8000000,0,12000000,20000000,5000000,2,5
20000000,1100000,21100000,45.0,18,1,12.0,19741000.0,1633069,1,23,0,8800000,0,10800000,25000000,4500000,4,7
30000000,1650000,31650000,45.0,24,1,13.0,26318000.0,2023033,1,39,0,10000000,0,18000000,25000000,4000000,2,3
20000000,1100000,21100000,45.0,24,0,11.0,14967579.0,1348689,0,54,0,6000000,0,6000000,15000000,4000000,2,3
25000000,1375000,26375000,33.5,18,1,12.0,22740888.0,1884074,1,25,0,9000000,0,36000000,10000000,3000000,4,4
10000000,550000,10550000,59.99,12,0,6.0,13211000.0,1190252,1,30,0,6000000,0,8400000,15000000,3000000,4,3
20000000,1100000,21100000,45.0,18,0,6.0,9861000.0,1633069,0,23,0,5000000,0,12000000,18000000,4000000,2,1
40000000,2200000,42200000,44.5,24,1,12.0,32383472.0,2685736,1,32,0,12000000,0,12000000,19000000,3000000,2,5
12000000,660000,12660000,68.0,18,1,12.0,13815000.0,1140141,1,28,0,6000000,0,12000000,36000000,5000000,2,5
30000000,1650000,31650000,35.0,24,0,2.0,3728000.0,1852114,1,48,0,10000000,0,36000000,15000000,3000000,4,5
50000000,2750000,52750000,33.5,24,1,12.0,36675204.0,3045267,1,25,0,15000000,0,12000000,20000000,4500000,4,5
30000000,1650000,31650000,33.5,24,0,11.0,20218760.0,1827160,1,35,0,8000000,0,13200000,16000000,3500000,2,5
40000000,2200000,42200000,35.0,30,1,12.0,25702632.0,2129886,0,35,0,15000000,0,18000000,25000000,6000000,2,3
20000000,1100000,21100000,45.0,24,0,13.0,14955890.0,1348689,1,27,0,12000000,0,24000000,24000000,8000000,2,4
25000000,1375000,26375000,47.0,18,1,12.0,24984000.0,2069362,0,31,0,6500000,0,10800000,15000000,2000000,2,3
15000000,825000,15825000,59.99,24,0,12.0,12825000.0,1146759,1,31,0,8000000,0,24000000,11000000,4000000,2,5
15000000,0,15000000,35.0,18,0,11.0,12045000.0,1082961,1,23,0,10000000,0,18000000,30000000,6000000,2,2
25000000,1375000,26375000,37.0,18,0,10.0,19320000.0,1931228,1,25,0,6111000,0,8400000,20000000,7000000,2,5
20000000,1100000,21100000,35.0,24,1,12.0,14962458.0,1234743,1,24,0,12000000,0,12000000,36000000,5000000,4,3
25000000,1375000,26375000,45.0,24,0,-1.0,-1.0,1685861,1,23,0,9000000,0,12000000,16000000,4000000,2,3
10000000,550000,10550000,35.0,12,0,4.0,4264610.0,1054610,1,37,0,10000000,0,12000000,10000000,3000000,1,5
20000000,1100000,21100000,37.0,18,1,12.0,18684000.0,1544983,0,54,0,8000000,0,14400000,13000000,2500000,2,5
20000000,1100000,21100000,33.5,30,0,1.0,1060000.0,1047720,0,38,0,7000000,0,12000000,15000000,7000000,2,3
40000000,2200000,42200000,45.0,24,1,12.0,32514000.0,2697378,0,34,0,15000000,0,14400000,20000000,5000000,2,3
40000000,2200000,42200000,44.5,24,1,13.0,35072000.0,2685736,1,29,0,12000000,0,24000000,20000000,5000000,2,3
10000000,550000,10550000,45.0,12,1,11.0,13319280.0,1107880,1,28,0,6000000,0,12000000,12000000,3000000,2,3
10000000,550000,10550000,35.0,18,0,8.0,6189683.0,761683,0,30,0,4000000,0,24000000,30000000,6000000,3,7
20000000,1100000,21100000,33.5,24,0,1.0,1231000.0,1218107,1,26,0,15000000,0,18000000,30000000,5000000,2,2
20000000,1100000,21100000,47.0,36,1,12.0,13380280.0,1103070,0,31,0,4385000,0,6000000,12000000,4000000,2,3
40000000,2200000,42200000,37.0,24,1,12.0,30314676.0,2514223,0,31,0,7300000,0,8400000,20000000,4000000,2,3
20000000,1100000,21100000,33.5,24,1,13.0,15980107.0,1218107,1,27,0,6000000,0,12000000,14000000,3000000,2,1
25000000,1375000,26375000,45.0,24,0,-1.0,-1.0,1685861,1,28,0,5800000,0,12000000,20000000,3000000,2,5
20000000,1100000,21100000,59.99,24,0,9.0,13875000.0,1529012,0,29,0,8000000,0,12000000,30000000,4000000,2,3
15000000,825000,15825000,35.0,18,0,11.0,12702000.0,1142524,0,41,0,4000000,0,18000000,27000000,4000000,2,1
25000000,1375000,26375000,35.0,24,1,12.0,18648290.0,1543429,1,29,0,5000000,0,12000000,20000000,5000000,4,4
10000000,550000,10550000,59.99,12,1,10.0,14483764.0,1190252,0,40,0,6000000,0,12000000,9000000,3500000,2,5
20000000,1100000,21100000,45.0,24,0,6.0,12953000.0,1348689,1,35,0,18000000,0,9600000,25000000,6000000,3,2
35000000,1925000,36925000,35.0,24,0,11.0,23900000.0,2160800,1,36,0,10000000,0,3600000,35000000,4000000,2,3
20000000,1100000,21100000,47.0,18,0,11.0,18216000.0,1655490,0,21,0,5400000,0,7200000,25000000,5000000,4,5
20000000,1100000,21100000,47.0,24,0,11.0,15225200.0,1372100,1,32,0,12000000,0,12000000,27000000,6000000,2,3
20000000,1100000,21100000,45.0,24,0,11.0,14970067.0,1348689,0,21,0,15000000,0,12000000,25000000,5000000,2,1
10000000,550000,10550000,59.99,18,0,11.0,10060086.0,902454,1,38,0,15000000,0,36000000,25000000,10000000,2,7
15000000,825000,15825000,35.0,18,1,12.0,13855000.0,1142524,0,27,0,9500000,0,9600000,30000000,4000000,2,5
12000000,660000,12660000,68.0,12,0,11.0,16456592.0,1482574,1,33,0,9000000,0,12000000,18000000,5000000,2,3
20000000,0,20000000,45.0,24,1,2.0,22137000.0,1278378,1,28,0,10000000,0,24000000,20000000,5000000,2,7
20000000,1100000,21100000,35.0,18,0,11.0,16876095.0,1523365,1,27,0,10000000,0,18000000,28000000,4000000,4,3
20000000,1100000,21100000,45.0,24,1,12.0,16188000.0,1348689,1,36,0,15000000,0,24000000,25000000,4000000,2,3
25000000,1375000,26375000,59.99,24,0,6.0,11527000.0,1911265,1,42,0,10000000,0,12000000,25000000,5000000,2,5
20000000,1100000,21100000,37.0,24,0,6.0,7615000.0,1257111,0,39,0,7573000,0,9600000,25000000,3000000,2,2
20000000,1100000,21100000,45.0,24,1,14.0,16328579.0,1348689,1,43,0,15000000,0,26400000,39000000,9700000,2,3
20000000,1100000,21100000,33.5,24,1,12.0,14762000.0,1218107,1,23,0,6000000,0,12000000,9500000,2500000,4,2
9000000,495000,9495000,60.0,12,1,12.0,13007277.0,1071277,1,47,0,10000000,0,24000000,30000000,5000000,2,7
20000000,1100000,21100000,45.0,18,1,12.0,19751069.0,1633069,0,47,0,8000000,0,12000000,25000000,5000000,2,5
10000000,550000,10550000,44.5,12,1,12.0,13603000.0,1105184,1,34,0,10000000,0,12000000,18000000,3000000,2,3
20000000,1100000,21100000,59.99,12,1,12.0,29299368.0,2380504,0,30,0,15000000,0,12000000,30000000,4000000,2,3
30000000,0,30000000,35.0,30,1,12.0,18313959.0,1514137,1,46,0,30000000,0,24000000,40000000,10000000,2,3
30000000,1650000,31650000,45.0,24,0,11.0,22385000.0,2023033,1,26,0,8500000,0,12000000,35000000,5000000,2,3
30000000,1650000,31650000,47.0,36,0,8.0,11589630.0,1654605,1,20,0,12000000,0,18000000,35000000,6000000,4,7
40000000,2200000,42200000,45.0,24,1,13.0,32501756.0,2697378,0,55,0,15000000,0,18000000,20000000,3000000,2,3
20000000,1100000,21100000,33.5,24,0,11.0,13419000.0,1218107,0,22,0,10000000,0,12000000,40000000,4000000,2,2
20000000,1100000,21100000,35.0,24,1,12.0,14964000.0,1234743,1,53,0,5000000,0,7200000,20000000,4000000,2,3
20000000,1100000,21100000,35.0,24,1,12.0,14948916.0,1234743,1,41,0,7000000,0,36000000,20000000,5000000,2,3
20000000,1100000,21100000,44.5,15,1,12.0,22441258.0,1859258,0,39,0,10000000,0,12000000,20000000,4000000,2,1
30000000,1650000,31650000,47.0,36,1,12.0,20057000.0,1654605,0,25,0,8200000,0,12000000,8200000,1000000,4,3
30000000,1650000,31650000,44.5,24,1,14.0,26302000.0,2014302,1,26,0,10000000,0,24000000,34000000,6000000,2,2
50000000,2750000,52750000,35.0,30,1,13.0,34775000.0,2662357,0,36,0,12000000,0,12000000,25000000,9000000,2,3
30000000,1650000,31650000,35.0,30,1,12.0,19314140.0,1597414,1,27,0,10000000,0,24000000,20000000,5000000,4,3
20000000,1100000,21100000,47.0,36,0,5.0,5855000.0,1103070,0,47,0,7757000,0,15600000,40000000,10000000,1,5
20000000,1100000,21100000,35.0,24,1,12.0,14964000.0,1234743,0,50,0,7000000,0,9600000,25000000,3000000,2,1
25000000,1375000,26375000,35.0,24,1,6.0,31535000.0,1543429,1,33,0,19000000,0,24000000,25000000,4000000,2,5
30000000,1650000,31650000,45.0,24,1,6.0,34245231.0,2023033,0,37,0,18000000,0,12000000,28000000,5000000,2,7
10000000,550000,10550000,44.5,12,0,6.0,7801104.0,1105184,1,23,0,10000000,0,12000000,50000000,8000000,4,3
9500000,522500,10022500,60.0,12,1,11.0,13690586.0,1130793,0,44,0,9000000,0,12000000,20000000,4000000,2,5
40000000,2200000,42200000,33.5,30,1,13.0,27385000.0,2095439,1,33,0,12000000,0,12000000,16000000,4000000,2,3
50000000,2750000,52750000,37.0,36,1,12.0,29475870.0,2446287,0,31,0,15000000,0,18000000,25000000,5000000,2,3
25000000,1375000,26375000,45.0,24,0,10.0,16980000.0,1685861,0,39,0,7000000,0,12000000,12000000,2000000,2,4
12000000,0,12000000,68.0,12,1,12.0,17016000.0,1405284,1,27,0,4900000,0,12000000,20000000,6000000,2,2
20000000,1100000,21100000,45.0,18,1,9.0,27471069.0,1633069,1,33,0,9000000,0,12000000,30000000,5000000,2,5
40000000,2200000,42200000,45.0,24,0,3.0,8120000.0,2697378,0,42,0,15000000,0,18000000,30000000,5500000,2,3
25000000,0,25000000,35.0,24,0,6.0,8850000.0,1462966,0,32,0,14000000,0,18000000,24000000,7000000,2,3
30000000,1650000,31650000,44.5,24,1,12.0,24304322.0,2014302,1,31,0,10000000,0,36000000,25000000,4000000,2,3
30000000,1650000,31650000,37.0,24,1,12.0,22800000.0,1885667,1,45,0,8213000,0,9600000,19000000,3000000,2,5
25000000,1375000,26375000,59.99,24,0,5.0,6361000.0,1911265,0,49,0,6000000,0,18000000,15000000,5000000,2,1
20000000,1100000,21100000,47.0,24,1,12.0,16612000.0,1372100,1,20,0,10000000,0,12000000,25000000,3000000,4,3
10000000,550000,10550000,44.5,12,1,13.0,13169840.0,1105184,1,32,0,10000000,0,12000000,23000000,5000000,2,3
12000000,0,12000000,68.0,12,1,12.0,17015000.0,1405284,0,26,0,7000000,0,6000000,18000000,3000000,4,3
25000000,1375000,26375000,47.0,36,0,11.0,15316000.0,1378837,1,34,0,5012000,0,21600000,20000000,4000000,4,3
20000000,1100000,21100000,59.99,24,0,12.0,17066000.0,1529012,0,34,0,7000000,0,12000000,15000000,4000000,2,5
30000000,1650000,31650000,45.0,12,1,12.0,39515000.0,3323639,1,51,0,40000000,0,12000000,60000000,5000000,2,5
20000000,1100000,21100000,44.5,24,0,9.0,10839472.0,1342868,0,52,0,12000000,0,18000000,25000000,5000000,3,5
20000000,1100000,21100000,45.0,24,0,8.0,10831000.0,1348689,1,27,0,8000000,0,12000000,25000000,4000000,2,3
20000000,1100000,21100000,45.0,12,1,7.0,26517000.0,2215760,1,27,0,7000000,0,12000000,30000000,7000000,4,7
30000000,1650000,31650000,33.5,30,1,2.0,31650000.0,1571579,1,27,0,28000000,0,24000000,58000000,4000000,2,2
10000000,550000,10550000,35.0,12,0,11.0,11737000.0,1054610,0,23,0,4739000,0,7200000,11000000,1500000,2,5
25000000,1375000,26375000,44.5,24,0,-1.0,-1.0,1678585,1,32,0,10000000,0,18000000,35000000,2000000,2,5
25000000,1375000,26375000,59.99,24,1,12.0,22932000.0,1911265,1,43,0,10000000,0,12000000,30000000,6500000,2,5
30000000,1650000,31650000,37.0,15,1,13.0,34828000.0,2667218,1,27,0,7000000,0,12000000,45000000,6000000,2,3
20000000,1100000,21100000,45.0,24,0,4.0,5442756.0,1348689,1,45,0,10000000,0,18000000,25000000,7000000,4,3
15000000,825000,15825000,45.0,15,1,12.0,16932000.0,1398549,1,32,0,5000000,0,36000000,35000000,7000000,2,4
30000000,0,30000000,35.0,30,1,12.0,18314507.0,1514137,0,30,0,9000000,0,12000000,18000000,4000000,2,3
20000000,1100000,21100000,45.0,12,0,11.0,24508000.0,2215760,0,30,0,10000000,0,18000000,43000000,5000000,4,5
20000000,1100000,21100000,42.5,12,1,12.0,26654131.0,2188869,1,32,0,10000000,0,9600000,16000000,4000000,2,3
30000000,1650000,31650000,35.0,24,1,12.0,22370140.0,1852114,1,31,0,7000000,0,9600000,13000000,2500000,2,5
30000000,1650000,31650000,33.5,24,0,3.0,5517000.0,1827160,0,37,0,8000000,0,12000000,15000000,3500000,2,3
20000000,0,20000000,47.0,24,0,11.0,14438259.0,1300569,0,26,0,8000000,0,12000000,40000000,4000000,4,4
25000000,1375000,26375000,59.99,24,1,12.0,23088000.0,1911265,1,30,0,8000000,0,24000000,25000000,10000000,2,5
12000000,660000,12660000,68.0,18,1,13.0,14976000.0,1140141,1,27,0,7000000,0,9600000,13000000,3000000,2,3
50000000,2750000,52750000,35.0,24,0,-1.0,-1.0,3086857,1,32,0,10000000,0,18000000,21000000,5200000,2,5
20000000,1100000,21100000,33.5,30,1,4.0,24524160.0,1047720,0,36,0,6300000,0,12000000,70000000,10000000,2,3
20000000,1100000,21100000,45.0,12,1,12.0,26377520.0,2215760,1,57,0,10000000,0,18000000,25000000,4000000,2,3
25000000,1375000,26375000,35.0,30,0,12.0,14778537.0,1331179,0,25,0,15000000,0,12000000,32000000,6000000,2,3
25000000,1375000,26375000,47.0,24,1,12.0,20724000.0,1715125,1,27,0,7000000,0,12000000,25000000,2500000,4,3
20000000,1100000,21100000,45.0,24,1,12.0,16316579.0,1348689,0,33,0,6000000,0,21600000,18000000,4500000,2,5
15000000,825000,15825000,33.5,24,0,11.0,10186000.0,913580,0,54,0,8000000,0,12000000,40000000,4000000,2,3
25000000,1375000,26375000,50.0,24,0,11.0,19483000.0,1759497,1,51,0,10000000,0,12000000,30000000,4000000,2,5
20000000,1100000,21100000,59.99,24,1,12.0,18480036.0,1529012,0,30,0,7000000,0,9600000,15000000,4000000,2,5
30000000,1650000,31650000,47.0,24,1,12.0,24852000.0,2058150,0,39,0,7933000,0,9600000,25000000,3000000,2,5
20000000,1100000,21100000,45.0,24,1,12.0,16328512.0,1348689,1,33,0,15000000,0,12000000,25000000,3000000,2,3
20000000,1100000,21100000,47.0,24,0,4.0,5540000.0,1372100,0,43,0,8000000,0,12000000,18000000,5000000,2,5
25000000,0,25000000,59.99,24,1,12.0,21873130.0,1811626,0,27,0,8000000,0,18000000,25000000,7000000,2,4
10000000,550000,10550000,47.0,12,1,12.0,13508182.0,1118697,0,31,0,5000000,0,7200000,40000000,5000000,2,4
10000000,550000,10550000,59.99,12,1,12.0,13931000.0,1190252,0,21,0,6000000,0,9600000,15000000,3000000,2,5
10000000,550000,10550000,45.0,12,0,10.0,11199000.0,1107880,0,20,0,7000000,0,18000000,30000000,4000000,4,3
20000000,1100000,21100000,47.0,24,1,12.0,16619000.0,1372100,0,21,0,5147000,0,7200000,20000000,5000000,4,5
20000000,1100000,21100000,45.0,24,1,12.0,16320000.0,1348689,0,33,0,4300000,0,6000000,18000000,2000000,2,5
26000000,1430000,27430000,60.0,24,0,12.0,22035000.0,1987877,1,40,0,15000000,0,18000000,30000000,6000000,2,3
20000000,1100000,21100000,33.5,12,0,10.0,21056000.0,2093474,1,26,0,9000000,0,30000000,9000000,2500000,4,2
20000000,1100000,21100000,59.99,24,1,12.0,18504000.0,1529012,1,37,0,8000000,0,12000000,13000000,4000000,2,5
25000000,1375000,26375000,45.0,24,0,11.0,18678000.0,1685861,0,40,0,9000000,0,12000000,20000000,4000000,2,1
30000000,1650000,31650000,35.0,30,1,13.0,19701554.0,1597414,0,55,0,6000000,0,12000000,22000000,2000000,2,3
20000000,1100000,21100000,59.99,24,0,11.0,16959036.0,1529012,0,39,0,5000000,0,18000000,25000000,6000000,2,1
40000000,2200000,42200000,47.0,24,1,12.0,33074400.0,2744200,1,42,0,12000000,0,24000000,12000000,2000000,4,3
25000000,1375000,26375000,31.5,24,1,12.0,18084000.0,1495142,0,30,0,6000000,0,12000000,20000000,3000000,2,3
10000000,550000,10550000,33.5,18,0,11.0,8415000.0,753630,1,42,0,6000000,0,12000000,11000000,3000000,2,3
30000000,1650000,31650000,60.0,24,0,5.0,11529112.0,2293704,1,46,0,15000000,0,18000000,27000000,6000000,2,3
20000000,1100000,21100000,59.99,24,1,12.0,18492144.0,1529012,0,46,0,6000000,0,8400000,22000000,4000000,2,7
45000000,2475000,47475000,37.0,18,1,12.0,41870000.0,3476211,0,54,0,20000000,0,36000000,25000000,5000000,2,3
15000000,825000,15825000,35.0,24,1,12.0,11266285.0,926057,0,49,0,10000000,0,12000000,30000000,8000000,2,3
30000000,1650000,31650000,35.0,30,1,13.0,19313726.0,1597414,1,44,0,12000000,0,18000000,40000000,5000000,2,3
15000000,825000,15825000,59.99,12,1,12.0,21351000.0,1785378,0,24,0,7000000,0,12000000,35000000,8700000,2,2
30000000,1650000,31650000,44.5,24,0,10.0,20264114.0,2014302,0,28,0,13000000,0,12000000,30000000,8000000,2,3
30000000,1650000,31650000,35.0,30,0,12.0,17707000.0,1597414,0,40,0,10000000,0,24000000,40000000,5000000,2,3
20000000,1100000,21100000,35.0,18,1,12.0,18430730.0,1523365,0,52,0,5000000,0,12000000,20000000,4000000,2,1
25000000,1375000,26375000,44.5,24,0,1.0,1700000.0,1678585,1,39,0,10000000,0,24000000,25000000,4000000,4,3
30000000,1650000,31650000,47.0,36,1,12.0,20229000.0,1654605,0,20,0,7916000,0,6000000,24000000,7000000,4,3
27000000,1485000,28485000,47.0,24,1,12.0,22226000.0,1852335,1,31,0,5316000,0,9600000,20000000,2500000,2,5
20000000,1100000,21100000,59.99,24,1,12.0,18492000.0,1529012,0,34,0,10000000,0,24000000,20000000,4000000,1,3
10000000,550000,10550000,45.0,12,1,8.0,13569160.0,1107880,1,28,0,7000000,0,10800000,27000000,3200000,2,7
30000000,1650000,31650000,47.0,30,1,12.0,21884000.0,1811848,0,29,0,9147000,0,21600000,25000000,5000000,2,3
10000000,550000,10550000,35.0,12,0,11.0,11736000.0,1054610,0,20,0,4191000,0,6000000,10000000,3000000,4,5
10000000,550000,10550000,47.0,12,1,11.0,13570000.0,1118697,1,33,0,6027000,0,19200000,10000000,3000000,1,5
25000000,1375000,26375000,35.0,24,1,14.0,18666000.0,1543429,0,26,0,12000000,0,16800000,60000000,10000000,2,3
30000000,1650000,31650000,35.0,24,0,11.0,18533000.0,1852114,0,59,0,8000000,0,24000000,20000000,6000000,2,1
10000000,550000,10550000,44.5,12,0,1.0,12275000.0,1105184,1,23,0,12000000,0,30000000,12000000,2500000,4,2
30000000,1650000,31650000,35.0,24,0,11.0,20515000.0,1852114,0,43,0,7000000,0,9600000,12000000,2500000,2,5
40000000,2200000,42200000,37.0,24,0,9.0,22635000.0,2514223,1,37,0,8400000,0,12000000,15000000,3000000,2,5
25000000,1375000,26375000,33.5,24,1,8.0,33123431.0,1522633,1,42,0,10000000,0,31200000,15000000,5000000,2,5
20000000,1100000,21100000,45.0,24,0,10.0,13490000.0,1348689,1,59,0,6000000,0,12000000,27000000,6000000,2,5
25000000,0,25000000,47.0,36,1,12.0,15673910.0,1306955,0,20,0,4233000,0,12000000,12000000,2000000,2,3
15000000,825000,15825000,45.0,12,0,11.0,18413000.0,1661820,0,22,0,12000000,0,6000000,25000000,1500000,2,5
30000000,1650000,31650000,45.0,24,1,15.0,24435099.0,2023033,0,45,0,13000000,0,18000000,27000000,3000000,2,7
25000000,1375000,26375000,35.0,24,0,11.0,17110432.0,1543429,1,28,0,4955000,0,18000000,40000000,6000000,2,2
25000000,1375000,26375000,45.0,24,0,7.0,10996000.0,1685861,1,35,0,10000000,0,12000000,20000000,4000000,2,3
20000000,1100000,21100000,44.5,24,0,2.0,2680000.0,1342868,0,40,0,17000000,0,12000000,35000000,4500000,2,3
25000000,1375000,26375000,35.0,30,0,11.0,14784000.0,1331179,0,22,0,10000000,0,24000000,22000000,5500000,2,2
15000000,825000,15825000,45.0,12,0,5.0,11708000.0,1661820,1,35,0,10500000,0,12000000,17000000,3000000,2,7
15000000,825000,15825000,59.99,24,0,5.0,10437000.0,1146759,0,36,0,6000000,0,21600000,18000000,2800000,2,3
40000000,2200000,42200000,37.0,36,0,4.0,7880000.0,1957030,1,45,0,8000000,0,12000000,20000000,8000000,2,5
50000000,2750000,52750000,35.0,24,1,12.0,37185570.0,3086857,0,44,0,12000000,0,6000000,25000000,3000000,2,3
20000000,1100000,21100000,44.5,12,1,12.0,26365000.0,2210368,1,35,0,10000000,0,21600000,21000000,3800000,4,4
30000000,1650000,31650000,45.0,24,1,3.0,36090000.0,2023033,1,33,0,13000000,0,30000000,18000000,7000000,2,4
50000000,2750000,52750000,37.0,24,1,12.0,37895000.0,3142778,0,37,0,14000000,0,24000000,30000000,6000000,2,3
20000000,1100000,21100000,45.0,18,1,5.0,24111069.0,1633069,1,36,0,8000000,0,9600000,20000000,8000000,4,3
10000000,550000,10550000,35.0,18,1,12.0,10060000.0,761683,0,44,0,6000000,0,12000000,20000000,6000000,2,1
15000000,825000,15825000,45.0,24,0,9.0,9208000.0,1011517,0,53,0,9000000,0,8400000,40000000,4500000,2,5
20000000,1100000,21100000,45.0,24,0,5.0,6768000.0,1348689,1,41,0,10000000,0,24000000,20000000,4000000,2,5
15000000,825000,15825000,60.0,18,0,5.0,6829538.0,1353769,0,43,0,6000000,0,18000000,25000000,3800000,2,5
10000000,550000,10550000,59.99,12,1,12.0,14607000.0,1190252,0,23,0,7000000,0,12000000,18000000,5000000,4,2
20000000,1100000,21100000,59.99,18,0,8.0,14535908.0,1804908,1,57,0,6000000,0,12000000,22000000,4000000,2,5
30000000,1650000,31650000,45.0,24,0,10.0,20781066.0,2023033,1,46,0,10000000,0,12000000,25000000,5000000,2,3
10000000,550000,10550000,45.0,18,1,12.0,9936000.0,816534,0,56,0,5000000,0,8160000,13400000,2890000,2,5
20000000,1100000,21100000,47.0,18,0,11.0,18327000.0,1655490,0,42,0,5531000,0,12000000,20000000,5000000,2,1
10000000,550000,10550000,45.0,12,1,12.0,13439640.0,1107880,1,34,0,8000000,0,12000000,18000000,3500000,2,3
25000000,1375000,26375000,45.0,24,1,3.0,30489722.0,1685861,1,24,0,6000000,0,12000000,25000000,3000000,4,4
10000000,550000,10550000,35.0,12,1,10.0,12728610.0,1054610,1,23,0,5200000,0,8400000,20000000,3500000,4,3
35000000,1925000,36925000,47.0,24,1,13.0,31359275.0,2401175,1,40,0,7535000,0,18000000,16000000,5000000,2,3
30000000,1650000,31650000,44.5,24,0,8.0,16209000.0,2014302,0,33,0,8000000,0,120000000,40000000,15000000,4,5
30000000,1650000,31650000,45.0,24,1,11.0,24421363.0,2023033,0,37,0,10000000,0,18000000,30000000,7000000,2,3
40000000,2200000,42200000,44.5,24,1,12.0,32376000.0,2685736,1,32,0,10000000,0,9600000,20000000,3000000,2,3
25000000,0,25000000,59.99,18,1,12.0,25807000.0,2138516,1,30,0,8000000,0,10800000,20000000,4000000,2,3
40000000,2200000,42200000,35.0,24,0,11.0,27298000.0,2469486,0,57,0,18000000,0,24000000,40000000,6000000,2,5
40000000,2200000,42200000,35.0,36,1,12.0,23051532.0,1908961,0,33,0,7000000,0,30000000,20000000,6000000,2,3
25000000,1375000,26375000,59.99,24,0,4.0,7693795.0,1911265,0,36,0,9000000,0,10800000,25000000,5000000,2,1
20000000,1100000,21100000,45.0,24,1,12.0,16332000.0,1348689,0,46,0,10000000,0,12000000,27000000,4000000,2,3
20000000,1100000,21100000,59.99,12,0,12.0,27838504.0,2380504,0,49,0,8000000,0,18000000,30000000,7000000,2,3
36000000,1980000,37980000,33.5,24,1,12.0,26457000.0,2192592,0,31,0,8000000,0,12000000,17000000,8000000,1,7
10000000,550000,10550000,35.0,24,1,12.0,7499371.0,617371,0,48,0,6000000,0,12000000,20000000,4000000,2,3
10000000,550000,10550000,45.0,12,1,13.0,13498000.0,1107880,1,33,0,4000000,0,12000000,7500000,2500000,2,1
10000000,0,10000000,45.0,12,1,14.0,12510353.0,1050123,0,21,0,6000000,0,12000000,20000000,3000000,2,3
20000000,1100000,21100000,45.0,18,1,13.0,21409690.0,1633069,1,26,0,15000000,0,12000000,35000000,5000000,4,3
20000000,1100000,21100000,47.0,24,0,11.0,15213000.0,1372100,0,20,0,6000000,0,6000000,23000000,4000000,4,4
10000000,550000,10550000,44.5,24,1,12.0,8208000.0,671434,1,26,0,7000000,0,12000000,14000000,3000000,2,3
15000000,0,15000000,35.0,24,1,4.0,17251000.0,877779,1,26,0,10000000,0,84000000,51000000,15000000,4,3
40000000,2200000,42200000,37.0,36,1,12.0,23622180.0,1957030,1,41,0,10000000,0,12000000,40000000,5000000,2,3
25000000,1375000,26375000,59.99,24,0,12.0,21285920.0,1911265,0,43,0,10000000,0,16800000,17000000,6000000,2,3
20000000,1100000,21100000,44.5,24,1,12.0,16258868.0,1342868,1,22,0,4500000,0,12000000,9000000,4000000,4,4
17000000,935000,17935000,33.5,24,0,-1.0,-1.0,1035391,1,22,0,6000000,0,12000000,40000000,8000000,4,3
20000000,1100000,21100000,45.0,24,1,12.0,16340000.0,1348689,0,32,0,10000000,0,9600000,20000000,3500000,2,5
20000000,1100000,21100000,42.5,24,1,12.0,15980130.0,1319713,1,29,0,8000000,0,12000000,30000000,3000000,2,3
14000000,770000,14770000,60.0,24,1,11.0,12990000.0,1070395,0,45,0,7000000,0,7200000,30000000,5000000,2,3
15000000,825000,15825000,47.0,12,1,12.0,20143090.0,1678045,0,32,0,10000000,0,12000000,30000000,4000000,2,3
20000000,0,20000000,47.0,12,0,11.0,25234752.0,2120752,0,51,0,10000000,0,24000000,18000000,7000000,0,3
30000000,1650000,31650000,44.5,24,1,12.0,24337906.0,2014302,1,35,0,15000000,0,36000000,20000000,6000000,2,3
15000000,825000,15825000,59.99,12,0,3.0,18864000.0,1785378,1,55,0,10000000,0,6000000,30000000,6000000,2,5
30000000,1650000,31650000,33.5,30,0,2.0,3184000.0,1571579,1,38,0,7000000,0,84000000,45000000,15000000,2,3
30000000,0,30000000,35.0,24,0,11.0,19433000.0,1755559,1,26,0,17000000,0,24000000,50000000,7000000,4,2
20000000,1100000,21100000,47.0,18,1,12.0,20059000.0,1655490,1,31,0,15324000,0,12000000,30000000,5000000,2,3
25000000,1375000,26375000,59.99,24,0,11.0,21153530.0,1911265,1,32,0,10000000,0,12000000,40000000,2000000,2,3
15000000,825000,15825000,60.0,18,1,12.0,16392000.0,1353769,0,33,0,8000000,0,10800000,16000000,4500000,2,5
10000000,0,10000000,37.0,12,1,12.0,12126000.0,1009625,0,53,0,9000000,0,18000000,20000000,5000000,2,1
15000000,825000,15825000,47.0,12,0,11.0,19971000.0,1678045,1,26,0,11588000,0,18000000,19000000,3500000,2,3
20000000,1100000,21100000,44.5,24,1,13.0,17615000.0,1342868,0,52,0,6000000,0,12000000,25000000,5000000,2,5
10000000,550000,10550000,59.99,12,0,11.0,13229252.0,1190252,0,21,0,6000000,0,24000000,50000000,7000000,4,3
40000000,2200000,42200000,35.0,30,1,12.0,25702632.0,2129886,0,21,0,8000000,0,12000000,20000000,3800000,4,3
28000000,1540000,29540000,47.0,24,1,13.0,25129000.0,1920940,0,34,0,5869000,0,9600000,18000000,3000000,2,5
10000000,550000,10550000,44.5,24,1,12.0,8201434.0,671434,1,40,0,6000000,0,12000000,11000000,4000000,2,3
15000000,825000,15825000,59.99,24,1,12.0,24426000.0,1146759,1,39,0,8000000,0,12000000,18000000,4000000,2,5
10000000,550000,10550000,35.0,12,1,12.0,12902710.0,1054610,0,43,0,10000000,0,24000000,50000000,5000000,2,3
20000000,1100000,21100000,59.99,18,0,11.0,19987000.0,1804908,1,27,0,12000000,0,12000000,25000000,3000000,2,3
11000000,605000,11605000,60.0,15,1,12.0,13572000.0,1118052,1,52,0,15000000,0,24000000,30000000,2000000,2,5
15000000,825000,15825000,45.0,18,1,12.0,14844000.0,1224802,1,36,0,8000000,0,12000000,20000000,5000000,2,1
25000000,1375000,26375000,45.0,24,1,12.0,20378722.0,1685861,0,43,0,6000000,0,12000000,20000000,5000000,2,7
10000000,550000,10550000,33.5,12,0,6.0,8476000.0,1046737,1,35,0,10000000,0,24000000,20000000,7000000,2,3
25000000,1375000,26375000,45.0,24,1,12.0,20374749.0,1685861,0,29,0,6000000,0,10800000,20000000,4000000,2,7
20000000,1100000,21100000,33.5,24,0,-1.0,-1.0,1218107,1,56,0,15000000,0,30000000,45000000,6000000,2,2
25000000,1375000,26375000,59.99,24,0,9.0,17309000.0,1911265,0,41,0,9000000,0,12000000,20000000,5000000,2,5
30000000,1650000,31650000,45.0,24,1,12.0,24396396.0,2023033,0,42,0,10000000,0,12000000,20000000,7000000,3,3
30000000,1650000,31650000,45.0,24,0,11.0,22394000.0,2023033,1,25,0,15000000,0,20400000,32000000,6500000,4,3
15000000,825000,15825000,45.0,12,1,12.0,19656200.0,1661820,0,24,0,7000000,0,18000000,20000000,5000000,4,3
30000000,1650000,31650000,50.0,24,1,12.0,25480752.0,2111396,1,42,0,10000000,0,21600000,16000000,6000000,2,3
30000000,1650000,31650000,44.5,24,1,12.0,24316114.0,2014302,1,27,0,12000000,0,24000000,20000000,6000000,2,3
25000000,1375000,26375000,47.0,30,1,12.0,18263370.0,1509874,0,29,0,8500000,0,9600000,20000000,4000000,2,5
20000000,1100000,21100000,59.99,18,1,12.0,21806000.0,1804908,1,35,0,8000000,0,12000000,15000000,3000000,2,3
25000000,1375000,26375000,47.0,30,1,12.0,18262614.0,1509874,0,49,0,4496000,0,8400000,48000000,5000000,2,7
30000000,1650000,31650000,37.0,24,1,9.0,40337000.0,1885667,1,59,0,9749000,0,36000000,40000000,10000000,2,7
20000000,1100000,21100000,47.0,24,0,11.0,15225100.0,1372100,1,44,0,5000000,0,12000000,22000000,4000000,2,3
25000000,1375000,26375000,59.99,24,0,3.0,5771000.0,1911265,1,42,0,7000000,0,12000000,30000000,3000000,2,5
25000000,1375000,26375000,45.0,24,0,1.0,1698000.0,1685861,1,29,0,13000000,0,18000000,30000000,5000000,4,1
10000000,550000,10550000,45.0,24,1,12.0,8122000.0,674344,1,43,0,10000000,0,12000000,20000000,3500000,2,3
15000000,825000,15825000,50.0,15,0,11.0,15972000.0,1439955,0,20,0,6000000,0,12000000,30000000,6000000,4,4
40000000,2200000,42200000,35.0,30,0,6.0,12852000.0,2129886,1,32,0,12000000,0,36000000,30000000,7000000,2,5
40000000,2200000,42200000,35.0,24,1,12.0,29792000.0,2469486,0,39,0,10000000,0,18000000,30000000,5000000,2,5
40000000,0,40000000,47.0,24,1,12.0,31356138.0,2601138,0,49,0,7500000,0,9600000,40000000,5000000,2,3
25000000,1375000,26375000,47.0,24,1,12.0,20713500.0,1715125,0,24,0,5000000,0,18000000,15000000,4000000,4,2
25000000,1375000,26375000,59.99,24,1,12.0,23079000.0,1911265,1,51,0,10000000,0,12000000,18000000,8000000,2,5
15000000,825000,15825000,44.5,24,1,12.0,12234000.0,1007151,0,22,0,6000000,0,12000000,13000000,3000000,4,2
50000000,2750000,52750000,35.0,30,0,10.0,26720000.0,2662357,1,44,0,20000000,0,12000000,25000000,4000000,2,5
10000000,550000,10550000,35.0,12,0,11.0,11605000.0,1054610,0,23,0,8000000,0,12000000,27000000,3500000,4,4
50000000,2750000,52750000,47.0,30,0,9.0,27297747.0,3019747,1,26,0,8923000,0,10800000,22000000,3000000,2,3
10000000,550000,10550000,47.0,18,1,12.0,10080000.0,827745,1,41,0,3418000,0,8400000,15000000,6000000,2,1
30000000,1650000,31650000,47.0,12,1,12.0,39866990.0,3356090,0,26,0,10340000,0,12000000,16000000,2800000,1,5
12000000,660000,12660000,68.0,12,1,12.0,17968000.0,1482574,0,49,0,9000000,0,24000000,20000000,5000000,1,5
20000000,1100000,21100000,35.0,18,1,13.0,19948190.0,1523365,1,26,0,10000000,0,24000000,20000000,4000000,4,3
20000000,1100000,21100000,35.0,24,0,11.0,13670000.0,1234743,0,49,0,9000000,0,7200000,14000000,3000000,0,5
25000000,1375000,26375000,44.5,24,0,11.0,18591000.0,1678585,0,43,0,5000000,0,18000000,25000000,4500000,2,5
25000000,1375000,26375000,35.0,24,0,11.0,17064000.0,1543429,0,32,0,6700000,0,8400000,20000000,5000000,2,3
20000000,1100000,21100000,45.0,24,1,12.0,16334168.0,1348689,0,51,0,9000000,0,18000000,40000000,12000000,2,3
25000000,1375000,26375000,35.0,24,1,12.0,18887429.0,1543429,1,37,0,10000000,0,12000000,40000000,4000000,2,3
15000000,825000,15825000,45.0,24,0,8.0,7077000.0,1011517,0,44,0,10000000,0,18000000,20000000,3000000,2,5
30000000,1650000,31650000,37.0,24,1,12.0,22776000.0,1885667,0,51,0,7115000,0,10800000,27000000,3500000,2,3
20000000,1100000,21100000,44.5,18,0,11.0,18049488.0,1627488,1,34,0,8000000,0,21600000,30000000,6000000,1,3
20000000,1100000,21100000,33.5,18,1,15.0,18234813.0,1507259,1,40,0,6000000,0,24000000,15000000,2000000,4,7
40000000,2200000,42200000,35.0,24,0,9.0,22338000.0,2469486,0,53,0,10000000,0,2400000,12000000,2500000,1,1
15000000,825000,15825000,35.0,12,0,7.0,18608000.0,1581914,1,28,0,4000000,0,12000000,13000000,4000000,4,5
30000000,1650000,31650000,45.0,24,1,12.0,24422165.0,2023033,0,22,0,11000000,0,18000000,25000000,3000000,2,5
15000000,825000,15825000,59.99,24,0,10.0,11590000.0,1146759,0,35,0,8000000,0,12000000,23000000,5000000,2,5
15000000,825000,15825000,44.5,24,1,6.0,19684000.0,1007151,0,34,0,6000000,0,7200000,20000000,4000000,2,5
10000000,0,10000000,45.0,24,0,8.0,5186000.0,639189,1,55,0,3000000,0,12000000,20000000,5000000,2,5
25000000,1375000,26375000,47.0,18,0,11.0,22902000.0,2069362,0,49,0,12000000,0,7200000,35000000,8000000,2,3
15000000,825000,15825000,59.99,18,1,12.0,16402000.0,1353681,1,52,0,8000000,0,28800000,16000000,4200000,2,5
15000000,0,15000000,45.0,24,1,12.0,11637408.0,958784,0,23,0,8000000,0,24000000,20000000,3000000,2,3
20000000,1100000,21100000,47.0,18,1,12.0,20008900.0,1655490,0,29,0,3800000,0,9600000,12000000,2500000,2,4
40000000,2200000,42200000,37.0,36,1,5.0,50681120.0,1957030,0,31,0,10000000,0,24000000,25000000,5000000,2,5
20000000,0,20000000,35.0,30,1,12.0,12263000.0,1009424,0,58,0,6000000,0,12000000,40000000,4000000,0,5
15000000,825000,15825000,60.0,12,1,12.0,21432000.0,1785462,0,35,0,9000000,0,12000000,15000000,5000000,2,3
20000000,0,20000000,44.5,24,1,5.0,24655000.0,1272861,0,24,0,9000000,0,10800000,15000000,4000000,4,7
15000000,825000,15825000,44.5,18,1,12.0,14780000.0,1220616,1,33,0,6000000,0,18000000,12000000,4000000,2,5
10000000,550000,10550000,45.0,15,1,2.0,12055000.0,932366,0,42,0,5000000,0,13200000,21000000,4100000,2,3
30000000,1650000,31650000,33.5,18,1,11.0,27277000.0,2260889,1,37,0,15000000,0,12000000,40000000,5000000,2,5
20000000,1100000,21100000,45.0,24,1,12.0,16335000.0,1348689,0,45,0,10000000,0,12000000,40000000,5000000,2,5
25000000,1375000,26375000,35.0,24,1,12.0,18667000.0,1543429,1,24,0,10000000,0,14400000,20000000,3000000,4,7
24000000,1320000,25320000,45.0,12,0,8.0,21673648.0,2658912,1,26,0,9000000,0,9600000,20000000,5000000,4,3
20000000,1100000,21100000,35.0,18,1,12.0,18413000.0,1523365,0,49,0,9000000,0,12000000,23000000,2000000,2,3
20000000,1100000,21100000,33.5,12,1,12.0,25086000.0,2093474,1,25,0,10000000,0,18000000,17000000,5000000,2,3
15000000,825000,15825000,31.5,24,1,12.0,10920000.0,897085,1,25,0,7000000,0,12000000,20000000,4000000,4,3
20000000,1100000,21100000,37.0,18,1,12.0,18684000.0,1544983,0,37,0,5000000,0,9600000,10000000,4000000,2,4
4190000,209500,4399500,35.0,9,1,9.0,5216000.0,563000,1,31,0,10000000,0,1000000,18000000,4000000,2,3
3990000,199500,4189500,35.0,9,1,10.0,5530000.0,536000,1,29,3,10000000,0,1000000,17000000,5000000,0,5
2514000,125700,2639700,45.0,6,1,6.0,3072000.0,500000,1,26,0,10000000,0,1000000,18000000,4000000,2,2
8099000,803604,8902604,0.01,6,1,6.0,8976000.0,1484000,0,20,0,4800000,0,1500000,20000000,3500000,4,3
2421000,121050,2542050,45.0,6,1,6.0,2951000.0,481000,1,24,1,6000000,0,1000000,13000000,3500000,2,3
8400000,554400,8954400,0.01,6,1,6.0,9030000.0,1493000,1,33,0,8000000,0,1000000,17000000,3000000,2,5
4893000,322938,5215938,0.01,6,1,6.0,5292000.0,870000,0,45,2,6000000,0,800000,12000000,4000000,2,2
4893000,322938,5215938,0.01,6,1,6.0,5292000.0,870000,1,39,0,7000000,0,1000000,20000000,3000000,2,3
3843000,253638,4096638,0.01,6,1,4.0,4170000.0,683000,0,24,0,6500000,0,1000000,17000000,6000000,4,2
6730000,444180,7174180,0.01,6,1,6.0,7248000.0,1196000,0,38,2,6000000,0,1500000,16000000,8000000,2,1
2590000,129500,2719500,65.0,6,1,6.0,3329653.0,543000,0,43,3,5000000,0,700000,17000000,2900000,3,1
4495000,296670,4791670,0.01,9,1,9.0,4905000.0,533000,0,29,2,8000000,0,1000000,16000000,2000000,2,3
2000000,100000,2100000,45.0,6,1,6.0,2488000.0,398000,1,22,0,3000000,0,1000000,10000000,3000000,4,0
4392000,219600,4611600,35.0,9,1,9.0,5418000.0,590000,1,37,1,7000000,0,1100000,20000000,4000000,2,7
5590000,279500,5869500,65.0,12,1,12.0,8278066.0,678000,1,29,2,6000000,0,2000000,18000000,5000000,0,5
6291000,0,6291000,19.6,10,1,11.0,6991000.0,687000,0,27,0,7000000,0,1000000,16000000,3500000,2,3
2000000,100000,2100000,65.0,6,1,6.0,2597000.0,420000,1,28,0,5000000,0,2500000,20000000,7000000,4,5
3843000,253638,4096638,0.01,6,1,3.0,4170000.0,683000,1,34,0,6000000,0,2000000,16000000,6000000,4,3
3290000,164500,3454500,65.0,6,1,6.0,4212000.0,690000,1,39,2,10000000,0,2000000,5000000,2500000,1,5
4893000,322938,5215938,0.01,6,1,5.0,5292000.0,870000,1,26,0,8000000,0,1500000,25090000,6000000,0,2
3843000,253638,4096638,0.01,6,1,6.0,4170000.0,683000,1,25,0,9000000,0,900000,14000000,7000000,2,3
2690000,134500,2824500,45.0,6,1,4.0,3272000.0,535000,0,22,0,4000000,0,700000,15000000,4000000,4,2
2632000,131600,2763600,65.0,6,1,6.0,3384000.0,552000,1,24,0,6500000,0,900000,21000000,5000000,0,7
6990000,349500,7339500,35.0,9,1,9.0,8558000.0,939000,1,23,0,5000000,0,1000000,20000000,10000000,4,3
2630000,131500,2761500,45.0,6,0,5.0,2675000.0,523000,0,31,1,8000000,0,2000000,19000000,6000000,2,5
18500000,1017500,19517500,45.0,10,1,10.0,23906000.0,2377000,1,38,0,7500000,0,1100000,24000000,5000000,2,3
2890000,144500,3034500,45.0,6,1,6.0,3510000.0,575000,1,22,0,5000000,0,600000,16000000,1600000,2,3
3290000,164500,3454500,65.0,8,1,8.0,4448000.0,544000,1,30,0,6000000,0,1000000,12000000,1500000,2,1
2690000,134500,2824500,45.0,6,1,6.0,3313000.0,535000,1,41,0,5000000,0,2000000,11000000,6000000,2,7
2690000,134500,2824500,45.0,6,1,6.0,3279000.0,535000,1,49,1,7200000,0,700000,20000000,2500000,2,5
7250000,362500,7612500,65.0,6,1,6.0,9191195.0,1519839,1,25,0,8000000,0,24000000,35000000,10000000,4,3
28000000,1400000,29400000,45.0,15,1,12.0,31332000.0,2599000,1,41,0,15000000,0,2000000,30000000,8000000,2,2
4390000,219500,4609500,45.0,6,1,6.0,5305000.0,873000,1,21,0,8000000,0,1000000,20000000,5000000,4,3
2982000,196812,3178812,0.01,6,1,5.0,3252000.0,530000,0,20,0,6000000,0,700000,15000000,4000000,2,3
2981300,196766,3178066,0.01,6,1,6.0,3255000.0,530000,1,35,0,12000000,0,1000000,25000000,4000000,2,0
20000000,0,20000000,35.0,24,1,12.0,14189000.0,1170372,0,26,0,10000000,0,12000000,25000000,3000000,2,3
10000000,550000,10550000,60.0,12,0,11.0,14166000.0,1190308,0,32,0,9000000,0,18000000,18000000,6000000,2,5
30000000,1650000,31650000,47.0,18,1,12.0,29964000.0,2483234,1,45,0,7600000,0,14400000,15000000,3500000,2,3
2511000,125550,2636550,65.0,9,0,6.0,2340000.0,378000,1,22,0,6000000,0,1000000,25000000,6000000,4,5
2500000,125000,2625000,45.0,6,1,6.0,3060000.0,497000,1,42,0,9000000,0,1000000,20000000,4000000,2,5
4495000,296670,4791670,0.01,9,1,9.0,4905000.0,533000,1,31,0,15000000,0,1500000,25000000,4500000,2,2
36000000,0,36000000,0.01,9,1,9.0,36148000.0,4001000,1,26,0,8000000,0,1000000,8000000,1000000,4,0
4090000,269940,4359940,0.01,6,1,6.0,4434000.0,727000,0,22,0,6000000,0,1000000,15000000,3000000,2,0
12990000,0,12990000,0.01,6,1,6.0,13068000.0,2166000,1,22,0,6000000,0,1000000,25000000,4000000,4,3
8390000,553740,8943740,0.01,6,1,6.0,9018000.0,1491000,1,27,0,7000000,0,1500000,28000000,5000000,4,2
4893000,322938,5215938,0.01,6,1,6.0,5292000.0,870000,0,22,0,6000000,0,2000000,12000000,4000000,4,3
14624000,965184,15589184,0.01,6,1,5.0,15662000.0,2599000,0,51,0,10000000,0,1000000,25000000,5000000,2,3
10000000,0,10000000,0.01,6,1,6.0,10074000.0,1667000,0,24,1,8000000,0,1000000,17000000,3000000,2,3
12999000,649950,13648950,35.0,12,0,3.0,4103000.0,1365000,1,20,0,10000000,0,1000000,50000000,7000000,4,3
4221000,278586,4499586,17.7,10,1,9.0,5000000.0,488000,1,22,0,6000000,0,1000000,14000000,6000000,4,5
4893000,322938,5215938,0.01,6,1,6.0,5292000.0,870000,0,43,0,5500000,0,2000000,30000000,6000000,2,2
24000000,1320000,25320000,45.0,12,1,10.0,32113000.0,2659000,1,20,0,8000000,0,700000,30000000,3500000,4,5
15000000,0,15000000,45.0,15,1,12.0,16056000.0,1326000,0,47,0,9000000,0,1000000,25000000,6000000,2,5
3843000,253638,4096638,0.01,6,1,5.0,4170000.0,683000,1,34,2,10000000,0,1500000,18000000,5000000,2,5
30000000,1650000,31650000,45.0,12,0,11.0,36696000.0,3324000,1,49,0,6000000,0,800000,30000000,6000000,2,3
2373000,156618,2529618,0.01,4,1,4.0,2577671.0,633000,1,30,0,7000000,0,1000000,30000000,5500000,2,2
3843000,253638,4096638,0.01,6,1,4.0,4170000.0,683000,1,26,0,7000000,0,1000000,20000000,4000000,4,3
2000000,100000,2100000,45.0,6,1,6.0,2460000.0,398000,0,20,0,6000000,0,1500000,15000000,8000000,4,3
5780000,381480,6161480,0.01,6,1,6.0,6234000.0,1027000,1,30,1,7000000,0,1000000,15000000,3000000,2,3
4318000,284988,4602988,0.01,6,1,6.0,4680000.0,768000,0,44,0,9000000,0,2000000,15000000,5000000,1,5
4190000,209500,4399500,35.0,9,1,9.0,5174000.0,563000,1,43,2,10000000,0,1000000,15000000,3000000,2,3
4870000,243500,5113500,65.0,6,1,6.0,6197565.0,1020913,0,25,0,6000000,0,18000000,6000000,1500000,4,3
2490000,124500,2614500,65.0,6,1,6.0,3260000.0,522000,1,29,1,4000000,0,1000000,16000000,4000000,2,1
2632000,131600,2763600,65.0,9,1,9.0,3681000.0,397000,1,31,0,4000000,0,1500000,20000000,8000000,2,1
2900000,191400,3091400,0.01,4,1,4.0,3140000.0,773000,1,25,0,7000000,0,500000,15000000,2500000,4,7
3000000,0,3000000,45.0,6,1,6.0,3480000.0,568000,1,42,2,10000000,0,1500000,20000000,4800000,2,2
4600000,303600,4903600,48.2,6,1,6.0,5676000.0,936000,1,22,0,8000000,0,1200000,30000000,7000000,2,3
6789000,339450,7128450,65.0,6,0,1.0,8000000.0,1424000,1,33,2,15000000,0,1000000,20000000,5000000,2,3
4893000,322938,5215938,0.01,6,1,6.0,5290000.0,870000,0,47,0,10000000,0,1500000,40000000,4000000,2,3
3141000,207306,3348306,0.01,3,1,3.0,3386000.0,1117000,1,22,0,6000000,0,1000000,19000000,5500000,4,3
2000000,100000,2100000,65.0,6,1,6.0,2592000.0,420000,0,39,0,3500000,0,800000,22000000,4000000,2,3
3843000,253638,4096638,0.01,6,1,6.0,4170000.0,683000,0,36,0,5000000,0,600000,5000000,600000,4,1
6090000,401940,6491940,0.01,6,1,6.0,6564000.0,1083000,0,33,0,4000000,0,700000,20000000,2500000,2,5
37800000,0,37800000,45.0,30,1,12.0,25596000.0,2121000,0,22,2,7000000,0,1000000,16600000,4100000,2,3
4990000,249500,5239500,65.0,9,1,6.0,6739000.0,751000,0,31,1,7000000,0,1000000,15000000,2000000,1,3
4500000,225000,4725000,65.0,6,1,6.0,5736000.0,944000,0,44,0,7000000,0,1000000,20000000,4000000,2,3
4495000,296670,4791670,0.01,9,1,7.0,4956000.0,533000,1,26,0,4000000,0,1000000,22000000,4000000,2,0
2000000,100000,2100000,45.0,6,1,6.0,2460000.0,398000,0,39,0,10000000,0,1000000,20000000,4000000,2,2
4690000,234500,4924500,65.0,6,1,6.0,5976000.0,984000,0,22,2,6000000,0,800000,15000000,4000000,2,3
5990000,299500,6289500,35.0,9,1,9.0,7356000.0,805000,1,24,0,6000000,0,500000,20000000,4000000,4,2
28000000,1848000,29848000,0.0,18,0,11.0,25224000.0,2281000,0,34,0,7500000,0,1000000,20000000,4700000,2,3
10000000,500000,10500000,35.0,12,1,12.0,12806000.0,1050000,1,23,0,7500000,0,3000000,35000000,15000000,4,2
4490000,224500,4714500,35.0,9,1,7.0,5553000.0,604000,1,33,0,9000000,0,1000000,35000000,4500000,4,3
6000000,300000,6300000,65.0,6,1,6.0,7608000.0,1258000,0,24,0,7000000,0,650000,27000000,3500000,4,3
5390000,269500,5659500,35.0,12,1,11.0,7514000.0,566000,1,39,0,10000000,0,1000000,25000000,5000000,2,2
13999000,923934,14922934,0.01,6,1,5.0,14995369.0,2488000,1,32,1,10000000,0,800000,30000000,3200000,2,0
9000000,594000,9594000,0.01,6,0,3.0,4836000.0,1600000,0,38,1,14000000,0,1000000,30000000,3000000,2,3
6291000,415206,6706206,19.6,10,1,10.0,7450000.0,733000,1,49,2,12000000,0,800000,30000000,3000000,2,5
20000000,1000000,21000000,68.0,20,1,5.0,28858000.0,1782000,0,27,0,10000000,0,1000000,25000000,5500000,2,5
7820000,391000,8211000,85.0,12,0,-1.0,-1.0,1039000,0,38,0,6000000,0,1200000,12000000,4000000,4,5
17100000,855000,17955000,45.0,12,1,10.0,23155000.0,1886000,0,49,0,8000000,0,1400000,17000000,3000000,1,5
2690000,134500,2824500,45.0,6,1,6.0,3284000.0,535000,1,29,2,6500000,0,1000000,11000000,3000000,0,7
2793000,139650,2932650,45.0,6,1,6.0,3402000.0,555000,0,20,1,7500000,0,1000000,15000000,4000000,2,5
3190000,159500,3349500,65.0,6,1,6.0,4148000.0,669000,1,30,0,8000000,0,1000000,20000000,4000000,4,3
4990000,329340,5319340,0.01,6,1,6.0,5392000.0,887000,0,37,0,15000000,0,1000000,35000000,4000000,4,3
3192000,210672,3402672,0.01,3,1,3.0,3441000.0,1135000,0,38,0,10000000,0,1500000,10000000,1500000,4,5
9443000,623238,10066238,0.01,6,1,6.0,10140000.0,1678000,0,36,2,10000000,0,1100000,17000000,3500000,2,0
6894000,344700,7238700,45.0,6,1,5.0,8292000.0,1370000,0,27,0,9000000,0,1000000,20000000,4000000,4,3
19200000,960000,20160000,68.0,17,1,12.0,22692000.0,1879000,0,25,0,8000000,0,900000,30000000,4000000,2,3
4893000,322938,5215938,0.01,6,0,2.0,1764000.0,870000,1,29,0,7000000,0,1200000,25000000,6000000,2,0
4221000,278586,4499586,17.7,10,1,10.0,4992120.0,488000,1,39,2,5500000,0,900000,18000000,3300000,2,5
21419000,1413654,22832654,0.01,6,1,6.0,22896000.0,3806000,0,27,0,20000000,0,2000000,75000000,20000000,0,0
2960000,148000,3108000,45.0,12,1,12.0,4105000.0,327000,0,21,0,4500000,0,850000,13000000,3700000,4,3
16000000,1056000,17056000,0.0,15,1,6.0,19612000.0,1464000,0,36,2,8000000,0,1500000,15000000,4500000,2,5
5590000,279500,5869500,35.0,12,1,12.0,7188000.0,587000,0,31,0,9000000,0,2000000,25000000,3500000,3,3
4893000,322938,5215938,0.01,6,1,5.0,5289000.0,870000,1,30,0,6500000,0,2000000,15000000,6000000,2,3
4392000,219600,4611600,35.0,9,1,9.0,5418000.0,590000,1,24,1,5000000,0,1000000,16000000,7000000,2,3
2690000,134500,2824500,65.0,9,1,9.0,3819000.0,405000,0,39,2,3800000,0,1000000,8000000,3000000,2,1
4221000,278586,4499586,17.7,10,1,10.0,5008000.0,488000,1,51,1,10000000,0,1000000,15000000,4000000,2,1
6048000,399168,6447168,0.01,6,1,6.0,6520000.0,1075000,0,41,0,5000000,0,1200000,15000000,5000000,2,7
3843000,253638,4096638,0.01,4,1,4.0,4148000.0,1025000,0,34,0,6500000,0,800000,39000000,2500000,2,3
2000000,100000,2100000,65.0,6,0,5.0,2160000.0,420000,0,38,5,7000000,0,1000000,22000000,5500000,0,5
4893000,322938,5215938,0.01,6,1,5.0,5292000.0,870000,0,41,2,6500000,0,800000,18000000,3000000,2,3
9000000,450000,9450000,55.0,12,1,12.0,12636995.0,1042000,0,35,0,7000000,0,1000000,7000000,1000000,1,3
4600000,0,4600000,48.2,6,1,3.0,5265000.0,878000,0,25,1,6000000,0,800000,15000000,3000000,2,3
4290400,0,4290400,0.01,6,1,6.0,4365000.0,716000,0,25,0,8000000,0,1500000,8000000,1500000,4,0
7693000,507738,8200738,0.01,6,1,6.0,8274000.0,1367000,0,43,0,10000000,0,1000000,20000000,4000000,2,3
7790000,514140,8304140,0.01,6,1,6.0,8382000.0,1385000,1,21,0,6500000,0,2000000,22000000,7500000,4,3
4390000,219500,4609500,35.0,9,1,9.0,5418000.0,590000,1,22,0,9000000,0,1500000,25000000,6500000,4,3
13400000,670000,14070000,68.0,15,1,12.0,17160000.0,1418000,0,38,1,6000000,0,1500000,9000000,3000000,0,3
5280000,0,5280000,60.0,8,1,8.0,6620000.0,817000,1,25,0,7000000,0,900000,28000000,3900000,4,2
3590000,179500,3769500,35.0,9,1,9.0,4448000.0,483000,1,37,1,8900000,0,3000000,22000000,5000000,2,5
7100000,355000,7455000,55.0,12,1,12.0,10008000.0,822000,0,35,0,6000000,0,800000,15000000,4000000,2,7
5593000,369138,5962138,0.01,6,1,6.0,6034312.0,994000,1,31,0,8000000,0,1000000,8000000,1000000,4,3
4345000,217250,4562250,65.0,6,1,6.0,5588855.0,910855,0,34,0,8500000,0,18000000,8500000,1500000,4,3
4893000,322938,5215938,0.01,6,1,6.0,5292000.0,870000,1,24,0,7000000,0,1000000,30000000,5000000,4,5
23600000,1180000,24780000,68.0,18,1,12.0,26928000.0,2232000,1,31,1,15000000,0,1500000,25000000,3000000,2,3
17800000,979000,18779000,45.0,6,1,3.0,21396000.0,3554000,1,55,0,8000000,0,1000000,20000000,3000000,2,5
33000000,1650000,34650000,45.0,24,1,12.0,26724000.0,2215000,0,26,0,8000000,0,500000,15000000,2000000,1,3
4193000,276738,4469738,0.01,6,1,6.0,4542000.0,745000,1,32,0,9000000,0,1000000,20000000,4000000,2,1
5040000,332640,5372640,0.01,6,1,5.0,5458000.0,896000,0,22,3,10000000,0,1000000,27000000,7000000,2,5
2990000,149500,3139500,65.0,6,1,6.0,3833000.0,627000,1,47,1,5000000,0,800000,20000000,3500000,2,3
12790000,639500,13429500,35.0,9,1,9.0,15579000.0,1719000,1,33,1,7000000,0,800000,15000000,3000000,0,2
4600000,0,4600000,48.2,6,0,5.0,4450000.0,878000,1,21,0,7500000,0,2000000,18000000,6000000,4,3
4790000,239500,5029500,65.0,6,1,6.0,6102000.0,1005000,1,23,0,4500000,0,500000,4500000,500000,4,5
5990000,299500,6289500,35.0,9,1,7.0,7372000.0,805000,1,26,0,5500000,0,500000,16000000,1500000,2,5
2793000,184338,2977338,0.01,4,1,4.0,3028000.0,745000,1,38,3,20000000,0,2000000,23000000,5000000,2,3
2150000,107500,2257500,65.0,6,1,6.0,2777000.0,451000,0,32,2,5000000,0,1000000,20000000,3000000,2,3
2000000,100000,2100000,45.0,6,1,5.0,2456000.0,398000,1,26,0,13000000,0,2000000,30000000,10000000,4,3
3913000,0,3913000,0.01,6,1,5.0,3986000.0,653000,1,26,0,5000000,0,1000000,25000000,6000000,4,0
3913000,258258,4171258,0.01,6,1,2.0,4248000.0,696000,1,26,0,6000000,0,1000000,10000000,2600000,2,5
11514000,0,11514000,10.21,6,1,3.0,11934000.0,1977000,0,50,2,14000000,0,800000,32000000,3500000,2,3
4683000,309078,4992078,0.01,6,1,6.0,5064233.0,833000,1,24,0,7000000,0,1000000,34000000,6000000,4,3
2982000,196812,3178812,0.01,6,1,6.0,3252000.0,530000,1,25,0,8000000,0,1000000,22000000,2500000,2,3
2790000,139500,2929500,45.0,6,1,6.0,3402000.0,555000,0,32,0,5000000,0,800000,22000000,4000000,2,3
6290000,314500,6604500,35.0,9,1,9.0,7713000.0,845000,0,42,2,5000000,0,1000000,15000000,7000000,0,5
3590000,179500,3769500,65.0,12,0,9.0,4032000.0,436000,1,47,0,6000000,0,1000000,15000000,4000000,2,5
9989000,499450,10488450,85.0,12,0,1.0,1339000.0,1327000,0,20,0,6500000,0,1000000,12000000,6000000,4,5
6990000,349500,7339500,45.0,12,0,2.0,1566000.0,771000,0,20,0,5000000,0,1000000,30000000,9000000,2,3
3690000,243540,3933540,0.01,6,1,2.0,4134000.0,656000,1,21,1,10000000,0,2000000,18000000,4500000,0,5
5399000,356334,5755334,0.01,6,1,5.0,5828000.0,960000,1,40,0,4000000,0,800000,17000000,3000000,0,1
7990000,399500,8389500,65.0,6,1,6.0,10122000.0,1675000,1,22,0,6000000,0,1000000,12000000,2000000,2,3
4490000,224500,4714500,65.0,6,1,6.0,5724000.0,942000,1,25,1,6000000,0,1000000,12000000,2500000,0,5
2890000,144500,3034500,65.0,6,1,6.0,3711000.0,606000,1,23,0,6000000,0,1500000,10500000,4500000,2,3
2000000,100000,2100000,45.0,6,1,6.0,2475000.0,398000,1,29,0,7000000,0,1000000,20000000,5000000,2,3
6990000,349500,7339500,45.0,9,0,7.0,6916000.0,976000,1,20,0,10000000,0,2000000,20000000,3000000,4,3
6100000,305000,6405000,65.0,6,1,6.0,7746000.0,1279000,1,56,3,6000000,0,800000,40000000,4000000,2,3
2960000,148000,3108000,45.0,6,1,6.0,3606000.0,589000,1,56,1,4500000,0,800000,9000000,2500000,2,3
6090000,401940,6491940,0.01,6,1,6.0,6570000.0,1083000,1,37,0,8000000,0,1000000,16000000,2000000,3,3
8952000,447600,9399600,45.0,6,1,6.0,10755000.0,1779000,1,21,0,5000000,0,1000000,20000000,5500000,4,3
19500000,1287000,20787000,21.46,12,1,12.0,23425000.0,1941000,0,23,0,7000000,0,1500000,15000000,4500000,2,3
3234000,213444,3447444,0.01,6,1,6.0,3522000.0,575000,0,39,0,6000000,0,1000000,20000000,3000000,2,1
7992000,527472,8519472,0.01,6,1,6.0,8592000.0,1420000,1,21,0,7500000,0,1800000,20000000,7000000,4,3
5800000,290000,6090000,65.0,6,1,6.0,7367117.0,1216000,0,53,4,5000000,0,1000000,14000000,4000000,0,1
5520000,276000,5796000,65.0,9,1,9.0,7585914.0,830638,1,24,0,6500000,0,12000000,20000000,2000000,4,3
8544000,427200,8971200,35.0,12,1,12.0,10906000.0,897000,1,50,2,9000000,0,1000000,20000000,4000000,2,3
3990000,199500,4189500,45.0,6,0,1.0,4683000.0,793000,1,22,1,7000000,0,1200000,13000000,3500000,2,7
12990000,649500,13639500,35.0,12,1,12.0,16512000.0,1364000,1,28,2,10000000,0,1000000,17000000,4000000,2,3
4893000,322938,5215938,0.01,6,0,-1.0,-1.0,870000,1,43,0,7000000,0,1000000,14000000,2000000,0,1
5645000,372570,6017570,0.01,9,1,9.0,6126000.0,669000,1,37,2,20000000,0,1000000,20000000,1000000,2,2
4221000,0,4221000,17.7,10,1,10.0,4700000.0,458000,1,35,0,6000000,0,1000000,12000000,4000000,2,5
28000000,1848000,29848000,21.11,9,1,9.0,32577000.0,3615000,0,32,0,30000000,0,2000000,38000000,8000000,4,3
5310000,350460,5660460,0.01,6,1,6.0,5736000.0,944000,1,30,0,5000000,0,1000000,20000000,8000000,2,5
5290000,264500,5554500,45.0,12,1,12.0,7142000.0,584000,0,35,4,9000000,0,1500000,20000000,6000000,2,3
13000000,0,13000000,45.0,12,0,11.0,15158000.0,1366000,1,22,2,6000000,0,1000000,40000000,8000000,2,3
9990000,659340,10649340,0.01,6,0,4.0,5787000.0,1775000,1,23,1,6000000,0,2000000,12000000,5000000,2,5
4072000,268752,4340752,0.01,6,1,2.0,4546000.0,724000,1,31,2,15000000,0,5000000,20000000,12000000,2,2
3390000,169500,3559500,65.0,6,1,6.0,4338000.0,711000,1,41,2,9000000,0,1000000,18000000,4000000,2,5
4890000,244500,5134500,45.0,6,1,6.0,5904000.0,972000,0,50,1,8000000,0,1000000,26000000,3000000,2,3
7290000,481140,7771140,0.01,6,1,6.0,7848000.0,1296000,0,36,1,6000000,0,1000000,22000000,3500000,2,3
2690000,134500,2824500,65.0,6,1,6.0,3482000.0,564000,1,51,0,5000000,0,500000,25000000,2500000,2,2
5290000,349140,5639140,0.01,6,1,6.0,5712000.0,940000,1,33,0,10000000,0,1000000,15000000,4000000,2,5
3143000,0,3143000,0.01,4,1,4.0,3196000.0,786000,1,29,0,8000000,0,1000000,24000000,4000000,2,2
9290000,464500,9754500,60.0,6,1,6.0,11604000.0,1922000,1,27,0,12000000,0,1000000,30000000,4000000,4,3
14000000,700000,14700000,35.0,12,1,12.0,17777000.0,1470000,1,23,0,8000000,0,1000000,36000000,4500000,4,2
4940000,247000,5187000,35.0,9,1,8.0,6080000.0,664000,1,34,1,4000000,0,700000,15000000,2500000,2,0
9390000,469500,9859500,45.0,6,1,3.0,11412000.0,1866000,0,57,1,6500000,0,1000000,14000000,3400000,0,3
2982000,0,2982000,0.01,6,1,6.0,3055000.0,498000,0,27,0,7000000,0,800000,40000000,3000000,4,5
6872000,453552,7325552,0.01,6,1,6.0,7398000.0,1221000,0,32,0,10000000,0,1000000,20000000,3000000,2,3
5590000,0,5590000,65.0,6,1,7.0,6908000.0,1117000,1,28,2,10000000,0,2000000,16500000,6000000,2,5
2982000,196812,3178812,0.01,6,1,2.0,3252000.0,530000,1,36,0,10000000,0,2000000,15000000,5000000,2,3
2290000,114500,2404500,65.0,9,1,9.0,3208449.0,345000,0,45,1,5000000,0,1000000,7000000,2000000,2,1
3843000,253638,4096638,0.01,6,1,6.0,4170000.0,683000,1,36,1,20000000,0,3000000,40000000,10000000,2,5
3000000,165000,3165000,41.5,6,0,5.0,3030000.0,594000,0,29,3,17000000,0,3000000,30000000,10000000,2,3
4990000,249500,5239500,65.0,6,1,6.0,6354000.0,1047000,0,47,4,6000000,0,1000000,30000000,6000000,2,5
7995000,527670,8522670,0.01,9,1,9.0,8632000.0,948000,0,53,0,5000000,0,1000000,18000000,5000000,2,3
3360000,168000,3528000,45.0,6,1,6.0,4080000.0,668000,0,21,0,5000000,0,1500000,5000000,1500000,4,3
36000000,1800000,37800000,45.0,12,1,12.0,47765000.0,3970000,1,24,0,8000000,0,800000,30000000,4000000,4,5
2490000,124500,2614500,65.0,6,1,6.0,3192000.0,522000,1,36,2,8000000,0,1000000,12000000,4000000,2,1
11800000,590000,12390000,68.0,6,1,6.0,15036000.0,2494000,1,42,0,12000000,0,2000000,20000000,5000000,2,3
20000000,1000000,21000000,35.0,18,1,12.0,18348000.0,1517000,0,43,2,10000000,0,1000000,25000000,4000000,2,3
4340000,286440,4626440,0.01,6,1,4.0,4704000.0,772000,1,40,2,9000000,0,1000000,14000000,3000000,2,1
9003000,594198,9597198,10.21,6,1,6.0,9960000.0,1648000,1,36,3,8000000,0,1100000,20000000,6000000,2,3
14700000,808500,15508500,45.0,12,0,10.0,16410000.0,1629000,0,43,0,6000000,0,700000,25000000,6000000,0,7
3143000,157150,3300150,65.0,6,1,6.0,4025151.0,659000,0,28,0,5000000,0,500000,19000000,1000000,2,5
4221000,278586,4499586,17.7,10,1,9.0,4988000.0,488000,0,54,0,6000000,0,1000000,15000000,3000000,2,1
12000000,660000,12660000,45.0,6,1,6.0,14450000.0,2396000,1,27,0,8000000,0,400000,15000000,1800000,2,5
8000000,528000,8528000,0.01,6,1,6.0,8604000.0,1422000,0,36,2,5000000,0,1200000,14000000,4500000,2,3
10490000,692340,11182340,0.01,6,1,6.0,11258000.0,1864000,1,20,0,7000000,0,800000,20000000,3000000,4,3
3990000,199500,4189500,45.0,9,1,10.0,5143000.0,558000,0,51,3,2500000,0,1000000,17000000,7000000,0,1
5590000,279500,5869500,65.0,6,0,4.0,4736000.0,1172000,0,39,0,8000000,0,700000,26000000,4500000,2,5
6792000,448272,7240272,0.01,6,1,6.0,7314000.0,1207000,1,27,1,7500000,0,1200000,17000000,5000000,2,5
6414000,423324,6837324,0.01,6,1,6.0,6909523.0,1140000,1,23,0,9000000,0,1500000,25000000,7000000,4,2
4893000,322938,5215938,0.01,6,1,6.0,5292000.0,870000,1,29,0,7000000,0,1000000,20000000,4000000,2,2
3590000,179500,3769500,45.0,12,1,12.0,4944000.0,396000,1,30,0,7000000,0,900000,21000000,2700000,4,3
6490000,324500,6814500,65.0,6,1,6.0,8226000.0,1361000,0,24,0,8000000,0,800000,40000000,4500000,4,2
3843000,253638,4096638,0.01,6,1,6.0,4169000.0,683000,1,23,0,7000000,0,1000000,16000000,4500000,4,3
22250000,1468500,23718500,21.46,12,1,10.0,26834000.0,2214000,1,25,0,7000000,0,1000000,23000000,4000000,4,2
3000000,150000,3150000,45.0,6,1,6.0,3654000.0,597000,1,28,0,6000000,0,1000000,12000000,4000000,2,3
2982000,196812,3178812,0.01,6,1,6.0,3251000.0,530000,1,30,0,7000000,0,1000000,15000000,3500000,2,3
8490000,560340,9050340,0.01,6,1,6.0,9123000.0,1509000,0,35,3,10000000,0,1000000,20000000,5000000,2,1
4893000,322938,5215938,0.01,6,1,6.0,5292000.0,870000,0,43,0,6000000,0,1000000,20000000,4000000,2,7
3843000,253638,4096638,0.01,6,1,6.0,4170000.0,683000,0,50,0,7000000,0,800000,19000000,4000000,2,2
2890000,144500,3034500,45.0,6,1,6.0,3522000.0,575000,0,24,0,8000000,0,1000000,30000000,6000000,2,3
4893000,322938,5215938,0.01,6,1,6.0,5289000.0,870000,0,32,0,7000000,0,1000000,14000000,5000000,2,5
3913000,258258,4171258,0.01,6,1,6.0,4248000.0,696000,0,37,0,8000000,0,1000000,30000000,5000000,4,3
2793000,184338,2977338,0.01,4,1,4.0,3028000.0,745000,0,42,3,5000000,0,1000000,35000000,5000000,2,1
4600000,303600,4903600,48.2,6,1,7.0,5700000.0,936000,0,34,2,6000000,0,1000000,14000000,5000000,2,1
14000000,770000,14770000,45.0,6,1,6.0,16842000.0,2795000,1,21,0,7000000,0,800000,40000000,5000000,4,2
4893000,0,4893000,0.01,6,1,6.0,4956000.0,816000,0,33,0,9000000,0,800000,9000000,1500000,4,5
2392000,0,2392000,65.0,6,1,7.0,2940000.0,478000,1,26,1,9000000,0,1000000,20000000,5000000,2,5
4794000,316404,5110404,0.01,6,1,6.0,5184000.0,852000,0,20,0,2500000,1500000,800000,25000000,4000000,4,3
7000000,350000,7350000,65.0,6,1,6.0,8880000.0,1468000,1,25,0,8000000,0,1000000,20000000,4000000,4,5
6715000,443190,7158190,0.01,6,1,6.0,7236000.0,1194000,1,58,2,8000000,0,1000000,30000000,6000000,2,2
3032000,200112,3232112,0.01,6,1,6.0,3306000.0,539000,1,22,0,4000000,0,1500000,10000000,3000000,2,2
3913000,258258,4171258,0.01,6,1,6.0,4248000.0,696000,1,33,0,13000000,0,3000000,20000000,6000000,2,0
3843000,253638,4096638,0.01,6,1,6.0,4170000.0,683000,0,25,1,5500000,0,1000000,15000000,3000000,2,5
4893000,322938,5215938,0.01,6,1,6.0,5280000.0,870000,1,31,0,6500000,0,1500000,12500000,4500000,2,0
2982000,196812,3178812,0.01,6,1,6.0,3252000.0,530000,0,37,1,10000000,0,1000000,25000000,3000000,2,5
4221000,278586,4499586,17.7,10,1,10.0,4993000.0,488000,0,45,4,4000000,0,1000000,16000000,4000000,0,3
2694000,134700,2828700,45.0,6,1,6.0,3288000.0,536000,1,36,2,5000000,0,600000,12000000,3000000,2,5
4014000,264924,4278924,0.01,6,1,3.0,4356000.0,714000,1,39,1,12000000,0,1500000,19000000,5000000,2,0
2394000,158004,2552004,0.01,4,1,4.0,2592000.0,639000,1,34,0,5000000,0,1000000,14000000,5000000,2,7
2630000,131500,2761500,45.0,6,1,6.0,3223000.0,523000,1,44,0,7560000,0,1230000,14320000,5630000,2,2
4790000,239500,5029500,45.0,6,1,4.0,5782000.0,952000,1,28,0,6000000,0,900000,12000000,2700000,2,3
4041000,266706,4307706,0.01,6,1,6.0,4380000.0,718000,1,26,0,8000000,0,1500000,15000000,3000000,2,1
4893000,0,4893000,45.0,6,1,6.0,5628000.0,926000,0,39,2,10000000,0,2000000,20000000,5000000,2,3
7340000,484440,7824440,0.01,6,1,6.0,7897000.0,1305000,1,50,0,5000000,3000000,1000000,30000000,3000000,2,3
6291000,415206,6706206,19.6,10,1,10.0,7450000.0,733000,0,21,0,6000000,0,600000,30000000,5000000,0,3
3843000,253638,4096638,0.01,6,1,6.0,4170000.0,683000,1,35,0,10000000,0,1000000,25000000,5000000,0,7
3290000,164500,3454500,45.0,6,1,6.0,3996000.0,654000,0,44,2,6000000,0,800000,18000000,4000000,2,5
8630000,569580,9199580,0.01,6,1,4.0,9413000.0,1534000,1,30,2,9000000,0,1000000,9000000,3000000,2,5
8694000,434700,9128700,35.0,9,1,9.0,10662050.0,1168000,0,20,0,4500000,0,500000,4500000,500000,4,0
2400000,120000,2520000,45.0,6,1,6.0,2934000.0,477000,1,42,0,10000000,0,1000000,39000000,4000000,3,5
4940000,247000,5187000,35.0,9,0,3.0,2028000.0,664000,1,38,0,5400000,0,550000,13000000,3500000,2,3
3897000,194850,4091850,35.0,9,1,9.0,4824000.0,524000,1,36,2,7000000,0,1000000,10000000,3000000,2,1
2790000,139500,2929500,65.0,6,1,5.0,3582000.0,585000,1,20,0,6400000,0,500000,16000000,2000000,4,5
2516000,125800,2641800,45.0,6,1,5.0,3072000.0,500000,0,36,0,10000000,0,1000000,20000000,5000000,2,3
4890000,244500,5134500,35.0,9,1,9.0,6009000.0,657000,1,30,2,9000000,0,2000000,15000000,8000000,2,5
6291000,415206,6706206,19.6,10,0,5.0,3725000.0,733000,1,46,2,6000000,0,1000000,12000000,4000000,2,5
2982000,196812,3178812,0.01,6,1,6.0,3252000.0,530000,1,20,0,5000000,0,1500000,20000000,6000000,4,5
7490000,374500,7864500,35.0,9,1,9.0,9163000.0,1007000,1,53,0,7000000,0,800000,28000000,3200000,2,2
5590000,279500,5869500,65.0,6,1,6.0,7104000.0,1172000,0,23,1,5000000,0,800000,15000000,2800000,0,5
6290000,314500,6604500,35.0,9,1,8.0,7713000.0,845000,0,30,0,7000000,0,2000000,35000000,14000000,2,3
5590000,279500,5869500,65.0,9,1,9.0,7677000.0,842000,1,27,0,7000000,0,1000000,16000000,2000000,2,5
5243000,346038,5589038,0.01,6,1,6.0,5662000.0,932000,0,36,2,6500000,0,1000000,12000000,3000000,2,3
15000000,0,15000000,61.8,6,1,6.0,17892000.0,2970000,0,36,0,7000000,0,500000,20000000,3500000,2,3
3140000,157000,3297000,65.0,6,0,4.0,2684000.0,659000,1,20,2,6000000,0,900000,13000000,3500000,0,3
2443000,161238,2604238,0.01,6,1,8.0,2682000.0,435000,1,25,0,8000000,0,700000,36000000,4000000,4,2
3843000,253638,4096638,0.01,6,1,6.0,4170000.0,683000,0,38,0,5000000,0,1000000,15000000,5000000,0,3
5290000,264500,5554500,35.0,9,1,9.0,6507000.0,711000,1,21,0,5200000,0,700000,18000000,5000000,4,3
6290000,415140,6705140,0.01,6,1,6.0,6780000.0,1118000,1,21,0,7000000,0,1500000,25500000,4500000,4,3
4390000,219500,4609500,35.0,9,0,9.0,4721000.0,590000,0,33,0,6200000,0,950000,15900000,3350000,2,2
5580000,279000,5859000,65.0,9,1,9.0,7665000.0,840000,0,39,3,10000000,0,2000000,29000000,3000000,2,1
11800000,649000,12449000,45.0,6,1,6.0,14196000.0,2356000,1,23,2,6000000,0,500000,12000000,2000000,2,3
36300000,0,36300000,21.46,12,1,12.0,40799398.0,3389000,0,43,0,12000000,0,1000000,22000000,3000000,0,7
5243000,346038,5589038,0.01,6,1,4.0,5664000.0,932000,1,35,0,9800000,0,1000000,17000000,3000000,2,3
2000000,100000,2100000,65.0,6,1,6.0,2580000.0,420000,1,25,2,6000000,0,500000,15000000,4000000,2,5
3290000,164500,3454500,65.0,6,1,6.0,4212000.0,690000,0,39,2,6500000,0,1000000,19000000,4000000,2,5
4683000,309078,4992078,0.01,6,1,6.0,5065000.0,833000,0,41,3,10000000,0,1000000,21000000,3200000,0,3
5590000,279500,5869500,35.0,12,1,9.0,7213000.0,587000,1,43,2,10000000,0,1500000,19000000,3500000,2,3
3843000,253638,4096638,0.01,6,1,6.0,4170000.0,683000,1,32,0,8000000,0,800000,15000000,3500000,2,3
34300000,0,34300000,0.0,18,0,11.0,28963000.0,2621000,1,43,0,12000000,0,1500000,22000000,7000000,2,5
6990000,461340,7451340,0.01,6,1,6.0,7524000.0,1242000,1,37,0,5200000,0,600000,10400000,2000000,2,1
2140000,107000,2247000,45.0,6,1,6.0,2626000.0,426000,1,25,0,6000000,0,1200000,22000000,5500000,2,2
3913000,258258,4171258,0.01,6,1,6.0,4248000.0,696000,1,22,0,8000000,0,1000000,25000000,5000000,2,3
3913000,258258,4171258,0.01,6,1,6.0,4242000.0,696000,1,32,0,15000000,0,1500000,25000000,5000000,0,0
2000000,100000,2100000,65.0,9,1,9.0,2805000.0,301000,1,49,2,7000000,0,1800000,21000000,7000000,2,5
8000000,400000,8400000,65.0,6,1,6.0,10140000.0,1678000,1,22,0,7000000,0,1000000,19000000,3000000,4,7
4193000,276738,4469738,0.01,6,1,6.0,4542000.0,745000,0,37,3,8000000,0,600000,10000000,3000000,1,5
12140000,607000,12747000,35.0,9,1,9.0,14775000.0,1631000,0,22,0,5000000,0,500000,15000000,1000000,4,3
14500000,725000,15225000,68.0,20,0,11.0,14346000.0,1292000,0,25,2,8000000,0,1000000,20000000,3000000,2,3
3200000,160000,3360000,65.0,6,1,7.0,4113000.0,671000,1,21,0,5500000,0,600000,24000000,2500000,4,5
15000000,750000,15750000,45.0,12,1,12.0,20016000.0,1654000,1,38,0,7000000,0,1000000,14000000,3000000,1,7
26300000,1446500,27746500,45.0,12,1,12.0,35576000.0,2914000,0,33,3,5000000,0,1500000,19000000,9000000,2,3
3510000,175500,3685500,35.0,9,1,9.0,4351000.0,472000,1,35,3,7000000,0,1000000,17000000,6000000,2,7
4040000,202000,4242000,35.0,9,1,10.0,4996000.0,543000,1,33,0,8000000,0,1000000,24000000,4000000,0,5
5992000,395472,6387472,0.01,6,1,6.0,6460000.0,1065000,0,40,2,30000000,0,1000000,35000000,4000000,2,3
2000000,100000,2100000,45.0,6,1,6.0,2456000.0,398000,1,40,0,10000000,0,900000,22000000,4000000,2,3
5990000,0,5990000,65.0,9,1,10.0,7928000.0,859000,1,38,0,10000000,0,1000000,20000000,4000000,2,3
7590000,379500,7969500,65.0,6,1,6.0,9618000.0,1592000,1,36,3,8000000,0,2000000,18000000,7000000,2,1
2390000,119500,2509500,65.0,9,1,9.0,3344000.0,360000,0,43,1,6000000,0,1000000,20000000,4000000,2,5
7700000,385000,8085000,65.0,12,1,12.0,11349000.0,934000,1,28,0,5000000,0,1000000,20000000,4000000,2,2
2994000,197604,3191604,0.01,4,1,4.0,3240000.0,798000,1,22,0,8000000,0,900000,27000000,4000000,4,3
7190000,359500,7549500,35.0,9,1,9.0,8827272.0,966000,1,22,0,7000000,0,500000,22000000,2000000,4,0
4590000,229500,4819500,35.0,9,1,9.0,5711000.0,617000,0,49,0,8000000,0,700000,20000000,2000000,3,5
6290000,314500,6604500,85.0,12,1,12.0,10164000.0,836000,0,43,0,5000000,0,1500000,20000000,6000000,2,5
4790000,316140,5106140,0.01,6,1,6.0,5184000.0,852000,1,23,0,12000000,0,1800000,21000000,4000000,2,3
3843000,253638,4096638,0.01,4,1,4.0,4144732.0,1025000,1,29,0,7000000,0,1200000,15000000,4800000,2,3
5000000,330000,5330000,0.01,6,1,6.0,5402000.0,889000,1,25,0,5000000,0,600000,5000000,600000,4,3
6470000,323500,6793500,35.0,9,1,9.0,8002000.0,870000,1,36,0,8000000,0,1100000,12000000,2000000,2,0
3250000,162500,3412500,65.0,6,0,6.0,3270000.0,682000,1,23,0,10000000,0,2000000,45000000,5000000,4,3
3592000,237072,3829072,0.01,4,1,4.0,3907000.0,958000,1,31,1,5000000,0,200000,8000000,3000000,0,5
3490000,174500,3664500,45.0,6,1,6.0,4224000.0,694000,0,34,0,9000000,0,1000000,22000000,9000000,4,3
3913000,258258,4171258,0.01,6,1,6.0,4248000.0,696000,0,32,0,6500000,0,800000,6500000,800000,4,3
4893000,322938,5215938,0.01,6,1,6.0,5292000.0,870000,0,35,2,6000000,0,1000000,18000000,5000000,2,3
28500000,1425000,29925000,45.0,12,1,12.0,37860000.0,3143000,1,22,0,9000000,0,1400000,27000000,4000000,4,7
2000000,100000,2100000,45.0,6,1,6.0,2460000.0,398000,0,39,0,6500000,0,800000,15000000,3200000,2,5
15000000,750000,15750000,45.0,12,1,11.0,19992000.0,1654000,1,31,2,5000000,0,1000000,19000000,3000000,2,3
2630000,131500,2761500,65.0,6,1,6.0,3384000.0,552000,1,29,1,8700000,0,2000000,18000000,6000000,2,5
4890000,244500,5134500,85.0,6,1,6.0,6552000.0,1080000,0,42,0,6000000,0,1000000,35000000,5000000,2,3
32500000,1625000,34125000,35.0,18,1,12.0,29724000.0,2464000,0,27,0,11000000,0,1000000,30000000,4000000,2,3
25000000,1375000,26375000,35.0,30,0,8.0,10769000.0,1331179,1,38,0,13000000,0,10800000,25000000,3800000,2,7
40000000,2200000,42200000,44.5,24,1,12.0,32379000.0,2685736,0,48,0,15000000,0,12000000,22000000,2000000,2,3
30000000,1650000,31650000,47.0,35,1,11.0,45068420.0,1654605,1,27,0,6866000,0,18000000,25000000,5000000,4,2
10000000,550000,10550000,47.0,10,1,9.0,13233000.0,1295329,1,21,0,5300000,0,10800000,21000000,4000000,4,7
20000000,1100000,21100000,47.0,24,1,12.0,16608000.0,1372100,1,24,0,6000000,0,10800000,16000000,4000000,2,5
30000000,1650000,31650000,44.5,24,0,11.0,22464114.0,2014302,0,25,0,9000000,0,21600000,25000000,7500000,2,7
10000000,550000,10550000,35.0,24,1,12.0,7559000.0,617371,1,39,0,6000000,0,12000000,20000000,4000000,2,5
15000000,825000,15825000,33.5,24,1,12.0,11094960.0,913580,0,34,0,10000000,0,24000000,20000000,5000000,2,5
25000000,1375000,26375000,59.99,18,0,4.0,11348135.0,2256135,0,26,0,12000000,0,24000000,25000000,5000000,2,3
30000000,1650000,31650000,44.5,24,1,12.0,24315624.0,2014302,1,44,0,12000000,0,30000000,15000000,3500000,2,2
40000000,2200000,42200000,33.5,24,1,13.0,31829000.0,2436213,1,47,0,12000000,0,18000000,30000000,5000000,2,4
35000000,1925000,36925000,35.0,30,0,11.0,20636000.0,1863650,0,46,0,18000000,0,12000000,40000000,4000000,2,5
30000000,1650000,31650000,60.0,24,1,12.0,27665632.0,2293704,1,48,0,10000000,0,18000000,25000000,4000000,2,3
10000000,550000,10550000,45.0,12,1,12.0,13153000.0,1107880,1,33,0,7000000,0,3600000,15000000,500000,2,5
30000000,1650000,31650000,33.5,24,0,-1.0,-1.0,1827160,1,47,0,10000000,0,18000000,17000000,6000000,2,5
70000000,3850000,73850000,37.0,36,0,11.0,38490000.0,3424802,0,36,0,12000000,0,12000000,30000000,4000000,2,5
25000000,1375000,26375000,44.5,24,0,11.0,18596435.0,1678585,0,37,0,15000000,0,24000000,30000000,10000000,2,3
20000000,1100000,21100000,45.0,24,1,12.0,16332000.0,1348689,1,28,0,7000000,0,9600000,20000000,3000000,2,1
15000000,825000,15825000,37.0,24,0,11.0,10503174.0,942834,1,28,0,5268000,0,10800000,15000000,3500000,2,5
30000000,1650000,31650000,45.0,24,1,12.0,24425198.0,2023033,0,49,0,12000000,0,7200000,20000000,5000000,2,5
30000000,1650000,31650000,45.0,18,0,12.0,27078427.0,2449603,0,23,0,10000000,0,18000000,25000000,5000000,2,3
30000000,1650000,31650000,47.0,36,1,12.0,20286000.0,1654605,0,21,0,8002000,0,12000000,20000000,4000000,2,3
40000000,2200000,42200000,35.0,24,0,11.0,27296860.0,2469486,0,38,0,12000000,0,48000000,18000000,10000000,2,5
10000000,550000,10550000,35.0,24,1,12.0,7415000.0,617371,0,32,0,4000000,0,12000000,20000000,5000000,2,5
14000000,770000,14770000,59.99,24,1,12.0,12987000.0,1070308,0,30,0,6000000,0,19200000,18000000,4000000,2,3
15000000,825000,15825000,33.5,30,1,12.0,9576000.0,785790,0,46,0,6000000,0,6000000,35000000,5000000,2,5
50000000,2750000,52750000,35.0,30,1,6.0,62684000.0,2662357,0,36,0,9000000,0,12000000,25000000,5000000,2,3
10000000,550000,10550000,47.0,12,0,8.0,13145000.0,1118697,0,21,0,6464000,0,7200000,12700000,2500000,4,3
10000000,550000,10550000,60.0,24,1,8.0,15399000.0,764568,0,22,0,5000000,0,8400000,15000000,3000000,4,3
20000000,1100000,21100000,59.99,24,0,8.0,14202000.0,1529012,1,35,0,10000000,0,12000000,25000000,3000000,4,5
30000000,1650000,31650000,35.0,24,1,12.0,22354000.0,1852114,0,35,0,10000000,0,18000000,18000000,4000000,2,5
20000000,1100000,21100000,47.0,12,1,12.0,26793000.0,2237394,1,30,0,8000000,0,8400000,16000000,1800000,2,5
30000000,1650000,31650000,33.5,24,0,7.0,13289000.0,1827160,0,39,0,8000000,0,12000000,15000000,2000000,2,1
25000000,1375000,26375000,35.0,30,0,6.0,8306358.0,1331179,1,39,0,15000000,0,24000000,25000000,4000000,2,3
30000000,1650000,31650000,37.0,18,0,11.0,25612214.0,2317474,1,23,0,14000000,0,24000000,14000000,3000000,4,2
30000000,0,30000000,45.0,24,1,13.0,25077567.0,1917567,1,29,0,11000000,0,30000000,22000000,8000000,2,4
25000000,1375000,26375000,59.99,24,1,9.0,38366068.0,1911265,1,55,0,13000000,0,36000000,13000000,3000000,4,3
30000000,1650000,31650000,35.0,24,0,11.0,20515000.0,1852114,0,37,0,5562000,0,8400000,14000000,3500000,2,5
10000000,550000,10550000,33.5,18,0,8.0,4661000.0,753630,0,21,0,4000000,0,12000000,35000000,10000000,4,2
50000000,2750000,52750000,37.0,24,0,7.0,32619778.0,3142778,0,23,0,10000000,0,24000000,25000000,5000000,4,3
10000000,550000,10550000,33.5,18,1,12.0,9188630.0,753630,1,37,0,10000000,0,36000000,15000000,5000000,2,3
30000000,1650000,31650000,44.5,18,0,11.0,27500000.0,2441232,0,45,0,10000000,0,12000000,20000000,3000000,1,3
30000000,1650000,31650000,33.5,30,0,3.0,4583579.0,1571579,1,27,0,7000000,0,12000000,17000000,2500000,4,2
40000000,2200000,42200000,35.0,24,1,12.0,29778374.0,2469486,0,36,0,10000000,0,12000000,22000000,4000000,2,4
20000000,1100000,21100000,47.0,18,1,10.0,21681470.0,1655490,0,28,0,5343000,0,12000000,12000000,1800000,2,3
40000000,2200000,42200000,45.0,24,0,11.0,29796134.0,2697378,0,42,0,15000000,0,18000000,22000000,5000000,2,3
20000000,1100000,21100000,45.0,24,0,-1.0,-1.0,1348689,0,35,0,10000000,0,24000000,32000000,6000000,2,7
20000000,1100000,21100000,47.0,24,0,10.0,15226100.0,1372100,1,22,0,9000000,0,12000000,25000000,4000000,4,3
20000000,1100000,21100000,47.0,24,1,13.0,16610000.0,1372100,0,22,0,6000000,0,12000000,15000000,7000000,2,5
10000000,550000,10550000,45.0,24,1,12.0,8220000.0,674344,0,27,0,10000000,0,12000000,20000000,3000000,2,5
20000000,1100000,21100000,35.0,24,0,12.0,14964000.0,1234743,1,35,0,15000000,0,24000000,27000000,6000000,2,2
25000000,1375000,26375000,47.0,18,1,12.0,24929000.0,2069362,0,43,0,10000000,0,12000000,35000000,8000000,2,3
50000000,2750000,52750000,37.0,24,1,12.0,37845668.0,3142778,1,41,0,12000000,0,24000000,25000000,4500000,2,4
10000000,550000,10550000,35.0,12,0,10.0,10668050.0,1054610,0,43,0,15000000,0,24000000,30000000,8000000,2,5
35000000,1925000,36925000,37.0,30,0,11.0,21079472.0,1904236,0,27,0,6497000,0,6000000,20000000,6000000,2,5
15000000,825000,15825000,35.0,12,1,12.0,19090000.0,1581914,1,25,0,5000000,0,10800000,50000000,8000000,4,2
35000000,1925000,36925000,44.5,24,1,12.0,28344000.0,2350019,0,35,0,15000000,0,24000000,20000000,5000000,2,5
20000000,0,20000000,47.0,12,0,1.0,22150000.0,2120752,0,24,0,7000000,0,12000000,50000000,7000000,2,2
30000000,1650000,31650000,47.0,18,1,12.0,29819000.0,2483234,0,22,0,7000000,0,7200000,14000000,2500000,2,5
30000000,1650000,31650000,45.0,24,1,12.0,24432000.0,2023033,0,27,0,10000000,0,36000000,100000000,20000000,2,3
20000000,0,20000000,47.0,18,0,11.0,17395000.0,1569184,0,52,0,5000000,0,9600000,48000000,4500000,2,3
10000000,550000,10550000,59.99,24,1,13.0,9318072.0,764506,1,20,0,6000000,0,10800000,26000000,4000000,4,3
25000000,1375000,26375000,59.99,18,1,12.0,27220000.0,2256135,0,38,0,15000000,0,10800000,25000000,5000000,2,3
30000000,1650000,31650000,37.0,24,1,12.0,22766000.0,1885667,0,32,0,7479000,0,24000000,7500000,2000000,1,5
45000000,2475000,47475000,37.0,36,1,12.0,26564658.0,2201658,1,26,0,10000000,0,60000000,30000000,10000000,1,5
10000000,550000,10550000,35.0,12,1,12.0,12640000.0,1054610,0,38,0,6500000,0,6000000,20000000,1000000,2,5
15000000,825000,15825000,44.5,24,0,11.0,11201000.0,1007151,1,33,0,7000000,0,12000000,11000000,3000000,2,4
40000000,2200000,42200000,45.0,24,1,12.0,32520000.0,2697378,0,46,0,11000000,0,9600000,32000000,2000000,2,1
30000000,1650000,31650000,35.0,24,1,12.0,22368000.0,1852114,0,53,0,12000000,0,12000000,41000000,8000000,2,5
20000000,1100000,21100000,44.5,12,0,9.0,20017000.0,2210368,1,41,0,8000000,0,24000000,17000000,4500000,2,3
35000000,1925000,36925000,35.0,24,1,12.0,26075400.0,2160800,0,58,0,10000000,0,12000000,20000000,4000000,2,5
30000000,1650000,31650000,35.0,30,0,11.0,17708656.0,1597414,1,50,0,17000000,0,36000000,40000000,8000000,2,5
30000000,1650000,31650000,45.0,24,1,12.0,24420396.0,2023033,1,44,0,10000000,0,12000000,15000000,3000000,2,5
20000000,1100000,21100000,35.0,12,1,12.0,25263973.0,2109219,1,44,0,10000000,0,12000000,35000000,5000000,2,3
30000000,1650000,31650000,44.5,24,0,11.0,22286000.0,2014302,1,29,0,7000000,0,10800000,20000000,4000000,2,3
10000000,550000,10550000,35.0,18,1,12.0,9288000.0,761683,0,39,0,3763000,0,6000000,12000000,3000000,2,5
30000000,1650000,31650000,47.0,18,0,11.0,27449106.0,2483234,0,34,0,8000000,0,24000000,20000000,8000000,2,2
15000000,825000,15825000,47.0,15,0,11.0,15691000.0,1415037,1,33,0,5600000,0,12000000,15000000,4000000,2,3
30000000,1650000,31650000,47.0,36,0,8.0,13360000.0,1654605,1,30,0,7000000,0,18000000,15000000,6000000,2,3
40000000,2200000,42200000,35.0,24,0,10.0,24849000.0,2469486,1,20,0,10000000,0,12000000,50000000,5500000,4,3
10000000,550000,10550000,60.0,14,0,11.0,11857212.0,1065803,0,30,0,6000000,0,18000000,15000000,3000000,2,5
30000000,1650000,31650000,45.0,24,1,12.0,24423264.0,2023033,0,38,0,13000000,0,16800000,28000000,3800000,2,3
35000000,1925000,36925000,37.0,24,0,11.0,24331615.0,2199945,0,43,0,8344000,0,9600000,20000000,4000000,1,3
25000000,1375000,26375000,45.0,24,1,12.0,20359749.0,1685861,0,25,0,12000000,0,18000000,31000000,3000000,2,3
9000000,495000,9495000,60.0,12,1,12.0,13061000.0,1071277,0,34,0,10000000,0,24000000,15000000,3000000,2,3
19000000,1045000,20045000,47.0,18,0,11.0,17435000.0,1572715,0,26,0,4500000,0,6000000,20000000,3500000,4,3
20000000,1100000,21100000,33.5,24,0,11.0,13601000.0,1218107,0,33,0,10000000,0,12000000,15000000,3000000,1,5
25000000,1375000,26375000,47.0,36,0,1.0,1390000.0,1378837,1,27,0,6000000,0,9600000,18000000,3000000,4,2
30000000,1650000,31650000,45.0,24,1,12.0,24408396.0,2023033,1,37,0,12000000,0,14400000,25000000,3000000,2,5
30000000,1650000,31650000,44.5,24,0,5.0,10133000.0,2014302,1,34,0,12000000,0,18000000,15000000,3000000,2,3
40000000,2200000,42200000,35.0,24,1,12.0,29784000.0,2469486,1,34,0,15000000,0,12000000,20000000,2000000,2,5
25000000,1375000,26375000,47.0,30,1,12.0,18262000.0,1509874,0,31,0,4586000,0,9600000,13000000,9000000,2,5
20000000,1100000,21100000,50.0,12,1,12.0,27640046.0,2270046,1,35,0,10000000,0,24000000,15000000,7000000,2,3
30000000,1650000,31650000,45.0,12,1,12.0,39971000.0,3323639,1,52,0,10000000,0,12000000,30000000,5000000,2,5
15000000,825000,15825000,59.99,18,1,13.0,17754810.0,1353681,0,22,0,9000000,0,12000000,40000000,8000000,4,3
10000000,550000,10550000,60.0,12,1,13.0,14729000.0,1190308,0,36,0,8000000,0,6000000,20000000,7000000,2,3
30000000,0,30000000,47.0,18,1,12.0,28389324.0,2353777,0,49,0,15000000,0,12000000,25000000,5000000,2,5
30000000,1650000,31650000,45.0,24,1,13.0,24421132.0,2023033,0,40,0,12000000,0,30000000,25000000,10000000,2,2
30000000,1650000,31650000,45.0,24,1,12.0,24420396.0,2023033,0,40,0,12000000,0,18000000,25000000,4000000,2,3
40000000,2200000,42200000,45.0,24,0,6.0,16256268.0,2697378,1,53,0,30000000,0,13200000,45000000,12000000,2,3
40000000,2200000,42200000,45.0,18,1,12.0,39338137.0,3266137,0,50,0,10000000,0,12000000,20000000,5000000,2,5
30000000,1650000,31650000,37.0,24,1,12.0,22772941.0,1885667,0,58,0,12000000,0,28800000,30000000,6000000,2,7
40000000,2200000,42200000,35.0,24,1,12.0,29775000.0,2469486,1,35,0,8000000,0,18000000,25000000,5000000,4,1
20000000,1100000,21100000,59.99,15,1,13.0,30062000.0,2032708,0,33,0,10000000,0,12000000,20000000,5000000,2,5
20000000,1100000,21100000,33.5,12,0,8.0,16832318.0,2093474,1,26,0,8000000,0,12000000,8000000,1000000,4,5
20000000,1100000,21100000,47.0,18,1,12.0,20018470.0,1655490,1,27,0,6000000,0,8400000,30000000,5000000,2,5
35000000,1925000,36925000,33.5,30,0,4.0,7394527.0,1833509,0,23,0,14000000,0,12000000,30000000,4000000,4,5
10000000,550000,10550000,44.5,12,1,12.0,13209000.0,1105184,1,27,0,12000000,0,30000000,15000000,3500000,4,4
10000000,550000,10550000,35.0,24,1,12.0,7555000.0,617371,0,39,0,5000000,0,10800000,20000000,3000000,2,5
30000000,1650000,31650000,37.0,36,1,8.0,40748544.0,1467772,0,35,0,7000000,0,6000000,7000000,3000000,1,4
40000000,2200000,42200000,35.0,24,1,1.0,45964000.0,2469486,1,45,0,23000000,0,12000000,30000000,3000000,2,5
50000000,2750000,52750000,33.5,30,1,5.0,62965000.0,2619299,1,34,0,12000000,0,24000000,22000000,4000000,2,5
40000000,2200000,42200000,45.0,24,1,12.0,32364000.0,2697378,0,40,0,30000000,0,18000000,40000000,5000000,2,5
20000000,1100000,21100000,47.0,12,1,12.0,27288182.0,2237394,0,28,0,9117000,0,10800000,30000000,4000000,2,2
25000000,1375000,26375000,59.99,24,0,10.0,19220650.0,1911265,0,23,0,13000000,0,15600000,20000000,5000000,4,7
20000000,1100000,21100000,45.0,12,1,12.0,26721360.0,2215760,0,41,0,10000000,0,12000000,15000000,3000000,2,3
28000000,1540000,29540000,37.0,24,0,11.0,19492000.0,1759956,1,30,0,8523000,0,12000000,20000000,4000000,2,3
20000000,1100000,21100000,59.99,24,1,12.0,18481000.0,1529012,1,33,0,10000000,0,24000000,14000000,8000000,2,3
15000000,825000,15825000,33.5,24,1,12.0,11110000.0,913580,1,24,0,10000000,0,36000000,10000000,3000000,4,5
29000000,1595000,30595000,45.0,24,0,10.0,21154000.0,1955599,1,26,0,9410000,0,18000000,50000000,12000000,2,2
25000000,1375000,26375000,47.0,36,1,12.0,16690837.0,1378837,0,43,0,10000000,0,12000000,20000000,4000000,2,4
25000000,1375000,26375000,45.0,24,0,11.0,18678610.0,1685861,1,32,0,8500000,0,8400000,16000000,5000000,2,3
20000000,1100000,21100000,44.5,24,1,12.0,16258680.0,1342868,0,47,0,10000000,0,24000000,20000000,4000000,2,5
20000000,1100000,21100000,59.99,24,1,12.0,18591036.0,1529012,1,36,0,15000000,0,12000000,30000000,5000000,2,3
10000000,550000,10550000,59.99,12,1,12.0,14291000.0,1190252,0,30,0,5000000,0,4800000,17000000,2500000,2,5
25000000,1375000,26375000,45.0,24,1,12.0,20383861.0,1685861,0,30,0,15000000,0,24000000,35000000,4000000,2,3
40000000,2200000,42200000,45.0,24,0,1.0,2698000.0,2697378,1,27,0,9000000,0,12000000,30000000,6000000,4,3
30000000,1650000,31650000,35.0,30,1,12.0,19318000.0,1597414,0,39,0,12000000,0,12000000,30000000,8000000,2,1
20000000,1100000,21100000,45.0,24,0,9.0,12249000.0,1348689,0,41,0,5000000,0,8400000,13000000,4000000,2,1
15000000,825000,15825000,45.0,24,1,12.0,12132000.0,1011517,0,48,0,7000000,0,14400000,15000000,4000000,1,3
20000000,0,20000000,59.99,24,0,11.0,16071000.0,1449301,0,52,0,6000000,0,6000000,20000000,1200000,2,5
12000000,660000,12660000,47.0,20,1,12.0,11241000.0,924684,1,27,0,3125000,0,12000000,10000000,5000000,2,7
10000000,550000,10550000,35.0,18,0,1.0,774000.0,761683,0,46,0,7000000,0,10800000,15000000,3000000,2,5
10000000,550000,10550000,45.0,13,1,12.0,12624000.0,1040192,0,30,0,3000000,0,7200000,25000000,3000000,1,5
30000000,1650000,31650000,45.0,24,1,12.0,24405099.0,2023033,0,31,0,12000000,0,12000000,25000000,6000000,2,7
8500000,467500,8967500,60.0,24,0,7.0,5295415.0,649883,1,51,0,6000000,0,12000000,25000000,5000000,2,1
20000000,1100000,21100000,35.0,24,0,12.0,14964000.0,1234743,0,50,0,9000000,0,12000000,50000000,5000000,2,5
30000000,1650000,31650000,33.5,30,1,12.0,19008000.0,1571579,1,48,0,10000000,0,18000000,19000000,4000000,2,3
30000000,1650000,31650000,45.0,24,0,3.0,6095000.0,2023033,1,25,0,10000000,0,12000000,20000000,3000000,2,3
40000000,2200000,42200000,35.0,30,0,-1.0,-1.0,2129886,1,24,0,9000000,0,12000000,20000000,3000000,4,5
30000000,1650000,31650000,44.5,24,0,-1.0,-1.0,2014302,0,36,0,7000000,0,12000000,40000000,4000000,2,3
14000000,770000,14770000,60.0,12,1,12.0,19690431.0,1666431,1,33,0,12000000,0,24000000,25000000,5000000,2,4
15000000,825000,15825000,59.99,24,0,8.0,9270000.0,1146759,0,24,0,7000000,0,24000000,25000000,5000000,4,3
25000000,1375000,26375000,59.99,18,0,-1.0,-1.0,2256135,1,25,0,8000000,0,12000000,30000000,4000000,4,3
50000000,2750000,52750000,37.0,36,1,12.0,29464148.0,2446287,1,55,0,20000000,0,12000000,100000000,30000000,2,5
10000000,550000,10550000,44.5,12,0,11.0,12277472.0,1105184,0,44,0,9000000,0,24000000,19000000,5000000,2,3
30000000,1650000,31650000,33.5,24,0,4.0,7357000.0,1827160,0,38,0,17000000,0,24000000,30000000,7000000,2,3
30000000,1650000,31650000,44.5,24,1,12.0,24315510.0,2014302,0,46,0,10000000,0,12000000,15000000,3000000,3,5
50000000,2750000,52750000,35.0,30,0,2.0,5349357.0,2662357,1,27,0,20000000,0,9600000,90000000,8000000,2,5
45000000,0,45000000,37.0,36,1,12.0,25197880.0,2086880,0,24,0,12000000,0,24000000,45000000,10000000,2,2
30000000,1650000,31650000,45.0,24,1,12.0,24409099.0,2023033,1,50,0,20000000,0,24000000,40000000,9000000,2,4
25000000,1375000,26375000,35.0,12,1,12.0,31543966.0,2636524,0,40,0,10000000,0,12000000,46000000,5000000,1,5
15000000,825000,15825000,45.0,12,1,12.0,19842000.0,1661820,0,58,0,6000000,0,9600000,20000000,4000000,2,3
10000000,550000,10550000,44.5,12,1,12.0,13570000.0,1105184,1,28,0,5000000,0,24000000,20000000,7000000,4,3
25000000,1375000,26375000,33.5,24,1,12.0,18420000.0,1522633,1,40,0,10000000,0,12000000,14000000,4000000,4,5
30000000,1650000,31650000,45.0,24,0,10.0,20288000.0,2023033,0,20,0,6000000,0,7200000,24000000,4000000,2,5
30000000,1650000,31650000,35.0,12,1,12.0,38112000.0,3163829,0,33,0,12000000,0,28800000,27000000,5400000,2,3
20000000,1100000,21100000,45.0,24,1,12.0,16332000.0,1348689,1,35,0,15000000,0,12000000,25000000,5000000,2,5
30000000,1650000,31650000,47.0,24,0,11.0,22771915.0,2058150,0,26,0,6000000,0,7200000,28500000,3000000,1,3
24000000,1320000,25320000,37.0,36,1,12.0,14234616.0,1174218,1,43,0,20000000,0,24000000,40000000,8000000,2,2
20000000,1100000,21100000,33.5,24,0,1.0,1230107.0,1218107,1,33,0,10000000,0,18000000,20000000,3000000,2,3
35000000,1925000,36925000,35.0,30,1,12.0,22510300.0,1863650,0,45,0,5000000,0,9000000,20000000,5000000,2,3
20000000,1100000,21100000,44.5,20,0,9.0,13719972.0,1512743,1,35,0,10000000,0,6000000,15000000,4000000,2,3
30000000,1650000,31650000,50.0,24,1,12.0,25481792.0,2111396,0,37,0,7000000,0,12000000,19000000,5000000,2,5
25000000,0,25000000,13.5,12,1,12.0,27101800.0,2239000,1,22,0,9000000,0,1000000,20000000,3000000,2,7
25000000,1375000,26375000,59.99,24,1,12.0,23078000.0,1911265,0,51,0,10000000,0,12000000,20000000,4000000,2,5
20000000,1100000,21100000,47.0,18,1,6.0,25550000.0,1655490,1,22,0,5198000,0,12000000,20000000,5000000,4,3
30000000,1650000,31650000,35.0,30,0,11.0,17692000.0,1597414,0,22,0,10000000,0,24000000,25000000,6000000,2,3
40000000,2200000,42200000,47.0,35,1,1.0,46778000.0,2206140,1,37,0,8247000,0,9600000,18000000,4000000,2,7
15000000,825000,15825000,45.0,12,1,12.0,20031000.0,1661820,0,38,0,7000000,0,8400000,17000000,5000000,2,1
30000000,1650000,31650000,44.5,24,0,11.0,22340000.0,2014302,1,31,0,10000000,0,12000000,20000000,8000000,4,3
15000000,0,15000000,35.0,12,1,15.0,18032000.0,1499445,1,21,0,10000000,0,12000000,30000000,10000000,4,2
30000000,1650000,31650000,45.0,24,0,3.0,6105066.0,2023033,0,44,0,6000000,0,9600000,20000000,3000000,2,5
30000000,1650000,31650000,35.0,24,1,12.0,22369368.0,1852114,1,55,0,12000000,0,14400000,20000000,4000000,2,3
30000000,1650000,31650000,44.5,24,0,-1.0,-1.0,2014302,0,32,0,20000000,0,48000000,30000000,6000000,1,3
35000000,1925000,36925000,60.0,24,0,11.0,29567892.0,2675988,0,28,0,10000000,0,24000000,22000000,5000000,2,3
25000000,1375000,26375000,45.0,24,0,3.0,6800000.0,1685861,0,26,0,10000000,0,18000000,25000000,5000000,2,2
20000000,1100000,21100000,44.5,24,0,12.0,14821208.0,1342868,0,21,0,7000000,0,12000000,30000000,7000000,4,2
40000000,2200000,42200000,37.0,36,1,12.0,23616360.0,1957030,1,40,0,9000000,0,24000000,20000000,5000000,2,4
30000000,1650000,31650000,37.0,24,1,12.0,22772004.0,1885667,0,42,0,15000000,0,15600000,40000000,5200000,2,3
20000000,1100000,21100000,33.5,24,1,12.0,14772000.0,1218107,0,29,0,4000000,0,10800000,16000000,4000000,2,7
15000000,825000,15825000,59.99,24,1,3.0,18907000.0,1146759,1,28,0,10000000,0,24000000,40000000,5000000,2,3
10000000,550000,10550000,60.0,12,1,12.0,14285232.0,1190308,1,38,0,10000000,0,12000000,16000000,2500000,2,3
25000000,1375000,26375000,44.5,24,0,11.0,18597585.0,1678585,1,27,0,10000000,0,60000000,30000000,10000000,2,2
10000000,0,10000000,45.0,12,0,1.0,1050000.0,1050123,0,21,0,8000000,0,10200000,30000000,3500000,2,3
20000000,1100000,21100000,44.5,24,1,5.0,23653000.0,1342868,1,36,0,15000000,0,12000000,40000000,6000000,2,3
20000000,1100000,21100000,47.0,18,0,11.0,18340000.0,1655490,1,20,0,4700000,0,7200000,16000000,4000000,2,3
25000000,1375000,26375000,35.0,36,1,12.0,14461000.0,1193101,0,26,0,3577000,0,14400000,20000000,6000000,4,4
20000000,1100000,21100000,47.0,12,1,12.0,26999000.0,2237394,1,30,0,6965000,0,9600000,15000000,4000000,2,5
40000000,0,40000000,35.0,18,1,12.0,34800000.0,2887896,0,22,0,8431000,0,12000000,20000000,5000000,2,5
20000000,1100000,21100000,45.0,24,1,12.0,16320000.0,1348689,1,53,0,8000000,0,12000000,40000000,6000000,3,5
20000000,1100000,21100000,35.0,30,0,7.0,8612886.0,1064943,0,58,0,6000000,0,12000000,23000000,4000000,2,3
20000000,1100000,21100000,35.0,14,1,12.0,22440000.0,1857311,0,34,0,6000000,0,14400000,15000000,5000000,1,3
40000000,2200000,42200000,45.0,24,0,11.0,29805268.0,2697378,0,37,0,20000000,0,21600000,40000000,5000000,2,3
30000000,1650000,31650000,47.0,24,0,11.0,22774050.0,2058150,1,23,0,8736000,0,14400000,16000000,3000000,2,3
20000000,1100000,21100000,59.99,24,0,5.0,14084000.0,1529012,0,38,0,5500000,0,10800000,21000000,2900000,4,3
15000000,825000,15825000,59.99,15,1,12.0,18432000.0,1524531,0,27,0,6500000,0,12000000,15000000,4000000,2,1
30000000,1650000,31650000,44.5,12,0,5.0,16637760.0,3315552,1,29,0,12000000,0,30000000,20000000,4800000,2,4
18000000,990000,18990000,47.0,18,0,11.0,16522000.0,1489941,0,20,0,4494000,0,6000000,15000000,6000000,2,3
30000000,1650000,31650000,33.5,30,0,11.0,17430000.0,1571579,0,57,0,10000000,0,24000000,26000000,12000000,2,7
20000000,1100000,21100000,35.0,24,1,10.0,14963000.0,1234743,0,35,0,13000000,0,12000000,13000000,2000000,1,7
20000000,1100000,21100000,45.0,18,0,10.0,16340000.0,1633069,1,52,0,4500000,0,7200000,30000000,5000000,2,1
10000000,550000,10550000,33.5,12,1,12.0,12707000.0,1046737,0,49,0,4000000,0,24000000,19000000,4000000,0,7
20000000,1100000,21100000,37.0,24,1,12.0,15228000.0,1257111,0,35,0,9000000,0,8400000,17000000,3500000,2,5
20000000,1100000,21100000,44.5,24,1,12.0,16259944.0,1342868,0,40,0,6000000,0,18000000,16000000,3000000,2,5
25000000,1375000,26375000,59.99,24,1,12.0,23082264.0,1911265,1,55,0,10000000,0,18000000,24000000,6000000,2,3
10000000,550000,10550000,60.0,18,0,11.0,10060000.0,902513,1,29,0,8000000,0,18000000,14000000,4000000,2,3
20000000,1100000,21100000,44.5,18,0,11.0,18039000.0,1627488,1,28,0,7000000,0,9600000,11000000,5000000,2,3
30000000,1650000,31650000,37.0,20,1,12.0,25858000.0,2143801,0,21,0,6542000,0,10800000,40000000,9000000,4,3
15000000,825000,15825000,35.0,18,1,12.0,13860000.0,1142524,0,30,0,3825000,0,7200000,10000000,2000000,2,5
40000000,2200000,42200000,33.5,30,1,12.0,25295439.0,2095439,1,48,0,24000000,0,12000000,55000000,5000000,2,3
24000000,1320000,25320000,47.0,24,1,12.0,19913000.0,1646520,1,49,0,20000000,0,24000000,25000000,5000000,2,7
20000000,1100000,21100000,47.0,20,0,2.0,3106000.0,1541140,1,29,0,6000000,0,9600000,11000000,3500000,2,1
20000000,1100000,21100000,44.5,24,0,10.0,13843000.0,1342868,0,40,0,8000000,0,18000000,15000000,5000000,2,3
10000000,550000,10550000,33.5,18,0,10.0,7647260.0,753630,0,53,0,3000000,0,9600000,25000000,5000000,2,5
25000000,1375000,26375000,59.99,24,0,-1.0,-1.0,1911265,1,33,0,6300000,0,9600000,12000000,2900000,2,1
20000000,1100000,21100000,35.0,24,0,10.0,12408000.0,1234743,0,40,0,10000000,0,12000000,30000000,4000000,2,2
20000000,1100000,21100000,33.5,24,1,12.0,14750000.0,1218107,0,30,0,7000000,0,16800000,14000000,3000000,2,5
20000000,1100000,21100000,45.0,24,0,7.0,9526000.0,1348689,0,42,0,12000000,0,24000000,12000000,2000000,0,3
30000000,1650000,31650000,33.5,24,1,12.0,22080000.0,1827160,0,40,0,15000000,0,24000000,40000000,5000000,2,5
30000000,0,30000000,35.0,30,0,9.0,15461000.0,1514137,1,54,0,10000000,0,24000000,26000000,6500000,2,3
20000000,1100000,21100000,35.0,18,1,12.0,18424380.0,1523365,0,35,0,8000000,0,18000000,20000000,5000000,2,5
25000000,1375000,26375000,35.0,24,1,12.0,18664145.0,1543429,0,51,0,6000000,0,24000000,30000000,10000000,2,3
30000000,1650000,31650000,35.0,30,1,12.0,19301554.0,1597414,1,27,0,15000000,0,12000000,30000000,4000000,4,3
20000000,1100000,21100000,50.0,24,1,12.0,17028000.0,1407597,0,21,0,9000000,0,12000000,30000000,7000000,4,3
30000000,1650000,31650000,35.0,24,1,13.0,22369314.0,1852114,1,25,0,6500000,0,7200000,6500000,600000,4,4
40000000,2200000,42200000,37.0,24,1,12.0,30303000.0,2514223,0,36,0,25000000,0,18000000,50000000,4000000,2,2
20000000,1100000,21100000,45.0,18,1,12.0,19747000.0,1633069,0,45,0,8000000,0,8400000,30000000,5000000,2,3
11000000,605000,11605000,60.0,12,1,12.0,15857678.0,1309339,1,49,0,8000000,0,3600000,25000000,2000000,2,1
20000000,1100000,21100000,45.0,24,0,11.0,14957000.0,1348689,1,29,0,6000000,0,8400000,18000000,3000000,2,3
10000000,550000,10550000,37.0,12,1,10.0,12958000.0,1065154,0,20,0,3600000,0,7200000,10000000,2000000,2,5
30000000,1650000,31650000,44.5,24,1,11.0,24316020.0,2014302,0,28,0,10000000,0,12000000,22000000,5000000,2,7
20000000,1100000,21100000,35.0,24,1,12.0,14914972.0,1234743,1,44,0,6000000,0,12000000,20000000,4000000,2,5
20000000,1100000,21100000,33.5,15,1,12.0,21035844.0,1740948,1,44,0,10000000,0,18000000,20000000,8000000,2,2
20000000,1100000,21100000,47.0,18,1,12.0,20016000.0,1655490,1,44,0,6000000,0,24000000,21000000,5000000,2,5
15000000,0,15000000,45.0,18,0,-1.0,-1.0,1160949,1,21,0,9000000,0,12000000,20000000,7000000,4,3
45000000,2475000,47475000,37.0,36,0,11.0,24362000.0,2201658,0,42,0,10000000,0,24000000,60000000,9000000,2,3
20000000,1100000,21100000,45.0,18,0,10.0,16503000.0,1633069,0,47,0,5000000,0,18000000,15000000,3500000,2,3
20000000,1100000,21100000,47.0,15,0,2.0,3798000.0,1886716,0,39,0,7000000,0,12600000,11000000,2000000,1,5
20000000,1100000,21100000,31.5,24,1,12.0,14508000.0,1196113,0,26,0,5000000,0,21600000,15000000,1800000,4,4
20000000,1100000,21100000,47.0,24,0,11.0,15335000.0,1372100,1,31,0,4061000,0,12000000,20000000,3500000,2,2
10000000,550000,10550000,60.0,12,1,13.0,14555308.0,1190308,1,50,0,5000000,0,12000000,20000000,5000000,1,3
25000000,1375000,26375000,45.0,24,0,9.0,15283000.0,1685861,0,39,0,6682000,0,7200000,14000000,4000000,2,5
25000000,0,25000000,59.99,24,1,12.0,21886000.0,1811626,0,39,0,20000000,0,36000000,40000000,5000000,2,5
20000000,1100000,21100000,47.0,12,0,11.0,24731364.0,2237394,1,43,0,10000000,0,24000000,24000000,10000000,2,1
40000000,2200000,42200000,35.0,30,0,11.0,23561430.0,2129886,1,54,0,15000000,0,24000000,25000000,4000000,2,3
30000000,1650000,31650000,35.0,18,1,12.0,27568096.0,2285048,0,48,0,10000000,0,7200000,30000000,2000000,2,5
40000000,2200000,42200000,33.5,24,1,12.0,29374000.0,2436213,0,47,0,20000000,0,36000000,40000000,10000000,2,5
40000000,2200000,42200000,37.0,36,1,12.0,23617030.0,1957030,0,33,0,10000000,0,9600000,30500000,3500000,2,3
20000000,1100000,21100000,50.0,18,1,13.0,20414000.0,1689416,0,47,0,6000000,0,6000000,25000000,4000000,2,1
25000000,1375000,26375000,45.0,24,0,10.0,16985861.0,1685861,1,29,0,8000000,0,12000000,20000000,3700000,2,7
20000000,1100000,21100000,47.0,24,1,12.0,16610100.0,1372100,0,37,0,7000000,0,9600000,18000000,3500000,2,3
25000000,1375000,26375000,44.5,24,1,12.0,20296000.0,1678585,0,22,0,10000000,0,12000000,25000000,8000000,2,7
40000000,2200000,42200000,35.0,36,1,12.0,23172000.0,1908961,1,32,0,6329000,0,12000000,14000000,3000000,2,5
25000000,1375000,26375000,47.0,24,1,12.0,20729000.0,1715125,0,42,0,8000000,0,18000000,17000000,6000000,2,3
15000000,0,15000000,45.0,12,0,11.0,17460000.0,1575185,0,28,0,5000000,0,6000000,20000000,12000000,2,3
20000000,1100000,21100000,47.0,35,1,13.0,13380000.0,1103070,0,39,0,6558000,0,10800000,30000000,3000000,2,4
20000000,1100000,21100000,44.5,24,1,12.0,16260000.0,1342868,1,37,0,9000000,0,16800000,17000000,2600000,2,5
10000000,550000,10550000,35.0,12,0,11.0,11731880.0,1054610,0,45,0,6000000,0,9600000,17000000,4000000,2,5
15000000,825000,15825000,44.5,18,1,12.0,14779392.0,1220616,0,45,0,8000000,0,12000000,15000000,3000000,2,5
35000000,1925000,36925000,35.0,24,0,9.0,23900800.0,2160800,1,48,0,12000000,0,12000000,35000000,5000000,2,7
20000000,1100000,21100000,45.0,24,1,10.0,28947000.0,1348689,1,29,0,7000000,0,18000000,31000000,3500000,2,2
10000000,550000,10550000,33.5,30,0,11.0,5764000.0,523860,0,26,0,3100000,0,12000000,9000000,2000000,2,3
20000000,1100000,21100000,45.0,24,0,11.0,14955579.0,1348689,0,27,0,5000000,0,6000000,19000000,3000000,2,2
30000000,1650000,31650000,45.0,24,0,12.0,24435297.0,2023033,1,49,0,10000000,0,12000000,30000000,5000000,2,5
25000000,1375000,26375000,44.5,24,0,10.0,16907000.0,1678585,0,30,0,9000000,0,12000000,17000000,4000000,1,3
15000000,825000,15825000,45.0,12,1,12.0,19828460.0,1661820,0,56,0,7000000,0,9600000,25000000,3000000,0,5
30000000,1650000,31650000,44.5,24,1,12.0,24304000.0,2014302,1,44,0,10000000,0,12000000,20000000,5000000,2,3
40000000,2200000,42200000,44.5,24,0,-1.0,-1.0,2685736,0,27,0,12000000,0,14400000,30000000,5000000,2,3
20000000,1100000,21100000,47.0,24,1,12.0,16610000.0,1372100,0,25,0,5100000,0,6000000,12000000,4000000,1,5
10000000,550000,10550000,59.99,12,0,10.0,9921000.0,1190252,0,27,0,4000000,0,6000000,10000000,2000000,2,5
40000000,2200000,42200000,37.0,36,1,12.0,23631000.0,1957030,1,25,0,7059000,0,24000000,18000000,6000000,2,4
40000000,2200000,42200000,42.5,24,1,12.0,31806260.0,2639426,1,47,0,15000000,0,18000000,30000000,4000000,2,3
20000000,1100000,21100000,35.0,24,1,13.0,16211000.0,1234743,1,32,0,6000000,0,18000000,25000000,5000000,2,5
25000000,1375000,26375000,47.0,18,1,12.0,24976000.0,2069362,1,37,0,10000000,0,10800000,20000000,4000000,4,7
40000000,2200000,42200000,37.0,36,1,12.0,23630270.0,1957030,1,55,0,9000000,0,9600000,20000000,5000000,2,3
25000000,1375000,26375000,47.0,24,1,12.0,20232000.0,1715125,0,42,0,5396000,0,12000000,11000000,2500000,2,5
25000000,1375000,26375000,44.5,24,1,14.0,21965680.0,1678585,1,31,0,16000000,0,12000000,40000000,4000000,4,3
30000000,1650000,31650000,45.0,24,0,5.0,21120000.0,2023033,1,52,0,12000000,0,24000000,26000000,4500000,2,3
30000000,1650000,31650000,35.0,30,1,10.0,19293312.0,1597414,0,28,0,9000000,0,9600000,20000000,4500000,2,4
10000000,550000,10550000,44.5,12,1,17.0,13243509.0,1105184,1,20,0,5000000,0,6000000,20000000,4000000,4,3
30000000,1650000,31650000,35.0,30,0,2.0,3220000.0,1597414,0,38,0,20000000,0,24000000,45000000,6000000,2,2
50000000,2750000,52750000,33.5,24,0,9.0,27850000.0,3045267,1,24,0,30000000,0,60000000,50000000,10000000,2,3
30000000,1650000,31650000,45.0,24,0,11.0,22385000.0,2023033,0,42,0,10000000,0,9600000,40000000,5000000,2,5
20000000,1100000,21100000,59.99,18,1,12.0,21810000.0,1804908,1,35,0,6000000,0,7200000,15000000,3000000,2,4
20000000,1100000,21100000,35.0,15,1,12.0,21264000.0,1756838,1,24,0,10000000,0,8400000,10000000,1500000,4,5
20000000,1100000,21100000,33.5,24,1,12.0,14761000.0,1218107,0,33,0,8000000,0,9600000,20000000,4000000,2,1
25000000,1375000,26375000,37.0,24,1,12.0,18992000.0,1571389,1,49,0,9000000,0,18000000,20000000,6000000,2,1
25000000,1375000,26375000,45.0,36,1,13.0,38362000.0,1346987,1,30,0,7000000,0,9600000,20000000,3000000,2,0
40000000,0,40000000,35.0,30,1,12.0,24371849.0,2018849,1,40,0,15000000,0,36000000,25000000,6000000,2,5
10000000,550000,10550000,59.99,12,0,4.0,6000000.0,1190252,1,37,0,7000000,0,6000000,7000000,2000000,4,5
50000000,2750000,52750000,35.0,24,1,12.0,37200000.0,3086857,1,54,0,13000000,0,18000000,33000000,3500000,2,5
10000000,550000,10550000,44.5,12,1,14.0,13218000.0,1105184,1,36,0,5000000,0,10800000,10000000,5000000,2,7
25000000,1375000,26375000,47.0,24,0,11.0,18998000.0,1715125,0,34,0,5188000,0,9600000,20000000,3000000,2,3
20000000,1100000,21100000,45.0,24,1,12.0,16329134.0,1348689,0,24,0,10000000,0,12000000,19000000,3000000,2,4
40000000,2200000,42200000,44.5,24,0,-1.0,-1.0,2685736,1,34,0,25000000,0,42000000,40000000,9000000,2,3
15000000,825000,15825000,33.5,30,0,11.0,8775690.0,785790,1,41,0,4000000,0,8400000,11000000,3000000,2,5
15000000,825000,15825000,60.0,24,0,10.0,11589000.0,1146852,0,52,0,8000000,0,6000000,18000000,6000000,2,5
20000000,1100000,21100000,35.0,30,1,13.0,14001000.0,1064943,0,22,0,5500000,0,9600000,18000000,3000000,4,7
35000000,1925000,36925000,47.0,36,1,12.0,23351000.0,1930372,1,33,0,8000000,0,18000000,15000000,5000000,2,3
20000000,1100000,21100000,33.5,24,1,11.0,14761214.0,1218107,1,41,0,9000000,0,18000000,15000000,4500000,2,3
30000000,1650000,31650000,47.0,24,1,12.0,24863000.0,2058150,0,30,0,9000000,0,7200000,15000000,3500000,2,5
20000000,1100000,21100000,44.5,12,0,9.0,20000000.0,2210368,0,24,0,12000000,0,12000000,20000000,3000000,2,3
20000000,1100000,21100000,35.0,24,0,9.0,11221000.0,1234743,1,54,0,9000000,0,8400000,20000000,3000000,2,5
10000000,550000,10550000,33.5,30,0,11.0,5894000.0,523860,1,35,0,15000000,0,12000000,20000000,2000000,4,3
15000000,825000,15825000,35.0,12,1,12.0,18882398.0,1581914,0,37,0,5000000,0,24000000,10000000,5000000,2,1
25000000,1375000,26375000,59.99,24,1,12.0,23088000.0,1911265,0,48,0,15000000,0,6000000,30000000,2500000,2,5
20000000,1100000,21100000,45.0,24,1,10.0,28743000.0,1348689,0,22,0,9000000,0,12000000,23000000,6000000,2,3
25000000,1375000,26375000,59.99,24,0,9.0,17316000.0,1911265,0,46,0,8000000,0,12000000,50000000,10000000,2,5
20000000,1100000,21100000,33.5,24,1,12.0,14760000.0,1218107,1,48,0,4500000,0,14400000,22000000,2850000,2,3
6000000,300000,6300000,55.0,12,1,12.0,8472000.0,695000,0,29,0,10000000,0,2000000,25000000,5000000,4,2
5990000,299500,6289500,35.0,9,1,9.0,7350000.0,805000,1,48,0,8000000,0,1500000,15000000,2500000,0,3
3594000,237204,3831204,0.01,4,1,4.0,3880000.0,958000,1,29,0,6000000,0,1500000,20000000,5500000,4,7
3190000,159500,3349500,65.0,6,1,5.0,4074000.0,669000,1,30,0,6000000,0,800000,18000000,3690000,2,5
2690000,134500,2824500,65.0,6,1,6.0,3456000.0,564000,1,45,2,10000000,0,2000000,30000000,8000000,2,5
3290000,164500,3454500,65.0,12,1,13.0,5387000.0,399000,1,42,0,4000000,0,1000000,15000000,4000000,2,3
8099000,534534,8633534,0.01,6,1,6.0,8706000.0,1439000,0,25,0,6000000,0,900000,15000000,5000000,4,3
9800000,0,9800000,45.0,10,1,10.0,12060000.0,1194000,0,35,0,3000000,0,300000,18000000,3000000,2,5
9351000,617166,9968166,0.01,6,1,4.0,10266000.0,1662000,1,41,0,20000000,0,1000000,30000000,3000000,0,3
4990000,249500,5239500,45.0,6,0,6.0,5071000.0,992000,1,21,0,6000000,0,1000000,18000000,8000000,4,2
4490000,0,4490000,35.0,9,1,9.0,5283000.0,575000,0,26,0,8000000,0,1000000,25000000,3500000,4,2
20124000,1006200,21130200,68.0,15,0,3.0,6423000.0,2129000,1,30,2,9000000,0,1000000,16000000,3500000,2,1
4780000,239000,5019000,35.0,9,1,8.0,5895000.0,643000,1,26,0,8000000,0,800000,40000000,4000000,2,3
21900000,1204500,23104500,45.0,24,0,10.0,16379000.0,1477000,0,47,0,5000000,0,1000000,15000000,3000000,1,5
5112000,337392,5449392,0.01,6,1,6.0,5526000.0,909000,0,22,0,10000000,0,900000,10000000,900000,4,2
4000000,200000,4200000,65.0,6,1,7.0,6011105.0,839000,1,31,2,9000000,0,1000000,16000000,4000000,2,3
7990000,0,7990000,0.01,9,1,9.0,8100000.0,888000,1,24,0,7000000,0,1000000,14000000,4000000,0,2
14300000,786500,15086500,45.0,12,1,12.0,19164000.0,1585000,1,41,2,10000000,0,2000000,20000000,5000000,0,5
6890000,344500,7234500,35.0,9,0,4.0,5628000.0,926000,1,18,0,7000000,0,1500000,20000000,5000000,4,2
20900000,1045000,21945000,35.0,12,1,12.0,26472000.0,2194000,0,28,0,15000000,0,1000000,20000000,3000000,2,3
6290000,314500,6604500,35.0,9,0,3.0,2583000.0,845000,1,22,0,6000000,0,1000000,20000000,3000000,2,5
8500000,467500,8967500,45.0,6,1,6.0,10256000.0,1697000,0,58,0,6000000,0,500000,25000000,2500000,2,2
4893000,322938,5215938,0.01,6,1,6.0,5292000.0,870000,1,22,0,8000000,0,1000000,18000000,4000000,4,5
5243000,346038,5589038,0.01,6,1,6.0,5664000.0,932000,1,31,0,10000000,0,900000,20000000,4000000,4,3
3490000,174500,3664500,35.0,9,1,9.0,4329000.0,469000,1,23,0,9000000,0,1000000,20000000,3000000,4,2
4392000,289872,4681872,0.01,6,1,5.0,4793000.0,781000,1,26,0,9000000,0,3000000,9000000,3000000,4,3
6993000,461538,7454538,0.01,6,1,6.0,7518000.0,1243000,1,20,0,8000000,0,1000000,24000000,5000000,4,3
28700000,1435000,30135000,68.0,18,0,2.0,5452000.0,2714000,0,50,0,8000000,0,1000000,16000000,3000000,0,5
2390000,119500,2509500,45.0,6,1,6.0,2922000.0,475000,0,30,0,6000000,0,1000000,15000000,5000000,2,2
3790000,189500,3979500,45.0,6,1,6.0,4590000.0,753000,1,52,0,7000000,0,1000000,28000000,5000000,2,1
5992000,395472,6387472,0.01,6,1,6.0,6462000.0,1065000,1,34,1,10000000,0,1000000,20000000,4000000,2,5
9990000,659340,10649340,0.01,6,1,6.0,10722000.0,1775000,0,41,0,6000000,0,1500000,22000000,6000000,2,5
1500000,75000,1575000,85.0,5,1,4.0,1990000.0,385000,0,29,2,10000000,0,800000,18000000,2400000,2,5
6290000,314500,6604500,45.0,6,1,6.0,7572000.0,1250000,1,47,0,7000000,0,1000000,30000000,3000000,2,5
10000000,550000,10550000,45.0,12,0,8.0,12320000.0,1107880,0,21,0,6000000,0,12000000,13000000,3000000,2,7
10000000,550000,10550000,35.0,12,1,13.0,12801000.0,1054610,1,44,0,10000000,0,12000000,20000000,3000000,2,5
30000000,1650000,31650000,44.5,24,0,-1.0,-1.0,2014302,1,44,0,17000000,0,12000000,27000000,4000000,2,7
10000000,550000,10550000,59.99,12,1,13.0,14667000.0,1190252,1,29,0,11000000,0,24000000,30000000,9000000,4,7
20000000,1100000,21100000,60.0,24,0,11.0,16897000.0,1529136,0,33,0,8000000,0,12000000,30000000,4000000,2,3
15000000,825000,15825000,35.0,24,0,9.0,10304000.0,926057,0,35,0,10000000,0,9600000,25000000,4000000,2,4
15000000,825000,15825000,35.0,24,1,13.0,12206057.0,926057,0,54,0,4000000,0,12000000,35000000,4000000,2,5
2632000,173712,2805712,0.01,4,1,4.0,2856000.0,702000,1,41,0,6000000,0,1000000,15000000,4000000,2,5
4893000,322938,5215938,0.01,6,1,6.0,5292000.0,870000,1,22,0,5500000,0,900000,25000000,3000000,3,3
6200000,310000,6510000,65.0,10,1,12.0,8719975.0,861000,1,30,0,6000000,0,1000000,15000000,3000000,2,1
3032000,200112,3232112,0.01,4,1,3.0,3278000.0,809000,1,41,1,7000000,0,1000000,15000000,2000000,2,5
8541000,563706,9104706,0.01,6,1,6.0,9180000.0,1518000,0,28,0,5000000,0,2500000,5000000,2500000,4,0
15000000,750000,15750000,45.0,12,0,6.0,19238000.0,1654000,0,39,0,6000000,0,1200000,15000000,5000000,2,3
4314000,284724,4598724,0.01,6,1,6.0,4674000.0,767000,0,24,0,15000000,0,1000000,45000000,4000000,2,0
2000000,100000,2100000,65.0,6,1,6.0,2587000.0,420000,1,24,0,5000000,0,1000000,20000000,3000000,4,5
2793000,184338,2977338,0.01,4,1,4.0,3028000.0,745000,1,52,2,5000000,0,1000000,15000000,4000000,2,5
4893000,322938,5215938,0.01,6,1,6.0,5292000.0,870000,1,25,0,9000000,0,1500000,16000000,3000000,4,3
3000000,150000,3150000,45.0,12,1,12.0,4116000.0,331000,0,25,0,5000000,0,1000000,12000000,2000000,2,3
3591000,237006,3828006,0.01,6,1,6.0,3906000.0,639000,0,36,0,7000000,0,1500000,20000000,6000000,2,2
11961000,789426,12750426,0.01,6,1,6.0,12828000.0,2126000,0,56,0,20000000,0,2000000,30000000,6000000,1,4
3490000,174500,3664500,45.0,6,1,6.0,4254000.0,694000,1,29,0,7000000,0,1200000,17000000,3200000,4,3
3633000,0,3633000,0.01,6,1,5.0,3718000.0,606000,1,39,0,10000000,0,1000000,20000000,5000000,2,5
5040000,332640,5372640,0.01,6,0,7.0,2895000.0,896000,0,38,0,7000000,0,1000000,30000000,4000000,2,2
6230000,411180,6641180,0.01,6,1,6.0,6714000.0,1107000,1,44,3,6000000,0,1000000,30000000,4000000,2,5
4490000,224500,4714500,35.0,9,1,9.0,5544000.0,604000,0,24,0,5000000,0,800000,25000000,4000000,2,5
8720000,575520,9295520,0.01,6,1,6.0,9372000.0,1550000,0,46,0,15000000,0,2000000,25000000,9000000,2,1
3192000,159600,3351600,65.0,6,1,6.0,4080000.0,670000,0,20,0,7000000,0,1000000,25000000,8000000,0,3
5000000,250000,5250000,65.0,9,1,9.0,6885000.0,753000,1,23,1,6250000,0,600000,10500000,2400000,2,5
4893000,322938,5215938,0.01,6,1,4.0,5289000.0,870000,0,21,0,5000000,0,1000000,5000000,1000000,4,3
8000000,528000,8528000,0.01,6,1,7.0,8574000.0,1422000,0,44,4,6000000,0,600000,30000000,4000000,2,3
7245000,362250,7607250,65.0,6,1,6.0,9186000.0,1519000,1,25,1,7000000,0,1000000,14000000,5000000,2,3
3990000,199500,4189500,65.0,6,1,6.0,5094000.0,837000,0,54,4,7000000,0,1000000,20000000,5000000,2,1
4690000,234500,4924500,45.0,6,1,6.0,5724000.0,932000,1,27,0,8000000,0,1200000,15000000,3800000,4,5
4221000,278586,4499586,17.7,10,1,10.0,4992120.0,488000,1,35,0,10000000,0,1200000,15000000,3500000,2,5
2000000,100000,2100000,65.0,9,1,10.0,3130000.0,301000,1,39,0,7000000,0,1000000,21000000,3000000,2,3
2630000,131500,2761500,65.0,9,1,9.0,3672000.0,396000,1,42,0,5000000,0,1000000,15000000,5000000,2,1
4893000,322938,5215938,0.01,6,1,6.0,5292000.0,870000,0,42,2,5000000,0,1000000,15000000,5000000,2,1
16640000,0,16640000,0.01,6,1,6.0,16716000.0,2774000,0,39,3,8000000,0,1000000,18000000,4000000,2,3
2443000,161238,2604238,0.01,6,1,6.0,2677000.0,435000,1,33,0,7000000,0,800000,14000000,2000000,2,2
2000000,100000,2100000,45.0,6,1,6.0,2448000.0,398000,1,26,2,4000000,0,1000000,16000000,6000000,2,3
5112000,337392,5449392,0.01,6,1,4.0,5522000.0,909000,1,32,0,6000000,0,1000000,20000000,2000000,2,3
5391000,355806,5746806,0.01,6,1,6.0,5819000.0,958000,0,24,1,5000000,0,800000,12000000,2500000,2,3
4893000,322938,5215938,0.01,6,1,6.0,5280000.0,870000,1,40,1,9000000,0,1000000,27000000,3000000,2,5
2000000,100000,2100000,65.0,6,1,6.0,2592000.0,420000,1,39,0,10000000,0,2000000,20000000,6000000,0,3
5990000,299500,6289500,85.0,9,1,9.0,8827000.0,969000,0,21,1,5000000,0,600000,12000000,3000000,2,5
4160000,274560,4434560,0.01,6,1,6.0,4512000.0,740000,1,24,0,7000000,0,800000,20000000,3500000,0,3
10500000,577500,11077500,45.0,12,1,11.0,14123000.0,1164000,0,34,0,8000000,0,1000000,16000000,5000000,2,3
6090000,304500,6394500,35.0,9,1,9.0,7458000.0,819000,1,45,0,12000000,0,2000000,25000000,4000000,2,2
4000000,0,4000000,35.0,9,1,9.0,4716000.0,512000,1,25,0,7000000,0,1500000,21000000,4500000,2,3
5590000,279500,5869500,65.0,6,1,6.0,7131000.0,1172000,1,31,2,8000000,0,1000000,15000000,4000000,2,5
4893000,322938,5215938,0.01,6,1,6.0,5292000.0,870000,0,23,0,7000000,0,1500000,7000000,1500000,4,5
6790000,339500,7129500,65.0,6,1,7.0,8612000.0,1424000,1,31,0,8000000,0,1300000,13000000,3800000,3,7
6291000,0,6291000,19.6,10,1,10.0,6989860.0,687000,0,37,0,10000000,0,1500000,30000000,8000000,2,2
9700000,485000,10185000,68.0,9,1,9.0,13392000.0,1476000,0,35,0,15000000,0,1500000,25000000,8000000,2,3
34500000,1725000,36225000,45.0,15,1,13.0,41768000.0,3202000,0,34,1,8500000,0,1000000,16000000,3000000,2,1
2690000,134500,2824500,65.0,12,0,-1.0,-1.0,327000,0,35,0,6000000,0,1000000,20000000,5000000,0,1
2000000,100000,2100000,65.0,6,1,6.0,2634723.0,420000,0,38,0,6000000,0,1000000,12000000,2000000,2,5
5000000,330000,5330000,0.01,6,1,6.0,5406000.0,889000,1,22,0,4500000,0,1000000,15000000,4000000,4,5
10000000,660000,10660000,0.01,6,1,6.0,10733000.0,1777000,0,39,0,7000000,0,1000000,15000000,3000000,2,5
36000000,0,36000000,45.0,12,0,9.0,37930000.0,3781000,0,40,0,12000000,0,1000000,12000000,1000000,0,2
12790000,639500,13429500,45.0,6,1,6.0,15338000.0,2542000,0,47,0,6000000,0,1000000,20000000,3500000,3,3
4893000,322938,5215938,0.01,6,1,6.0,5292000.0,870000,0,34,2,13000000,0,2000000,25000000,5000000,2,5
3400000,170000,3570000,35.0,9,1,9.0,4289000.0,457000,0,39,0,10000000,0,1000000,20000000,5000000,2,0
6990000,349500,7339500,45.0,6,1,6.0,8406000.0,1389000,0,22,0,6000000,0,1500000,22000000,5000000,4,3
6291000,415206,6706206,19.6,10,1,10.0,7431000.0,733000,1,34,0,6000000,0,1000000,12000000,4000000,2,3
8090000,404500,8494500,35.0,9,1,9.0,9891000.0,1087000,1,22,0,5000000,0,1600000,20000000,8000000,4,3
3590000,236940,3826940,0.01,6,1,6.0,3890000.0,638000,1,53,3,6000000,0,3500000,22000000,14000000,2,3
6291000,415206,6706206,19.6,10,1,10.0,7450000.0,733000,1,37,0,9000000,0,2000000,20000000,4000000,4,5
4893000,322938,5215938,0.01,6,1,6.0,5292000.0,870000,0,34,2,6000000,0,1000000,15000000,3000000,2,3
4221000,278586,4499586,17.7,10,1,7.0,4952000.0,488000,0,27,0,6000000,0,1000000,20000000,4000000,2,3
2960000,162800,3122800,41.5,6,1,6.0,3588000.0,586000,1,25,0,6000000,0,1000000,25000000,7000000,4,3
5490000,274500,5764500,85.0,6,1,6.0,7350000.0,1213000,1,34,0,8000000,0,1000000,25000000,5000000,4,5
5592000,369072,5961072,0.01,6,1,6.0,6036000.0,994000,1,20,0,7000000,0,1000000,15000000,2000000,2,5
3290000,164500,3454500,45.0,9,1,9.0,4241000.0,460000,1,33,0,6000000,0,600000,16000000,1200000,4,5
6750000,445500,7195500,0.01,6,1,6.0,7272000.0,1200000,1,56,1,7000000,0,1000000,20000000,3500000,2,1
4543000,299838,4842838,0.01,6,1,6.0,4920000.0,808000,0,24,2,5000000,0,500000,14000000,4000000,2,2
2152000,107600,2259600,65.0,6,1,6.0,2779000.0,452000,1,33,2,8000000,0,1000000,22000000,4000000,2,3
5490000,274500,5764500,65.0,12,1,12.0,8132000.0,666000,0,21,0,3500000,0,800000,18000000,5000000,4,3
4400000,220000,4620000,65.0,6,1,6.0,5610000.0,923000,1,46,3,10000000,0,1200000,15000000,7000000,2,3
3990000,199500,4189500,45.0,6,1,6.0,4830000.0,793000,1,35,0,8000000,0,1000000,30000000,4000000,3,2
6000000,300000,6300000,60.0,6,1,6.0,7597000.0,1242000,1,26,0,9000000,0,1000000,16000000,4000000,4,2
4745000,313170,5058170,0.01,6,1,6.0,5124000.0,844000,1,25,0,11500000,0,1500000,35000000,6000000,4,2
12000000,600000,12600000,68.0,6,1,6.0,15348000.0,2536000,0,20,0,9000000,0,600000,23000000,1500000,4,5
2392000,119600,2511600,65.0,9,0,5.0,2604000.0,360000,1,42,0,4000000,0,900000,13000000,1500000,4,1
3160000,158000,3318000,45.0,6,1,6.0,3840000.0,628000,1,24,0,9000000,0,1500000,40000000,6000000,4,5
9443000,623238,10066238,0.01,6,1,6.0,10140000.0,1678000,0,33,1,10000000,0,1100000,20000000,3300000,2,2
5490000,274500,5764500,65.0,10,1,11.0,7833429.0,762000,0,20,0,6500000,0,1000000,30000000,4000000,4,3
3280000,164000,3444000,45.0,6,1,6.0,3988000.0,652000,1,33,2,10000000,0,1400000,16000000,4400000,0,3
8490000,424500,8914500,35.0,12,0,11.0,9775000.0,892000,1,22,0,8500000,0,500000,20000000,4000000,4,2
7900000,521400,8421400,0.01,6,1,6.0,8500000.0,1404000,1,30,0,8000000,0,1000000,15000000,4000000,2,3
5390000,355740,5745740,0.01,4,1,4.0,5796000.0,1437000,1,32,2,10000000,0,1500000,20000000,4000000,2,5
5490000,274500,5764500,45.0,6,0,-1.0,-1.0,1091000,1,27,0,9000000,0,1000000,28000000,3500000,3,3
6990000,349500,7339500,35.0,9,0,3.0,2853000.0,939000,1,28,0,6000000,0,900000,18000000,2700000,4,3
2490000,124500,2614500,45.0,6,1,6.0,3042000.0,495000,0,24,2,6000000,0,800000,15000000,3000000,2,5
4893000,322938,5215938,0.01,6,1,6.0,5292000.0,870000,1,35,2,10000000,0,1000000,18000000,5000000,2,2
8290000,547140,8837140,0.01,6,1,6.0,8910000.0,1473000,0,31,0,4500000,0,1000000,18000000,5000000,2,5
4893000,322938,5215938,0.01,6,1,6.0,5292000.0,870000,0,27,0,5000000,0,1000000,20000000,4000000,1,2
5500000,275000,5775000,68.0,6,1,6.0,7050000.0,1163000,1,34,2,5000000,0,500000,9000000,2000000,2,2
28600000,1430000,30030000,45.0,18,1,12.0,28044000.0,2325000,1,49,0,6000000,0,1000000,17000000,4000000,2,5
8000000,440000,8440000,45.0,6,1,6.0,9657000.0,1597000,1,46,0,7000000,0,1200000,20000000,6000000,2,1
4799000,239950,5038950,35.0,12,1,12.0,6192000.0,504000,0,36,0,7000000,0,500000,20000000,2000000,2,3
2540000,127000,2667000,65.0,9,0,2.0,3089000.0,383000,0,50,0,5000000,0,1000000,12000000,3500000,2,5
19000000,0,19000000,45.0,10,1,10.0,23260000.0,2314000,0,49,3,7000000,0,300000,20000000,2000000,2,3
4893000,322938,5215938,0.01,6,1,6.0,5280000.0,870000,1,25,0,3000000,0,1000000,20000000,3000000,2,0
4893000,322938,5215938,0.01,6,1,4.0,5292000.0,870000,0,37,1,9000000,0,1000000,15000000,3000000,2,5
9900000,495000,10395000,60.0,6,1,6.0,12360000.0,2048000,0,30,2,15000000,0,1000000,23000000,4000000,2,3
4193000,276738,4469738,0.01,4,1,4.0,4520000.0,1118000,1,32,0,10000000,0,5000000,35000000,5000000,2,5
2400000,120000,2520000,65.0,6,1,5.0,3104000.0,504000,1,20,0,7000000,0,1500000,25000000,2500000,4,5
4893000,322938,5215938,0.01,6,1,6.0,5289000.0,870000,1,35,0,10000000,0,800000,20000000,3500000,0,2
15000000,825000,15825000,45.0,6,1,6.0,18157000.0,2995000,0,57,3,8000000,0,900000,35000000,6000000,2,3
11990000,0,11990000,35.0,9,1,9.0,14069000.0,1534000,0,22,0,8000000,0,1000000,20000000,3500000,4,2
4193000,276738,4469738,0.01,6,1,6.0,4542000.0,745000,0,21,0,4500000,0,800000,15000000,3000000,4,3
3000000,150000,3150000,35.0,9,1,9.0,3735000.0,403000,1,34,0,7500000,0,900000,7500000,900000,2,2
2290000,114500,2404500,65.0,6,1,6.0,2958000.0,481000,0,22,0,5000000,0,500000,20000000,2000000,4,3
9000000,594000,9594000,0.01,6,0,8.0,9160000.0,1600000,0,50,4,6000000,0,900000,20000000,9000000,2,5
2190000,109500,2299500,65.0,6,1,6.0,2852000.0,460000,1,47,0,6000000,0,1000000,20000000,2000000,2,3
4000000,200000,4200000,60.0,6,1,6.0,5040000.0,828000,1,27,0,7000000,0,1000000,30000000,3000000,2,2
5220000,344520,5564520,0.01,6,1,6.0,5640000.0,928000,1,27,0,6900000,0,500000,50000000,3000000,2,3
7000000,350000,7350000,80.0,12,0,1.0,8346000.0,910000,1,21,0,5000000,0,700000,5000000,700000,4,5
4893000,322938,5215938,0.01,6,1,6.0,5290000.0,870000,1,31,0,7000000,0,1000000,12000000,4000000,2,7
24500000,1225000,25725000,45.0,12,1,13.0,32658000.0,2702000,0,23,0,9000000,0,500000,17000000,3000000,2,2
5360000,353760,5713760,0.01,6,1,6.0,5786000.0,953000,1,29,2,7000000,0,1000000,15000000,5000000,2,5
3000000,150000,3150000,65.0,6,1,6.0,3846000.0,629000,1,33,2,4000000,0,500000,15000000,4000000,0,3
18000000,990000,18990000,45.0,6,1,4.0,21723000.0,3594000,1,25,0,8000000,0,900000,17000000,2000000,4,3
4700000,235000,4935000,65.0,6,1,5.0,5988000.0,986000,0,23,0,5500000,0,500000,16000000,2000000,4,3
18000000,990000,18990000,45.0,12,0,11.0,22077000.0,1995000,0,27,0,8000000,0,1000000,20000000,5000000,2,3
2990000,197340,3187340,0.01,6,1,6.0,3264000.0,532000,0,32,0,7000000,0,1200000,19000000,3500000,2,5
2152000,107600,2259600,65.0,6,1,6.0,2784000.0,452000,0,29,0,8000000,0,1000000,20000000,4000000,2,3
4543000,299838,4842838,0.01,6,1,6.0,4915000.0,808000,0,32,0,6000000,0,800000,15000000,3000000,2,5
5290000,264500,5554500,35.0,12,0,7.0,3976000.0,556000,1,22,0,6000000,0,1000000,18000000,4000000,4,5
7560000,498960,8058960,0.01,6,1,6.0,8136000.0,1344000,1,40,0,6000000,0,700000,15000000,3000000,2,5
6490000,428340,6918340,20.29,6,1,6.0,7444000.0,1223000,0,33,0,10000000,0,1000000,18000000,5000000,1,3
3913000,258258,4171258,10.21,6,1,6.0,4374000.0,717000,0,27,0,7000000,0,900000,20000000,3000000,1,3
5390000,269500,5659500,85.0,9,1,9.0,7956000.0,872000,0,36,0,5000000,0,1500000,15000000,5000000,2,5
5382000,269100,5651100,85.0,6,1,6.0,7206000.0,1189000,1,55,1,8000000,0,1200000,17000000,3000000,2,1
3843000,253638,4096638,0.01,6,1,6.0,4169000.0,683000,1,40,0,5000000,0,700000,21000000,2800000,2,2
7432000,490512,7922512,0.01,6,1,6.0,7995000.0,1321000,0,25,0,8000000,0,3000000,25000000,6000000,2,2
8099000,534534,8633534,0.01,6,1,6.0,8706000.0,1439000,0,40,2,10000000,0,900000,20000000,4000000,2,2
3990000,263340,4253340,0.01,4,1,4.0,4304000.0,1064000,1,21,0,4000000,0,1000000,15000000,3500000,2,7
5593000,369138,5962138,0.01,6,1,6.0,6034000.0,994000,1,39,3,9000000,0,1000000,20000000,6000000,2,5
4193000,276738,4469738,0.01,4,1,4.0,4520000.0,1118000,1,36,0,8000000,0,1000000,8000000,1000000,2,5
2994000,197604,3191604,0.01,4,1,4.0,3240000.0,798000,1,24,0,5000000,0,800000,15000000,2000000,0,5
2982000,196812,3178812,0.01,6,1,6.0,3252000.0,530000,1,36,0,6000000,0,1500000,13000000,4000000,2,3
28900000,1445000,30345000,45.0,12,0,11.0,31984000.0,3187000,0,20,0,10000000,0,1500000,10000000,1500000,4,1
3790000,250140,4040140,20.29,6,1,6.0,4356000.0,714000,1,27,0,6500000,0,1000000,16000000,5000000,4,2
8090000,404500,8494500,45.0,9,1,9.0,10301000.0,1130000,1,26,0,8000000,0,800000,15000000,4000000,2,2
3843000,253638,4096638,0.01,6,0,3.0,2085000.0,683000,1,39,0,10000000,0,800000,18000000,4000000,2,5
5592000,369072,5961072,0.01,6,1,6.0,6036000.0,994000,1,25,0,10000000,0,1500000,25000000,6000000,2,2
5030000,251500,5281500,35.0,9,0,3.0,2052000.0,676000,1,29,0,6000000,0,1200000,18000000,4000000,2,5
4690000,234500,4924500,45.0,6,1,5.0,5663000.0,932000,1,55,0,7000000,0,1500000,18000000,5200000,2,3
17500000,875000,18375000,68.0,18,0,11.0,18325000.0,1655000,0,29,2,6000000,0,800000,12000000,3500000,2,3
2190000,109500,2299500,65.0,6,1,6.0,2832000.0,460000,1,40,0,8000000,0,800000,16000000,3500000,2,2
13490000,674500,14164500,35.0,12,0,7.0,10430000.0,1416000,0,21,0,12000000,0,1200000,28000000,6000000,4,2
4392000,219600,4611600,35.0,9,1,9.0,5406000.0,590000,1,30,1,8000000,0,1500000,16000000,4000000,2,5
9900000,653400,10553400,0.01,6,1,6.0,10626000.0,1759000,1,34,0,10000000,0,2000000,20000000,6000000,2,2
2000000,100000,2100000,45.0,6,1,6.0,2460000.0,398000,1,40,0,3000000,0,600000,3000000,600000,0,3
20000000,1000000,21000000,68.0,12,1,12.0,29664000.0,2460000,1,38,1,6500000,0,500000,14000000,2000000,2,1
4221000,278586,4499586,17.7,10,1,10.0,5000000.0,488000,0,37,0,5800000,0,800000,20000000,3500000,2,5
6490000,324500,6814500,65.0,9,0,4.0,3956000.0,977000,1,27,2,10000000,0,1600000,18000000,4600000,0,7
34400000,1720000,36120000,45.0,12,0,7.0,26642000.0,3794000,1,33,0,10000000,0,1000000,17000000,3000000,2,7
3000000,0,3000000,35.0,9,1,9.0,3564000.0,384000,0,57,0,5000000,0,900000,10000000,2000000,0,3
34200000,1710000,35910000,45.0,24,1,13.0,30004000.0,2296000,0,21,0,9000000,0,2000000,25000000,4500000,4,3
2990000,149500,3139500,65.0,6,0,2.0,3613000.0,627000,1,26,2,15000000,0,1500000,25000000,6000000,2,0
4941000,247050,5188050,45.0,6,1,6.0,6040000.0,982000,1,25,0,7000000,0,1500000,7000000,1500000,4,5
7400000,370000,7770000,65.0,6,1,6.0,9384000.0,1552000,1,22,0,10000000,0,1800000,21000000,3000000,4,3
5593000,369138,5962138,0.01,6,1,6.0,6036000.0,994000,1,28,0,5000000,0,1000000,5000000,1000000,4,7
14990000,0,14990000,0.01,9,1,9.0,15099000.0,1666000,0,25,1,7000000,0,1000000,30000000,6000000,3,3
35000000,0,35000000,45.0,12,1,12.0,44236000.0,3676000,0,32,2,10000000,0,2000000,20000000,7000000,2,3
3990000,199500,4189500,45.0,6,1,5.0,4828052.0,793000,1,37,0,6000000,2000000,1200000,25000000,6000000,2,3
10000000,660000,10660000,21.11,9,1,10.0,11776000.0,1292000,0,35,0,5000000,0,8000000,18000000,3000000,0,3
17000000,0,17000000,45.0,6,1,6.0,19615000.0,3217000,1,52,0,7500000,0,1000000,22000000,4000000,2,3
2290000,114500,2404500,65.0,6,1,6.0,2946000.0,481000,0,39,0,5000000,0,1000000,26000000,8000000,2,3
4040000,202000,4242000,35.0,9,0,4.0,2220000.0,543000,0,23,0,5000000,0,800000,20000000,4000000,4,2
4490000,224500,4714500,45.0,12,1,12.0,6071000.0,496000,1,31,0,8000000,0,2000000,16000000,4000000,4,5
2990000,149500,3139500,65.0,6,1,6.0,3877000.0,627000,0,34,0,6000000,0,1000000,25000000,4000000,2,5
9351000,0,9351000,0.01,6,1,7.0,9426000.0,1559000,0,24,1,7000000,0,1500000,13000000,4000000,2,0
2793000,184338,2977338,0.01,6,1,6.0,3054000.0,497000,1,42,0,6000000,0,1000000,6000000,2500000,1,2
5094000,336204,5430204,0.01,6,1,4.0,5503000.0,906000,1,22,0,7000000,0,1000000,20000000,5000000,2,3
13000000,715000,13715000,45.0,8,1,8.0,16232000.0,2017000,1,35,1,7000000,0,1000000,20000000,4000000,2,3
2000000,100000,2100000,45.0,6,1,6.0,2472000.0,398000,0,26,0,8000000,0,1200000,35000000,6500000,0,3
4893000,0,4893000,0.01,6,1,6.0,4966000.0,816000,0,37,1,7000000,0,1000000,15000000,3000000,2,3
3000000,150000,3150000,45.0,6,1,6.0,3642000.0,597000,1,32,2,6000000,0,2000000,9000000,3000000,2,5
4893000,322938,5215938,0.01,6,1,6.0,5292000.0,870000,0,29,3,7000000,0,1000000,15000000,5000000,2,3
14000000,770000,14770000,45.0,12,1,12.0,18768000.0,1552000,1,34,0,7000000,0,1000000,20000000,5000000,4,5
4000000,200000,4200000,35.0,9,1,9.0,4950000.0,538000,0,30,0,10000000,0,1100000,10000000,1100000,4,3
6990000,349500,7339500,45.0,12,1,12.0,9396000.0,771000,1,41,0,5000000,0,800000,5000000,800000,4,3
7270000,363500,7633500,35.0,12,1,12.0,9312000.0,764000,0,20,0,4500000,0,700000,21000000,4000000,4,3
5230000,261500,5491500,45.0,6,1,6.0,6312000.0,1040000,1,28,0,7000000,0,1000000,7000000,1000000,4,5
5590000,279500,5869500,65.0,12,0,12.0,6810000.0,678000,0,20,0,6000000,0,900000,6000000,900000,4,3
2990000,149500,3139500,65.0,12,1,12.0,4572000.0,363000,1,34,0,10000000,4000000,1000000,6000000,1000000,1,1
8690000,434500,9124500,65.0,9,1,9.0,11880000.0,1308000,0,21,0,8000000,0,1500000,30000000,5000000,4,3
3590000,179500,3769500,65.0,6,1,6.0,4578000.0,753000,0,36,0,10000000,0,1500000,22000000,6000000,2,3
4893000,322938,5215938,0.01,6,1,6.0,5292000.0,870000,0,30,3,6000000,0,1200000,18000000,6000000,2,3
6680000,440880,7120880,0.01,6,1,6.0,7194000.0,1187000,1,28,1,15000000,0,1000000,20000000,3000000,2,3
3913000,258258,4171258,0.01,6,1,6.0,4243380.0,696000,1,29,1,5825000,0,1000000,20000000,2500000,2,2
4495000,296670,4791670,0.01,9,1,9.0,4905000.0,533000,1,28,2,10000000,0,2000000,10000000,2000000,2,5
2400000,120000,2520000,45.0,6,1,6.0,2934000.0,477000,1,42,0,7000000,0,700000,20000000,3200000,2,3
4893000,322938,5215938,0.01,6,1,6.0,5288090.0,870000,1,26,0,9000000,0,1000000,14000000,3000000,4,7
7490000,374500,7864500,45.0,12,1,12.0,10044000.0,826000,0,23,0,4000000,0,1000000,18000000,8000000,4,2
5400000,270000,5670000,65.0,6,1,6.0,6860000.0,1133000,0,20,0,6500000,0,1000000,20000000,4200000,4,2
2690000,134500,2824500,65.0,12,0,10.0,3390000.0,327000,0,20,0,6500000,0,1100000,15000000,5000000,4,5
6291000,0,6291000,19.6,10,1,10.0,6994000.0,687000,1,28,2,8000000,0,500000,15000000,5000000,2,2
6950000,347500,7297500,35.0,9,0,7.0,6622000.0,934000,1,30,2,8000000,0,800000,40000000,5000000,1,3
7199000,359950,7558950,35.0,9,1,8.0,8811000.0,968000,1,23,0,7000000,0,1000000,50000000,5000000,4,3
25500000,1275000,26775000,35.0,12,1,12.0,32257000.0,2677000,0,30,2,9500000,0,800000,25000000,5500000,2,5
2694000,134700,2828700,45.0,6,1,6.0,3300000.0,536000,1,42,2,8000000,0,900000,14000000,4000000,2,3
6290000,314500,6604500,35.0,12,1,12.0,8064000.0,661000,0,24,1,5000000,0,900000,20000000,5000000,2,5
4893000,244650,5137650,35.0,12,1,12.0,6306000.0,514000,1,28,0,5000000,0,1500000,25000000,9000000,4,3
16000000,800000,16800000,68.0,12,1,9.0,23797000.0,1968000,0,28,1,10000000,0,500000,15000000,3000000,2,7
5490000,274500,5764500,45.0,6,0,5.0,5515000.0,1091000,0,24,0,6000000,0,1500000,25000000,6000000,1,3
15000000,750000,15750000,35.0,9,1,7.0,18373000.0,2015000,0,39,0,7400000,0,1000000,7400000,3000000,4,4
2700000,135000,2835000,65.0,12,0,11.0,3740000.0,328000,1,35,2,4000000,0,800000,8000000,3500000,2,1
4940000,247000,5187000,35.0,9,1,9.0,6080000.0,664000,1,27,0,6000000,0,900000,20000000,3000000,2,2
30000000,1500000,31500000,45.0,18,0,7.0,22026000.0,2438000,0,34,2,10000000,0,1000000,40000000,6000000,2,3
28500000,1425000,29925000,45.0,18,1,9.0,39321000.0,2317000,0,25,1,7500000,0,800000,18000000,3500000,2,3
4960000,327360,5287360,0.01,6,1,6.0,5364000.0,882000,0,36,0,7000000,0,1500000,25000000,5000000,2,3
4893000,322938,5215938,0.01,6,1,5.0,5292000.0,870000,0,36,0,7000000,0,1000000,15000000,3000000,0,3
8099100,534541,8633641,0.01,6,0,5.0,7255000.0,1439000,1,23,0,10000000,0,500000,10000000,500000,4,3
6414000,423324,6837324,0.01,6,1,6.0,6910000.0,1140000,1,21,0,6500000,0,1500000,20000000,5000000,4,3
32200000,1610000,33810000,45.0,12,1,12.0,42893000.0,3551000,0,43,0,7500000,0,900000,21000000,5500000,2,5
1320000,87120,1407120,65.0,3,1,3.0,1599000.0,521000,1,42,0,3000000,0,600000,9000000,2000000,2,5
4221000,278586,4499586,17.7,10,1,10.0,5000000.0,488000,0,25,1,6000000,0,800000,12000000,2800000,0,5
2241000,112050,2353050,65.0,6,1,6.0,2892000.0,470000,0,35,2,6000000,0,500000,20000000,3000000,0,5
4543000,299838,4842838,0.01,6,1,4.0,4920000.0,808000,1,21,0,6500000,0,900000,17000000,3000000,4,5
6083000,401478,6484478,0.01,6,1,6.0,6545000.0,1081000,0,25,0,8000000,0,1000000,17000000,3000000,2,2
2000000,100000,2100000,45.0,6,1,6.0,2471000.0,398000,1,31,2,7000000,0,900000,17000000,3000000,2,2
9490000,474500,9964500,35.0,9,1,9.0,11582000.0,1275000,0,52,1,10000000,0,800000,30000000,3000000,2,2
8099100,534541,8633641,0.01,6,1,6.0,8706000.0,1439000,0,25,0,7000000,0,1500000,14000000,5000000,2,2
6872000,453552,7325552,0.01,6,1,6.0,7386000.0,1221000,1,34,0,5000000,0,700000,20000000,1000000,1,5
8000000,400000,8400000,60.0,9,0,3.0,3594000.0,1182000,1,20,0,7000000,0,1400000,21000000,6000000,4,2
4490000,224500,4714500,45.0,9,1,9.0,5751000.0,627000,1,45,2,10000000,0,1000000,15000000,4000000,2,3
4740000,237000,4977000,55.0,12,1,12.0,6723000.0,549000,0,40,0,6000000,0,800000,20000000,9000000,2,5
5990000,299500,6289500,65.0,6,1,6.0,7608000.0,1256000,1,26,0,6000000,0,1500000,20000000,4500000,4,5
12990000,649500,13639500,35.0,12,1,10.0,16503000.0,1364000,0,21,0,10000000,0,1500000,30000000,5000000,2,2
3843000,253638,4096638,0.01,4,1,2.0,4148000.0,1025000,0,28,0,6000000,0,1000000,20000000,5000000,4,2
15500000,0,15500000,45.0,15,1,13.0,17966000.0,1370000,0,43,0,5000000,0,800000,10000000,4000000,2,2
2590000,129500,2719500,65.0,9,1,9.0,3618000.0,390000,1,51,0,8000000,0,2000000,20000000,5000000,2,5
3834000,253044,4087044,0.01,6,1,6.0,4164000.0,682000,1,45,3,20000000,0,3000000,40000000,10000000,2,5
3913000,258258,4171258,0.01,6,1,6.0,4248000.0,696000,1,32,0,9000000,0,900000,15000000,3000000,0,2
4193000,276738,4469738,0.01,4,1,4.0,4517831.0,1118000,1,34,2,10000000,0,1800000,17000000,4500000,2,3
2490000,124500,2614500,45.0,6,0,-1.0,-1.0,495000,1,27,0,7000000,0,1000000,13000000,4000000,0,3
4940000,247000,5187000,35.0,9,1,9.0,6084000.0,664000,0,43,0,5000000,0,800000,20000000,3000000,0,3
3800000,250800,4050800,0.01,3,1,3.0,4089000.0,1351000,1,47,0,9000000,0,500000,27000000,5000000,1,5
4040000,202000,4242000,35.0,9,1,9.0,5020000.0,543000,1,21,0,5800000,0,800000,20000000,3800000,4,3
2982000,196812,3178812,0.01,6,1,7.0,3252000.0,530000,1,38,0,8000000,0,1800000,15000000,5000000,2,2
7990000,399500,8389500,35.0,9,1,9.0,9767042.0,1074000,1,36,0,7000000,0,1200000,17000000,5000000,2,2
4683000,309078,4992078,0.01,6,1,6.0,5070000.0,833000,1,33,0,10000000,0,2000000,15000000,4000000,2,0
11920000,786720,12706720,0.01,6,1,6.0,12779000.0,2118000,0,48,0,7000000,0,700000,25000000,5000000,2,3
4543000,299838,4842838,0.01,6,1,6.0,4920000.0,808000,1,33,2,13000000,0,2000000,20000000,6000000,2,0
14391000,949806,15340806,0.01,6,1,6.0,15418000.0,2557000,0,20,0,13200000,0,1000000,30000000,5000000,4,3
5994000,395604,6389604,0.01,6,1,6.0,6462000.0,1065000,1,22,0,8000000,0,1000000,15000000,3000000,4,5
7990000,399500,8389500,45.0,6,1,6.0,9600000.0,1588000,0,41,0,12000000,0,1500000,25000000,4000000,2,5
3400000,224400,3624400,20.29,6,1,6.0,3925000.0,641000,1,42,0,7000000,0,800000,23000000,3000000,2,5
3000000,150000,3150000,45.0,6,1,6.0,3661730.0,597000,1,39,0,6000000,0,800000,12000000,3000000,2,2
4990000,329340,5319340,0.01,4,1,4.0,5368000.0,1330000,1,50,1,6000000,0,870000,25000000,4000000,2,5
4893000,0,4893000,0.01,6,1,6.0,4970000.0,816000,1,42,0,10000000,0,1000000,30000000,4500000,0,7
2940000,147000,3087000,65.0,6,1,6.0,3774000.0,617000,0,30,0,6000000,0,1000000,13000000,3000000,2,5
7990000,399500,8389500,35.0,9,1,9.0,9768000.0,1074000,1,32,0,7000000,0,1500000,25000000,3000000,4,5
9894000,494700,10388700,45.0,6,1,6.0,11868000.0,1966000,0,30,0,20000000,0,2300000,40000000,6500000,2,2
6952000,347600,7299600,65.0,12,1,15.0,10244457.0,844000,0,22,0,7000000,0,1400000,20000000,6000000,4,3
3290000,164500,3454500,65.0,9,1,8.0,4617000.0,496000,0,25,0,9000000,0,1000000,18000000,2000000,2,5
4893000,322938,5215938,0.01,6,1,6.0,5292000.0,870000,1,32,2,16000000,0,1300000,30000000,7000000,2,5
11600000,580000,12180000,68.0,12,1,12.0,17268000.0,1427000,1,41,0,7000000,0,1500000,25000000,5200000,2,5
5840000,385440,6225440,0.01,6,1,6.0,6300000.0,1038000,0,51,0,6500000,0,600000,18000000,3000000,2,2
10000000,500000,10500000,35.0,12,0,10.0,10620000.0,1050000,0,44,0,15000000,0,3000000,15000000,3000000,2,3
4193000,276738,4469738,0.01,4,1,4.0,4520000.0,1118000,0,30,0,6000000,0,1200000,17000000,5000000,2,3
4893000,322938,5215938,0.01,6,1,4.0,5290000.0,870000,1,28,1,7000000,0,1500000,14000000,4000000,2,3
4221000,278586,4499586,17.7,10,1,10.0,4880000.0,488000,0,38,0,4500000,0,1000000,15000000,5000000,0,3
2000000,100000,2100000,45.0,6,1,6.0,2461794.0,398000,1,36,2,7000000,0,1000000,19000000,6000000,2,3
4193000,276738,4469738,0.01,4,1,4.0,4520000.0,1118000,0,22,0,3000000,0,1000000,30000000,2000000,2,2
3200000,160000,3360000,65.0,12,1,12.0,4797000.0,389000,1,28,0,5000000,0,1000000,14000000,4000000,2,5
2000000,100000,2100000,45.0,6,1,6.0,2460000.0,398000,1,33,1,10000000,0,1000000,20000000,3000000,2,2
6643000,438438,7081438,0.01,6,1,5.0,7158000.0,1181000,1,32,0,6000000,0,1000000,18000000,3000000,2,0
5390000,355740,5745740,0.01,6,1,6.0,5820000.0,958000,0,34,1,6000000,0,1000000,18000000,4000000,2,5
4893000,322938,5215938,0.01,6,1,6.0,5292000.0,870000,1,36,0,10000000,0,1500000,15000000,3500000,2,3
5590000,279500,5869500,65.0,6,1,6.0,7228000.0,1172000,0,23,0,6000000,0,800000,20000000,2000000,4,5
4893000,322938,5215938,0.01,6,1,6.0,5292000.0,870000,1,30,0,8000000,0,1000000,19000000,3600000,2,5
4024000,0,4024000,0.01,6,0,5.0,3415000.0,671000,1,50,0,8000000,0,2000000,15000000,7000000,2,5
3640000,182000,3822000,35.0,9,1,9.0,4497000.0,489000,1,41,0,4500000,0,500000,18000000,3500000,2,3
2390000,119500,2509500,45.0,6,1,6.0,2922000.0,475000,0,26,1,6500000,0,600000,13000000,2000000,2,2
4990000,329340,5319340,20.29,6,1,6.0,5712000.0,940000,0,21,0,8000000,0,1000000,24000000,2500000,4,3
7890000,394500,8284500,65.0,9,0,2.0,10033000.0,1188000,0,36,3,7500000,0,1500000,18000000,8000000,2,1
30000000,0,30000000,45.0,12,1,12.0,38328000.0,3151000,1,29,0,8000000,0,800000,16000000,4000000,2,3
17900000,984500,18884500,45.0,12,1,10.0,23939000.0,1984000,1,42,0,8000000,0,500000,17000000,3000000,0,7
4193000,276738,4469738,0.01,4,1,4.0,4518000.0,1118000,1,22,0,6000000,0,1000000,6000000,1000000,4,5
2290000,114500,2404500,65.0,6,1,5.0,2958000.0,481000,1,31,0,8200000,0,1000000,15000000,2000000,2,1
8000000,528000,8528000,10.21,6,1,6.0,8856000.0,1464000,0,48,0,8000000,0,1600000,20000000,5500000,2,3
2982000,196812,3178812,0.01,6,1,6.0,3252000.0,530000,1,26,0,8000000,0,900000,20000000,2300000,3,5
2690000,134500,2824500,65.0,6,1,6.0,3456000.0,564000,1,38,2,7000000,0,1000000,18000000,4000000,2,5
1352000,67600,1419600,85.0,3,1,3.0,1662000.0,542000,0,22,0,12000000,0,1000000,12000000,1000000,2,3
10000000,500000,10500000,61.8,6,1,6.0,12544000.0,2079000,1,34,0,8000000,0,1000000,15000000,5000000,2,3
5190000,259500,5449500,60.0,6,1,6.0,6504000.0,1074000,0,23,0,5000000,0,2000000,13000000,3000000,2,3
19900000,995000,20895000,45.0,18,1,9.0,19560000.0,1618000,0,20,0,7500000,0,800000,35000000,3000000,4,3
20000000,1100000,21100000,35.0,30,0,2.0,1800000.0,1064943,1,35,0,9000000,0,12000000,20000000,6000000,2,3
40000000,2200000,42200000,33.5,30,1,12.0,25292073.0,2095439,1,30,0,14000000,0,30000000,40000000,8000000,2,7
40000000,2200000,42200000,37.0,36,1,12.0,58919000.0,1957030,0,55,0,20000000,0,24000000,35000000,4000000,2,2
30000000,1650000,31650000,35.0,30,0,8.0,12872000.0,1597414,1,47,0,13000000,0,24000000,20000000,4000000,2,3
30000000,1650000,31650000,45.0,24,0,1.0,2035033.0,2023033,0,38,0,16000000,0,18000000,35000000,6000000,2,3
20000000,1100000,21100000,45.0,24,0,3.0,4083000.0,1348689,1,23,0,6390000,0,12000000,20000000,7000000,4,5
20000000,1100000,21100000,59.99,18,1,12.0,21790908.0,1804908,1,32,0,7000000,0,12000000,14000000,3000000,2,1
10000000,550000,10550000,33.5,12,1,12.0,12570000.0,1046737,1,28,0,8000000,0,12000000,20000000,3000000,2,5
40000000,2200000,42200000,35.0,24,1,12.0,29781944.0,2469486,1,40,0,18000000,0,12000000,22000000,3000000,2,7
25000000,0,25000000,45.0,12,0,1.0,27357000.0,2625308,0,29,0,8000000,0,24000000,30000000,8000000,2,3
15000000,825000,15825000,47.0,12,1,12.0,20281317.0,1678045,0,35,0,6000000,0,8400000,45000000,9000000,2,5
30000000,1650000,31650000,33.5,30,0,11.0,17405000.0,1571579,1,55,0,8000000,0,24000000,20000000,5000000,2,7
10000000,550000,10550000,47.0,12,1,12.0,13605000.0,1118697,1,35,0,7300000,0,9600000,18000000,5000000,4,3
20000000,1100000,21100000,33.5,12,1,12.0,25150000.0,2093474,1,24,0,15000000,0,72000000,15000000,6000000,4,3
20000000,1100000,21100000,47.0,24,1,2.0,24144000.0,1372100,0,20,0,4700000,0,9600000,12000000,2000000,2,3
10000000,550000,10550000,59.99,12,0,11.0,13213016.0,1190252,0,21,0,4000000,0,12000000,15000000,3000000,4,2
10000000,550000,10550000,35.0,15,1,4.0,11252000.0,878419,1,27,0,8000000,0,9600000,20000000,4000000,4,3
10000000,550000,10550000,45.0,12,0,11.0,12320000.0,1107880,1,31,0,7000000,0,12000000,30000000,3000000,4,3
15000000,825000,15825000,42.5,24,1,12.0,12021785.0,989785,1,35,0,4000000,0,12000000,10000000,4000000,2,2
10000000,550000,10550000,59.99,24,1,12.0,9321000.0,764506,1,41,0,10000000,0,12000000,20000000,5000000,2,3
30000000,1650000,31650000,44.5,15,1,3.0,40503772.0,2788886,1,26,0,12000000,0,12000000,24000000,2000000,4,4
20000000,1100000,21100000,42.5,24,1,8.0,26239000.0,1319713,1,24,0,12000000,0,24000000,30000000,6000000,4,7
15000000,825000,15825000,47.0,24,1,2.0,17996000.0,1029075,0,31,0,3274000,0,6000000,15000000,3000000,2,3
30000000,1650000,31650000,33.5,24,1,12.0,22072000.0,1827160,1,25,0,10000000,0,12000000,18000000,3500000,2,4
20000000,1100000,21100000,35.0,24,1,12.0,14891000.0,1234743,0,43,0,4000000,0,12000000,25000000,6000000,2,3
40000000,2200000,42200000,37.0,24,1,3.0,47919435.0,2514223,1,32,0,25000000,0,36000000,34000000,6000000,2,4
10000000,550000,10550000,60.0,12,1,12.0,14107000.0,1190308,1,59,0,16000000,0,7200000,18000000,2000000,4,5
25000000,1375000,26375000,35.0,20,1,12.0,21248000.0,1759184,1,28,0,10000000,0,6000000,40000000,3000000,4,5
15000000,825000,15825000,33.5,24,1,12.0,11095060.0,913580,0,47,0,6000000,0,18000000,15000000,5000000,2,3
30000000,1650000,31650000,47.0,36,0,6.0,10002000.0,1654605,1,29,0,7117000,0,6000000,14000000,4000000,2,3
20000000,1100000,21100000,50.0,24,1,12.0,17036000.0,1407597,1,29,0,9000000,0,12000000,20000000,4200000,2,3
10000000,550000,10550000,45.0,15,0,11.0,10285000.0,932366,0,44,0,6000000,0,9600000,30000000,2000000,2,1
20000000,1100000,21100000,33.5,24,0,7.0,9001070.0,1218107,1,20,0,7000000,0,12000000,40000000,7000000,4,3
15000000,825000,15825000,45.0,36,1,12.0,9843000.0,808192,0,37,0,8000000,0,12000000,16000000,6000000,2,4
20000000,1100000,21100000,45.0,24,0,11.0,14962756.0,1348689,1,35,0,7000000,0,10800000,12000000,2000000,2,1
10000000,550000,10550000,45.0,18,1,12.0,9932000.0,816534,0,27,0,6000000,0,16800000,40000000,18000000,2,3
15000000,825000,15825000,35.0,24,1,12.0,11248627.0,926057,0,37,0,15000000,0,18000000,25000000,5000000,2,3
30000000,1650000,31650000,45.0,24,0,12.0,24420000.0,2023033,1,51,0,6000000,0,9600000,20000000,5000000,3,3
40000000,2200000,42200000,33.5,24,1,12.0,29450000.0,2436213,1,29,0,12000000,0,24000000,18000000,3500000,2,2
28000000,1540000,29540000,35.0,24,1,12.0,21202000.0,1728640,0,40,0,8148000,0,8400000,8148000,2037000,2,3
20000000,1100000,21100000,35.0,15,1,12.0,21228000.0,1756838,1,54,0,8000000,0,12000000,14000000,2500000,2,5
20000000,1100000,21100000,33.5,30,0,9.0,9539720.0,1047720,1,46,0,9000000,0,24000000,30000000,7000000,2,3
10000000,550000,10550000,44.5,24,1,12.0,8375434.0,671434,0,29,0,5000000,0,12000000,20000000,7000000,2,3
20000000,1100000,21100000,35.0,24,1,13.0,15937000.0,1234743,0,52,0,10000000,0,24000000,20000000,6000000,2,1
20000000,1100000,21100000,31.5,18,0,8.0,11983787.0,1485929,0,41,0,8000000,0,12000000,18000000,3000000,2,3
20000000,1100000,21100000,33.5,12,1,12.0,25168000.0,2093474,1,21,0,6000000,0,12000000,30000000,8000000,4,5
10000000,550000,10550000,44.5,12,0,4.0,10223000.0,1105184,0,45,0,12000000,0,18000000,22000000,5000000,3,3
20000000,1100000,21100000,47.0,18,1,12.0,20016000.0,1655490,0,28,0,5644000,0,24000000,18000000,7500000,2,2
15000000,825000,15825000,47.0,12,1,12.0,20233000.0,1678045,1,58,0,7000000,0,12000000,18000000,5000000,2,3
15000000,825000,15825000,35.0,18,1,12.0,13856192.0,1142524,0,33,0,4100000,0,7200000,12000000,3000000,2,3
30000000,1650000,31650000,33.5,24,0,9.0,16560000.0,1827160,0,54,0,9000000,0,12000000,10000000,3000000,0,3
20000000,1100000,21100000,35.0,24,0,17.0,13683458.0,1234743,0,40,0,6000000,0,18000000,15000000,4000000,2,5
15000000,825000,15825000,59.99,24,1,12.0,13913036.0,1146759,1,44,0,6000000,0,7200000,17000000,4000000,2,7
40000000,2200000,42200000,37.0,36,1,12.0,23630200.0,1957030,1,52,0,20000000,0,12000000,50000000,5000000,2,5
20000000,1100000,21100000,35.0,18,1,12.0,18403095.0,1523365,0,26,0,6000000,0,18000000,12000000,3000000,2,7
30000000,1650000,31650000,37.0,30,0,11.0,18088000.0,1632202,0,36,0,15000000,0,12000000,35000000,3000000,4,3
10000000,550000,10550000,45.0,12,0,9.0,9996000.0,1107880,1,29,0,8000000,0,18000000,45000000,11200000,2,3
13000000,715000,13715000,60.0,24,0,11.0,10934000.0,993938,1,54,0,10000000,0,24000000,35000000,6000000,2,3
40000000,2200000,42200000,45.0,24,0,6.0,16260000.0,2697378,1,39,0,10000000,0,12000000,10000000,2000000,1,5
20000000,1100000,21100000,47.0,18,1,12.0,20004000.0,1655490,1,33,0,8000000,0,24000000,15000000,4000000,2,4
40000000,2200000,42200000,37.0,36,1,12.0,23640000.0,1957030,1,34,0,15000000,0,24000000,45000000,10000000,2,3
20000000,1100000,21100000,33.5,24,1,13.0,16003000.0,1218107,0,20,0,5500000,0,9600000,30000000,7000000,4,2
20000000,1100000,21100000,45.0,24,0,5.0,13000000.0,1348689,1,29,0,9000000,0,12000000,25000000,6000000,4,3
20000000,1100000,21100000,37.0,24,1,12.0,15260000.0,1257111,1,28,0,7500000,0,12000000,7500000,1000000,4,5
40000000,2200000,42200000,44.5,24,0,-1.0,-1.0,2685736,1,56,0,18000000,0,24000000,45000000,8000000,2,3
40000000,2200000,42200000,44.5,18,1,12.0,39203904.0,3254976,1,34,0,15000000,0,24000000,20000000,5000000,2,3
15000000,825000,15825000,60.0,24,1,12.0,13856000.0,1146852,0,32,0,6000000,0,14400000,30000000,11000000,2,5
40000000,2200000,42200000,45.0,24,0,11.0,29678000.0,2697378,1,38,0,10000000,0,12000000,20000000,5000000,2,1
30000000,0,30000000,45.0,24,0,-1.0,-1.0,1917567,0,52,0,10000000,0,18000000,50000000,15000000,3,5
25000000,1375000,26375000,44.5,24,0,-1.0,-1.0,1678585,1,36,0,10000000,0,24000000,30000000,8000000,2,7
40000000,2200000,42200000,37.0,24,0,11.0,27794000.0,2514223,0,37,0,30000000,0,24000000,45000000,5000000,2,3
30000000,0,30000000,45.0,12,1,12.0,37993000.0,3150369,0,48,0,30000000,0,120000000,50000000,25000000,3,3
12000000,660000,12660000,44.5,12,0,8.0,10710000.0,1326221,0,27,0,5000000,0,12000000,12000000,2000000,2,1
20000000,1100000,21100000,45.0,24,1,8.0,28286000.0,1348689,0,46,0,7000000,0,12000000,35000000,5000000,2,2
30000000,1650000,31650000,45.0,24,1,12.0,24288000.0,2023033,0,44,0,9000000,0,20400000,15000000,4000000,1,3
40000000,2200000,42200000,37.0,30,1,12.0,26261345.0,2176269,0,39,0,8000000,0,6000000,14000000,1000000,0,3
25000000,1375000,26375000,59.99,24,1,12.0,23079915.0,1911265,0,49,0,10000000,0,12000000,20000000,5000000,2,5
15000000,825000,15825000,44.5,15,1,12.0,16884000.0,1394443,1,34,0,7000000,0,7200000,25000000,3000000,2,3
10000000,550000,10550000,45.0,15,1,12.0,11196000.0,932366,0,55,0,4000000,0,14400000,38000000,4200000,2,5
30000000,1650000,31650000,45.0,24,1,13.0,26455000.0,2023033,1,37,0,7000000,0,18000000,12000000,3000000,2,5
30000000,1650000,31650000,45.0,24,0,1.0,2036000.0,2023033,1,30,0,15000000,0,24000000,20000000,4000000,4,5
30000000,1650000,31650000,44.5,24,0,11.0,22286000.0,2014302,0,26,0,8000000,0,12000000,19000000,4000000,2,5
10000000,550000,10550000,45.0,18,0,7.0,5800204.0,816534,1,23,0,8000000,0,12000000,35000000,10000000,4,3
20000000,1100000,21100000,47.0,24,1,12.0,16609200.0,1372100,1,34,0,15000000,0,12000000,50000000,5000000,2,2
8500000,0,8500000,60.0,12,1,12.0,11488176.0,959016,1,51,0,5000000,0,24000000,40000000,5000000,2,3
20000000,1100000,21100000,44.5,18,1,2.0,26665000.0,1627488,0,22,0,8000000,0,36000000,8000000,3000000,4,4
30000000,1650000,31650000,45.0,24,1,12.0,24426198.0,2023033,0,48,0,13000000,0,15600000,21000000,5000000,1,5
25000000,1375000,26375000,35.0,18,0,11.0,21087000.0,1904206,1,56,0,10000000,0,18000000,30000000,4000000,2,5
20000000,1100000,21100000,47.0,24,1,12.0,16596000.0,1372100,1,23,0,7000000,0,9600000,16000000,1500000,4,5
50000000,2750000,52750000,33.5,30,0,1.0,2632000.0,2619299,0,42,0,15000000,0,18000000,25000000,7000000,2,4
10000000,550000,10550000,35.0,18,0,11.0,8514000.0,761683,1,23,0,10000000,0,36000000,60000000,9000000,4,3
20000000,1100000,21100000,47.0,24,1,12.0,16597000.0,1372100,1,25,0,5000000,0,6000000,30000000,7000000,4,3
35000000,1925000,36925000,45.0,24,1,12.0,28377000.0,2360206,0,32,0,9000000,0,9600000,18000000,2000000,2,3
50000000,2750000,52750000,35.0,30,0,12.0,29467000.0,2662357,1,57,0,20000000,0,12000000,30000000,3000000,2,5
15000000,825000,15825000,47.0,24,1,12.0,12504000.0,1029075,0,47,0,5000000,0,9600000,11000000,2000000,2,3
10000000,550000,10550000,59.99,12,0,11.0,13224520.0,1190252,0,37,0,8000000,0,8400000,20000000,4000000,2,5
25000000,1375000,26375000,44.5,24,0,12.0,15215000.0,1678585,0,51,0,5000000,0,18000000,25000000,6000000,3,7
10000000,550000,10550000,44.5,18,0,8.0,6600000.0,813744,1,22,0,10000000,0,18000000,27000000,4000000,4,5
10000000,550000,10550000,35.0,12,1,12.0,12963000.0,1054610,1,28,0,6000000,0,12000000,20000000,2000000,2,3
8800000,484000,9284000,60.0,12,0,2.0,10693000.0,1047471,1,49,0,5000000,0,18000000,24000000,6000000,2,5
20000000,1100000,21100000,35.0,12,0,11.0,23331000.0,2109219,1,35,0,8000000,0,18000000,15000000,4000000,1,3
30000000,1650000,31650000,35.0,12,1,12.0,38109942.0,3163829,1,42,0,20000000,0,24000000,40000000,5000000,2,5
25000000,1375000,26375000,35.0,30,1,13.0,17449327.0,1331179,1,55,0,10000000,0,30000000,50000000,10000000,2,3
20000000,1100000,21100000,45.0,24,1,9.0,28056067.0,1348689,1,23,0,10000000,0,36000000,12000000,3000000,4,3
30000000,1650000,31650000,33.5,30,1,13.0,19004369.0,1571579,0,21,0,10000000,0,8400000,26000000,1300000,4,3
10000000,0,10000000,47.0,6,1,3.0,11421894.0,1902447,1,40,0,6800000,0,12000000,6800000,1000000,1,4
30000000,0,30000000,60.0,24,1,12.0,26232000.0,2174127,1,52,0,11000000,0,12000000,25000000,5000000,2,5
10000000,0,10000000,35.0,12,1,12.0,12084000.0,999630,0,26,0,7000000,0,12000000,17000000,5000000,2,3
20000000,1100000,21100000,45.0,18,0,11.0,18106000.0,1633069,1,33,0,6000000,0,12000000,15000000,2500000,2,1
20000000,1100000,21100000,44.5,24,1,12.0,16260000.0,1342868,0,20,0,6000000,0,9600000,25000000,5000000,4,7
25000000,0,25000000,59.99,18,1,12.0,25803000.0,2138516,0,24,0,10000000,0,24000000,25000000,7000000,2,7
40000000,2200000,42200000,37.0,36,0,11.0,21659090.0,1957030,0,35,0,15000000,0,18000000,35000000,7000000,2,7
30000000,1650000,31650000,35.0,30,1,12.0,19176000.0,1597414,1,42,0,10000000,0,6000000,20000000,2000000,2,5
10000000,550000,10550000,44.5,12,1,12.0,13416000.0,1105184,0,23,0,6000000,0,12000000,20000000,4000000,2,3
30000000,1650000,31650000,33.5,24,1,12.0,22069800.0,1827160,1,39,0,10000000,0,36000000,20000000,3000000,1,3
30000000,1650000,31650000,35.0,30,1,12.0,19315000.0,1597414,0,29,0,9000000,0,12000000,18000000,3000000,2,2
30000000,0,30000000,35.0,24,1,12.0,21214677.0,1755559,0,39,0,10000000,0,18000000,40000000,7000000,2,3
30000000,1650000,31650000,33.5,12,0,11.0,34674844.0,3140211,1,37,0,10000000,0,21600000,30000000,3500000,4,3
25000000,1375000,26375000,59.99,24,0,-1.0,-1.0,1911265,1,34,0,8000000,0,12000000,15000000,3000000,2,5
10000000,550000,10550000,59.99,12,0,6.0,7215008.0,1190252,1,27,0,15000000,0,18000000,25000000,5000000,2,3
20000000,1100000,21100000,47.0,12,0,11.0,24750000.0,2237394,1,35,0,9260000,0,14400000,35870000,6500000,3,3
35000000,1925000,36925000,37.0,36,0,11.0,18971000.0,1712401,0,39,0,7000000,0,24000000,20000000,4000000,2,5
10000000,550000,10550000,35.0,12,1,12.0,12596220.0,1054610,0,31,0,5000000,0,6000000,15000000,5000000,2,7
20000000,1100000,21100000,44.5,18,1,12.0,19669000.0,1627488,1,31,0,6000000,0,24000000,18000000,7000000,2,5
30000000,1650000,31650000,33.5,30,1,9.0,40251000.0,1571579,1,38,0,17000000,0,24000000,25000000,8000000,2,2
25000000,1375000,26375000,33.5,24,1,12.0,18329165.0,1522633,0,33,0,10000000,0,6000000,15000000,500000,2,3
35000000,1925000,36925000,35.0,30,0,8.0,18773000.0,1863650,1,46,0,15000000,0,18000000,25000000,3000000,2,3
15000000,825000,15825000,47.0,24,0,11.0,11462000.0,1029075,0,24,0,6143000,0,10800000,14000000,3000000,2,1
20000000,1100000,21100000,35.0,24,1,12.0,14963743.0,1234743,1,44,0,12000000,0,36000000,30000000,7000000,2,3
20000000,1100000,21100000,45.0,24,0,12.0,16320000.0,1348689,1,52,0,8000000,0,18000000,15000000,4000000,1,5
25000000,1375000,26375000,44.5,24,1,5.0,32560000.0,1678585,0,20,0,5000000,0,12000000,14000000,4000000,2,3
12000000,660000,12660000,68.0,12,0,11.0,16445000.0,1482574,1,38,0,7000000,0,9600000,10000000,2000000,2,1
30000000,1650000,31650000,44.5,24,0,10.0,20268000.0,2014302,0,42,0,14000000,0,19200000,20000000,4500000,2,5
15000000,825000,15825000,45.0,15,1,12.0,16931000.0,1398549,0,30,0,5000000,0,12000000,15000000,2500000,2,7
40000000,2200000,42200000,44.5,24,0,-1.0,-1.0,2685736,1,35,0,22000000,0,18000000,35000000,5000000,4,3
30000000,1650000,31650000,47.0,24,0,7.0,14493000.0,2058150,0,32,0,8500000,0,14400000,30000000,7500000,4,4
25000000,0,25000000,35.0,24,1,12.0,17699966.0,1462966,0,29,0,5939000,0,12000000,15000000,3000000,2,5
10000000,550000,10550000,45.0,15,0,5.0,5668732.0,932366,1,22,0,7000000,0,9600000,35000000,4000000,4,3
30000000,1650000,31650000,33.5,24,1,12.0,22080000.0,1827160,1,58,0,15000000,0,24000000,25000000,7000000,2,5
20000000,1100000,21100000,35.0,18,1,12.0,18420000.0,1523365,1,21,0,4699000,0,4800000,12000000,2500000,2,5
20000000,1100000,21100000,35.0,12,1,12.0,25460095.0,2109219,0,31,0,9000000,0,12000000,15000000,2000000,2,1
20000000,0,20000000,60.0,24,1,12.0,17534180.0,1449418,1,47,0,9100000,0,21600000,25000000,5000000,2,3
20000000,1100000,21100000,59.99,24,0,11.0,16950036.0,1529012,1,40,0,10000000,0,12000000,20000000,4000000,2,3
30000000,1650000,31650000,35.0,30,0,12.0,17737000.0,1597414,1,22,0,9000000,0,12000000,19000000,3000000,4,3
30000000,1650000,31650000,45.0,24,1,13.0,26455000.0,2023033,1,36,0,18000000,0,18000000,22000000,3000000,2,1
10000000,550000,10550000,59.99,18,1,12.0,10951000.0,902454,0,30,0,10000000,0,21600000,18000000,6500000,2,3
20000000,1100000,21100000,45.0,12,1,12.0,26532040.0,2215760,1,25,0,8000000,0,8400000,15000000,2500000,2,5
40000000,2200000,42200000,44.5,24,0,-1.0,-1.0,2685736,1,23,0,20000000,0,24000000,35000000,5000000,4,7
30000000,1650000,31650000,45.0,24,0,6.0,15350000.0,2023033,1,34,0,7000000,0,6000000,16000000,4000000,4,3
10000000,550000,10550000,42.5,12,0,6.0,12586000.0,1094435,1,25,0,6000000,0,9600000,20000000,3000000,4,3
35000000,1925000,36925000,37.0,24,1,12.0,26535000.0,2199945,0,44,0,3000000,0,18000000,30000000,7000000,2,5
20000000,1100000,21100000,45.0,15,0,3.0,5618732.0,1864732,1,23,0,9000000,0,36000000,9000000,3000000,4,5
20000000,1100000,21100000,45.0,24,0,11.0,14970689.0,1348689,1,50,0,12000000,0,18000000,20000000,4000000,2,5
35000000,1925000,36925000,44.5,24,1,12.0,28345000.0,2350019,1,48,0,7000000,0,18000000,22000000,5000000,2,5
10000000,550000,10550000,33.5,12,1,12.0,12700000.0,1046737,1,29,0,9000000,0,12000000,14000000,3000000,2,4
20000000,1100000,21100000,45.0,15,1,13.0,22522660.0,1864732,0,26,0,7500000,0,9600000,14000000,3000000,4,2
20000000,1100000,21100000,47.0,12,1,12.0,26952970.0,2237394,1,32,0,15000000,0,12000000,25000000,4000000,2,3
10000000,550000,10550000,37.0,12,1,12.0,12989924.0,1065154,0,41,0,8000000,0,12000000,20000000,3200000,2,3
20000000,0,20000000,37.0,18,1,11.0,25623000.0,1464439,0,24,0,7282000,0,12000000,33000000,4000000,4,4
30000000,1650000,31650000,45.0,24,1,9.0,41093498.0,2023033,0,48,0,6000000,0,12000000,25000000,3700000,2,7
30000000,1650000,31650000,37.0,36,1,12.0,17745264.0,1467772,0,28,0,15000000,0,24000000,30000000,7000000,4,4
15000000,825000,15825000,44.5,24,1,8.0,21546933.0,1007151,1,51,0,5000000,0,9600000,30000000,6000000,2,3
30000000,1650000,31650000,35.0,30,0,2.0,3219414.0,1597414,0,35,0,8000000,0,9600000,18000000,6500000,2,7
20000000,1100000,21100000,47.0,30,0,8.0,9759192.0,1207899,0,20,0,5100000,0,12000000,20000000,3000000,4,3
30000000,1650000,31650000,45.0,24,0,6.0,10116000.0,2023033,1,40,0,12000000,0,18000000,30000000,4500000,2,7
20000000,1100000,21100000,45.0,24,0,11.0,14968000.0,1348689,1,36,0,10000000,0,24000000,30000000,5000000,2,3
15000000,825000,15825000,47.0,24,1,12.0,12499000.0,1029075,1,34,0,6000000,0,14400000,15000000,4000000,2,3
15000000,825000,15825000,47.0,18,0,8.0,10030000.0,1241617,0,29,0,7700000,0,9600000,15000000,6000000,2,3
15000000,825000,15825000,44.5,12,0,10.0,15039000.0,1657776,1,55,0,6000000,0,10800000,17000000,4000000,2,3
20000000,1100000,21100000,35.0,24,1,12.0,14963486.0,1234743,1,23,0,10000000,0,24000000,30000000,7000000,4,4
30000000,1650000,31650000,35.0,30,0,7.0,11263000.0,1597414,1,23,0,10000000,0,12000000,45000000,5000000,4,5
30000000,1650000,31650000,44.5,24,1,12.0,24316000.0,2014302,1,28,0,8000000,0,18000000,18000000,3500000,4,3
25000000,0,25000000,45.0,24,0,8.0,12880000.0,1597973,1,47,0,10000000,0,12000000,20000000,2000000,2,3
15000000,825000,15825000,35.0,12,0,11.0,17521140.0,1581914,0,52,0,7000000,0,12000000,30000000,5000000,2,3
20000000,1100000,21100000,37.0,12,1,12.0,26089000.0,2130309,1,41,0,15000000,0,36000000,30000000,6000000,2,4
15000000,0,15000000,59.99,24,0,10.0,10990000.0,1086975,1,23,0,5000000,0,8400000,11000000,2100000,2,5
28000000,1540000,29540000,47.0,18,1,11.0,27960000.0,2317685,1,58,0,5400000,0,13200000,25000000,5000000,2,3
30000000,1650000,31650000,44.5,24,0,-1.0,-1.0,2014302,0,43,0,15000000,0,24000000,25000000,8000000,2,5
25000000,0,25000000,45.0,24,1,12.0,19307703.0,1597973,1,32,0,7000000,0,6000000,15000000,1500000,2,5
20000000,1100000,21100000,47.0,12,1,12.0,27000000.0,2237394,0,32,0,7000000,0,4800000,15000000,2500000,2,3
25000000,1375000,26375000,33.5,24,1,12.0,18420000.0,1522633,1,34,0,9000000,0,12000000,20000000,3000000,2,1
20000000,1100000,21100000,45.0,24,0,5.0,6745000.0,1348689,1,57,0,7000000,0,18000000,16000000,3000000,2,5
20000000,1100000,21100000,45.0,24,1,6.0,26238378.0,1348689,1,22,0,18000000,0,12000000,30000000,4000000,2,3
20000000,1100000,21100000,37.0,12,1,12.0,25804000.0,2130309,1,30,0,6913000,0,12000000,29000000,5200000,4,3
20000000,1100000,21100000,44.5,24,0,11.0,14905000.0,1342868,0,44,0,5000000,0,12000000,10000000,4000000,2,5
30000000,1650000,31650000,47.0,36,1,12.0,20148000.0,1654605,1,36,0,8936000,0,24000000,18000000,4000000,2,3
30000000,1650000,31650000,35.0,30,1,12.0,19312968.0,1597414,0,29,0,15000000,0,24000000,30000000,5000000,2,3
20000000,1100000,21100000,45.0,24,1,11.0,16275000.0,1348689,1,39,0,15000000,0,12000000,30000000,3000000,2,1
30000000,0,30000000,47.0,30,0,12.0,19140000.0,1717392,1,33,0,9500000,0,12000000,16000000,4000000,2,3
10000000,550000,10550000,47.0,24,1,12.0,8376000.0,686050,0,26,0,4800000,0,6000000,12000000,3000000,2,3
40000000,2200000,42200000,45.0,24,0,-1.0,-1.0,2697378,1,42,0,15000000,0,12000000,35000000,4000000,2,5
10000000,550000,10550000,45.0,12,0,11.0,12320000.0,1107880,0,32,0,8000000,0,24000000,36000000,9000000,2,3
40000000,2200000,42200000,45.0,24,1,14.0,36830000.0,2697378,0,33,0,15000000,0,12000000,30000000,4000000,2,5
50000000,2750000,52750000,33.5,18,0,11.0,41605000.0,3768148,1,43,0,15000000,0,24000000,22000000,6000000,2,3
25000000,1375000,26375000,47.0,36,1,12.0,16692000.0,1378837,1,35,0,5000000,0,6000000,12000000,3000000,2,5
30000000,1650000,31650000,44.5,24,0,10.0,20267906.0,2014302,0,34,0,9000000,0,24000000,15000000,4000000,2,4
25000000,0,25000000,47.0,12,1,12.0,31645000.0,2650940,1,33,0,11000000,0,24000000,20000000,3000000,2,7
18000000,0,18000000,47.0,12,1,13.0,23017000.0,1908677,0,20,0,6000000,0,9600000,35000000,4000000,4,3
35000000,1925000,36925000,33.5,24,0,11.0,23568557.0,2131687,0,46,0,8000000,0,12000000,20000000,3000000,2,3
20000000,1100000,21100000,45.0,15,0,11.0,20646000.0,1864732,1,45,0,6000000,0,12000000,30000000,4000000,2,5
20000000,1100000,21100000,59.99,24,0,4.0,5082000.0,1529012,0,41,0,15000000,0,24000000,30000000,5000000,2,3
50000000,2750000,52750000,37.0,36,0,11.0,27047000.0,2446287,1,28,0,10000000,0,18000000,25000000,5000000,4,7
10000000,550000,10550000,35.0,12,1,12.0,12802050.0,1054610,1,29,0,4300000,0,9600000,14300000,2500000,2,5
25000000,1375000,26375000,59.99,24,0,8.0,15388000.0,1911265,0,23,0,6000000,0,12000000,25000000,3000000,2,3
20000000,1100000,21100000,45.0,24,0,11.0,14967579.0,1348689,0,52,0,5000000,0,6000000,60000000,15000000,2,3
40000000,2200000,42200000,45.0,18,0,11.0,35937000.0,3266137,0,33,0,15000000,0,12000000,45000000,6000000,2,5
20000000,0,20000000,59.99,24,0,4.0,5850000.0,1449301,1,45,0,6000000,0,9600000,18000000,4000000,2,5
30000000,1650000,31650000,45.0,20,0,2.0,4556000.0,2277600,1,43,0,10000000,0,8400000,16000000,1500000,1,5
20000000,1100000,21100000,35.0,12,1,12.0,25280190.0,2109219,0,37,0,7000000,0,10800000,20000000,2500000,2,3
40000000,2200000,42200000,45.0,24,0,9.0,24390000.0,2697378,1,21,0,8000000,0,9600000,40000000,3000000,4,7
10000000,550000,10550000,59.99,18,1,12.0,10974000.0,902454,0,32,0,6000000,0,6000000,10000000,2500000,2,3
20000000,1100000,21100000,60.0,30,0,2.0,2770000.0,1372585,1,44,0,8000000,0,12000000,25000000,7000000,1,3
20000000,1100000,21100000,45.0,24,1,12.0,16329000.0,1348689,1,29,0,6000000,0,12000000,25000000,5000000,4,5
20000000,1100000,21100000,37.0,12,1,12.0,25738000.0,2130309,0,28,0,7500000,0,12000000,15000000,3000000,2,3
20000000,0,20000000,35.0,24,1,1.0,21332000.0,1170372,0,31,0,6000000,0,12000000,30000000,5000000,2,5
10000000,550000,10550000,59.99,12,0,11.0,13212772.0,1190252,0,34,0,6000000,0,6000000,11000000,2000000,2,5
25000000,1375000,26375000,35.0,24,0,11.0,17066000.0,1543429,0,29,0,5000000,0,12000000,20000000,4000000,2,5
30000000,0,30000000,47.0,24,1,12.0,23554383.0,1950853,1,49,0,12000000,0,12000000,25000000,4000000,2,3
30000000,1650000,31650000,45.0,24,1,12.0,24397000.0,2023033,0,45,0,6000000,0,12000000,25000000,5000000,2,5
15000000,825000,15825000,44.5,24,0,8.0,8154057.0,1007151,1,25,0,6000000,0,24000000,17000000,4000000,4,7
30000000,1650000,31650000,35.0,24,0,11.0,20505254.0,1852114,0,23,0,18000000,0,24000000,40000000,6000000,2,1
25000000,0,25000000,47.0,24,0,11.0,18014000.0,1625711,1,20,0,7639000,0,12000000,25000000,4000000,4,3
30000000,1650000,31650000,35.0,30,1,12.0,19317656.0,1597414,1,45,0,15000000,0,18000000,30000000,3000000,2,3
10000000,550000,10550000,37.0,12,1,12.0,13095573.0,1065154,0,23,0,5776000,0,21600000,15000000,3000000,2,3
20000000,1100000,21100000,44.5,12,1,12.0,26707345.0,2210368,1,23,0,8000000,0,9000000,17000000,2000000,2,3
14000000,770000,14770000,68.0,24,1,12.0,13835295.0,1140859,0,35,0,5000000,0,6000000,18000000,3000000,2,5
25000000,1375000,26375000,44.5,24,0,3.0,6800000.0,1678585,1,28,0,25000000,0,24000000,45000000,10000000,2,3
20000000,1100000,21100000,44.5,24,1,12.0,17602000.0,1342868,0,38,0,9000000,0,6000000,25000000,3000000,2,7
20000000,1100000,21100000,35.0,24,0,10.0,13708944.0,1234743,1,52,0,9000000,0,6000000,27000000,4500000,2,1
15000000,825000,15825000,37.0,16,1,12.0,15360000.0,1267881,1,44,0,10000000,0,24000000,15000000,5000000,2,5
30000000,1650000,31650000,47.0,36,1,8.0,43309690.0,1654605,0,27,0,5500000,0,11400000,18000000,4000000,4,4
30000000,1650000,31650000,44.5,24,0,3.0,6079000.0,2014302,0,58,0,15000000,0,18000000,25000000,3000000,2,3
23000000,1265000,24265000,47.0,36,1,5.0,29840000.0,1268530,1,51,0,3707000,0,12000000,16000000,3000000,2,4
30000000,1650000,31650000,35.0,30,0,8.0,12872000.0,1597414,1,34,0,5000000,0,12000000,25000000,3000000,2,5
30000000,1650000,31650000,47.0,30,1,13.0,21874176.0,1811848,1,24,0,4560000,0,18000000,5500000,1500000,4,4
30000000,1650000,31650000,44.5,24,1,14.0,25350000.0,2014302,1,50,0,9000000,0,12000000,17000000,4000000,2,3
20000000,1100000,21100000,45.0,24,1,12.0,16332000.0,1348689,1,23,0,10000000,0,12000000,40000000,6000000,4,2
20000000,1100000,21100000,44.5,24,1,12.0,16260000.0,1342868,0,41,0,7000000,0,12000000,17000000,4000000,2,2
20000000,1100000,21100000,47.0,24,1,12.0,16634000.0,1372100,1,43,0,9666000,0,13200000,25000000,5000000,2,3
20000000,1100000,21100000,35.0,18,0,11.0,16893000.0,1523365,0,41,0,10000000,0,14400000,20000000,3700000,2,7
20000000,1100000,21100000,59.99,24,0,8.0,10629000.0,1529012,1,47,0,10000000,0,12000000,30000000,5000000,2,5
10000000,0,10000000,47.0,12,1,12.0,12663000.0,1060376,1,23,0,6316000,0,12000000,30000000,12000000,4,3
20000000,1100000,21100000,35.0,24,1,12.0,14961430.0,1234743,1,43,0,14000000,0,12000000,25000000,5000000,2,5
20000000,1100000,21100000,44.5,24,1,12.0,16250000.0,1342868,0,29,0,5000000,0,6000000,15000000,3500000,2,5
30000000,1650000,31650000,45.0,24,1,12.0,24432000.0,2023033,1,51,0,9000000,0,12000000,35000000,2000000,0,1
30000000,1650000,31650000,45.0,24,1,11.0,44408000.0,2023033,1,29,0,12000000,0,24000000,20000000,3500000,2,3
30000000,1650000,31650000,47.0,24,1,12.0,24841500.0,2058150,0,22,0,6100000,0,8400000,40000000,4000000,4,3
30000000,1650000,31650000,42.5,24,0,5.0,9958000.0,1979570,0,51,0,9000000,0,24000000,30000000,7000000,2,1
30000000,1650000,31650000,44.5,24,1,12.0,24075000.0,2014302,0,33,0,9000000,0,12000000,16000000,2000000,2,5
30000000,1650000,31650000,35.0,30,0,9.0,14487000.0,1597414,1,32,0,25000000,0,10800000,25000000,2000000,4,5
25000000,1375000,26375000,59.99,24,1,8.0,37373000.0,1911265,1,44,0,15000000,0,12000000,27000000,4000000,2,5
15000000,825000,15825000,35.0,18,1,13.0,15011192.0,1142524,0,40,0,6000000,0,7200000,10000000,3000000,2,1
30000000,1650000,31650000,37.0,24,0,8.0,18769668.0,1885667,0,23,0,5500000,0,12000000,25000000,10000000,4,3
25000000,0,25000000,45.0,24,0,1.0,1610000.0,1597973,1,45,0,10000000,0,24000000,27000000,5000000,2,2
20000000,1100000,21100000,44.5,24,1,12.0,16247972.0,1342868,1,33,0,12000000,0,12000000,20000000,3000000,2,5
25000000,1375000,26375000,37.0,24,0,11.0,17406501.0,1571389,1,39,0,5000000,0,12000000,15000000,3000000,1,7
10000000,550000,10550000,45.0,12,0,7.0,6719000.0,1107880,1,51,0,6000000,0,12000000,30000000,4000000,2,1
15000000,825000,15825000,59.99,12,1,12.0,21621000.0,1785378,0,46,0,10000000,0,7200000,15000000,3000000,2,1
30000000,1650000,31650000,45.0,24,1,13.0,26372000.0,2023033,1,39,0,9000000,0,18000000,20000000,5000000,2,3
30000000,1650000,31650000,60.0,24,1,12.0,27663000.0,2293704,1,40,0,10000000,0,24000000,25000000,7000000,2,5
20000000,1100000,21100000,35.0,24,0,9.0,11221715.0,1234743,0,36,0,6000000,0,12000000,20000000,5000000,2,3
25000000,1375000,26375000,35.0,15,0,3.0,6624000.0,2196048,1,31,0,7000000,0,12000000,15000000,3000000,4,3
25000000,0,25000000,35.0,24,1,12.0,17556000.0,1462966,0,40,0,5158000,0,7200000,12000000,2000000,2,5
20000000,1100000,21100000,47.0,15,1,12.0,22788000.0,1886716,0,30,0,5896000,0,12000000,20000000,3000000,2,3
10000000,550000,10550000,59.99,24,1,12.0,9324000.0,764506,0,46,0,3000000,0,6000000,20000000,2000000,2,3
30000000,1650000,31650000,45.0,24,0,11.0,14245132.0,2023033,0,27,0,6000000,0,12000000,20000000,4000000,2,5
10000000,550000,10550000,45.0,12,0,10.0,11200000.0,1107880,1,35,0,12000000,0,18000000,20000000,6000000,2,3
15000000,825000,15825000,47.0,12,1,12.0,20564450.0,1678045,0,44,0,5000000,0,12000000,30000000,4000000,2,5
40000000,2200000,42200000,35.0,30,1,12.0,25703316.0,2129886,1,30,0,9000000,0,12000000,15000000,3000000,2,5
25000000,1375000,26375000,59.99,24,1,12.0,22932000.0,1911265,0,49,0,8000000,0,12000000,20000000,3000000,2,1
40000000,2200000,42200000,35.0,30,0,7.0,14993202.0,2129886,1,40,0,9000000,0,10800000,15000000,3000000,2,5
15000000,825000,15825000,35.0,12,1,12.0,19124000.0,1581914,0,33,0,10000000,0,12000000,40000000,6000000,2,3
20000000,1100000,21100000,44.5,24,1,12.0,16258340.0,1342868,1,44,0,12000000,0,18000000,20000000,4000000,2,5
15000000,825000,15825000,60.0,12,0,11.0,19778000.0,1785462,0,49,0,8000000,0,12000000,20000000,5000000,2,3
20000000,1100000,21100000,45.0,24,0,8.0,10846000.0,1348689,1,35,0,12000000,0,12000000,20000000,3000000,2,3
25000000,1375000,26375000,45.0,18,1,13.0,26695000.0,2041336,1,53,0,10000000,0,12000000,30000000,3000000,2,1
20000000,1100000,21100000,45.0,24,0,11.0,14968823.0,1348689,0,48,0,9000000,0,12000000,9000000,1000000,4,3
25000000,1375000,26375000,59.99,24,1,12.0,23079000.0,1911265,0,21,0,7000000,0,10800000,35000000,6000000,4,3
40000000,2200000,42200000,47.0,36,0,8.0,17752000.0,2206140,0,34,0,8000000,0,12000000,15000000,3000000,2,5
20000000,1100000,21100000,35.0,30,0,11.0,11847000.0,1064943,0,44,0,9000000,0,12000000,18000000,3000000,2,5
20000000,1100000,21100000,45.0,24,0,11.0,14962000.0,1348689,1,23,0,9000000,0,12000000,20000000,5000000,4,3
10000000,550000,10550000,45.0,24,1,12.0,8100000.0,674344,1,43,0,4000000,0,9600000,10000000,2000000,2,1
20000000,1100000,21100000,33.5,18,1,12.0,18231849.0,1507259,1,38,0,10000000,0,24000000,19000000,6000000,2,3
20000000,1100000,21100000,35.0,24,1,12.0,14868000.0,1234743,0,52,0,4000000,0,12000000,25000000,4000000,2,5
30000000,1650000,31650000,45.0,24,0,11.0,22386066.0,2023033,1,38,0,10000000,0,24000000,20000000,5000000,2,3
20000000,1100000,21100000,44.5,24,0,6.0,8101000.0,1342868,1,42,0,8000000,0,7200000,12500000,1800000,2,7
30000000,1650000,31650000,37.0,24,0,-1.0,-1.0,1885667,0,22,0,12000000,0,12000000,30000000,2000000,4,0
30000000,1650000,31650000,35.0,24,1,9.0,39839000.0,1852114,1,35,0,15000000,0,12000000,25000000,4000000,2,3
25000000,1375000,26375000,45.0,24,1,12.0,20374332.0,1685861,1,52,0,8000000,0,18000000,13000000,3000000,1,3
50000000,2750000,52750000,37.0,36,0,2.0,4917000.0,2446287,1,40,0,12000000,0,18000000,25000000,5000000,2,3
30000000,1650000,31650000,45.0,24,0,9.0,18315000.0,2023033,0,39,0,7000000,0,48000000,40000000,8000000,2,5
10000000,550000,10550000,33.5,24,1,12.0,7452000.0,609053,1,45,0,10000000,0,15600000,22000000,3500000,2,3
20000000,1100000,21100000,33.5,30,0,8.0,11659720.0,1047720,1,21,0,8000000,0,24000000,15000000,7000000,4,4
30000000,1650000,31650000,35.0,30,1,12.0,38264968.0,1597414,1,43,0,15000000,0,30000000,25000000,8000000,2,7
20000000,1100000,21100000,45.0,24,0,11.0,14962000.0,1348689,1,39,0,8000000,0,12000000,30000000,3000000,4,5
20000000,1100000,21100000,33.5,30,0,10.0,10600000.0,1047720,1,24,0,10000000,0,42000000,18000000,3500000,4,2
25000000,1375000,26375000,35.0,18,0,8.0,13413618.0,1904206,0,27,0,10000000,0,21600000,25000000,6200000,2,4
20000000,1100000,21100000,35.0,18,1,12.0,18412285.0,1523365,0,21,0,9000000,0,12000000,37000000,4000000,4,3
20000000,1100000,21100000,35.0,24,1,12.0,14963486.0,1234743,0,53,0,6000000,0,24000000,25000000,5000000,2,3
20000000,1100000,21100000,59.99,24,0,8.0,7616000.0,1529012,1,53,0,9000000,0,12000000,30000000,5000000,2,5
20000000,1100000,21100000,47.0,24,0,6.0,8307000.0,1372100,0,35,0,8000000,0,18000000,24000000,6000000,4,3
25000000,1375000,26375000,44.5,24,1,12.0,20280000.0,1678585,0,26,0,7000000,0,12000000,16500000,5000000,2,2
20000000,1100000,21100000,45.0,24,1,12.0,16332000.0,1348689,1,34,0,5000000,0,14400000,30000000,14000000,2,5
15000000,825000,15825000,60.0,18,1,13.0,17602000.0,1353769,0,32,0,10000000,0,18000000,30000000,3600000,2,5
30000000,1650000,31650000,33.5,24,1,12.0,22080000.0,1827160,0,36,0,7000000,0,12000000,20000000,4000000,2,3
20000000,1100000,21100000,45.0,15,1,12.0,22391000.0,1864732,1,58,0,7000000,0,10800000,15000000,3000000,2,5
20000000,1100000,21100000,33.5,24,1,12.0,14760214.0,1218107,0,32,0,6000000,0,9600000,30000000,6000000,4,3
30000000,1650000,31650000,45.0,24,1,12.0,24421000.0,2023033,0,45,0,11000000,0,24000000,22000000,5000000,2,3
20000000,1100000,21100000,33.5,24,1,13.0,16003000.0,1218107,0,43,0,12000000,0,12000000,35000000,5000000,2,3
20000000,1100000,21100000,47.0,18,1,13.0,21679000.0,1655490,0,29,0,9000000,0,24000000,20000000,7000000,1,3
10000000,550000,10550000,45.0,24,1,12.0,8237000.0,674344,1,29,0,15000000,0,36000000,30000000,9000000,2,3
20000000,1100000,21100000,33.5,30,1,12.0,12758040.0,1047720,1,39,0,8000000,0,12000000,35000000,6000000,2,7
30000000,1650000,31650000,35.0,30,1,12.0,19303000.0,1597414,0,23,0,10000000,0,12000000,30000000,6000000,2,3
10000000,550000,10550000,35.0,12,1,9.0,12788000.0,1054610,0,23,0,7000000,0,15600000,25000000,5000000,4,3
3913000,258258,4171258,0.01,6,1,6.0,4248000.0,696000,1,29,0,8000000,0,1500000,16000000,3000000,0,3
2950000,194700,3144700,0.01,3,1,3.0,3183000.0,1049000,1,26,0,6000000,0,500000,6000000,500000,4,2
2394000,158004,2552004,0.01,4,1,4.0,2604000.0,639000,0,24,0,7000000,0,900000,18000000,3500000,2,2
31780000,1589000,33369000,45.0,24,0,2.0,4278000.0,2133000,0,28,0,9000000,0,1000000,20000000,3000000,1,5
2152000,107600,2259600,65.0,6,1,7.0,2826000.0,452000,1,54,1,8000000,0,1000000,25000000,4000000,2,3
22500000,1237500,23737500,45.0,24,1,13.0,18360000.0,1518000,1,32,1,7000000,0,900000,25000000,4500000,2,3
6600000,330000,6930000,65.0,6,1,6.0,8373098.0,1384000,1,21,1,5000000,0,800000,11000000,3000000,2,3
2400000,120000,2520000,65.0,6,1,6.0,3084000.0,504000,1,23,0,7000000,0,1000000,20000000,4000000,4,3
6650000,438900,7088900,0.01,6,1,6.0,7164000.0,1182000,0,33,0,8000000,0,2000000,16000000,8000000,2,5
3500000,175000,3675000,65.0,9,0,-1.0,-1.0,527000,0,23,0,5000000,0,1000000,18000000,4000000,2,5
8190000,540540,8730540,0.01,6,1,6.0,8796000.0,1456000,0,22,0,6000000,0,1000000,30000000,5000000,4,3
2700000,135000,2835000,45.0,12,1,12.0,3720000.0,298000,0,31,0,7000000,0,1000000,16000000,3000000,2,5
3843000,253638,4096638,0.01,6,1,6.0,4170000.0,683000,0,24,0,3000000,0,900000,8000000,2500000,2,2
2099300,138554,2237854,0.01,6,1,6.0,2310000.0,373000,1,47,3,5000000,0,800000,10000000,4000000,2,5
2632000,131600,2763600,65.0,6,1,6.0,3384000.0,552000,0,44,0,6000000,0,700000,15000000,4000000,0,3
2990000,149500,3139500,45.0,6,1,6.0,3636000.0,595000,1,27,0,6000000,0,1000000,20000000,4000000,4,1
4890000,244500,5134500,35.0,12,1,12.0,6312000.0,514000,1,23,0,6000000,0,1000000,24000000,4000000,4,5
6990000,349500,7339500,45.0,12,0,11.0,8601000.0,771000,1,24,0,7500000,0,1000000,20000000,2000000,4,5
3290000,164500,3454500,65.0,6,0,5.0,3510000.0,690000,1,39,2,10000000,0,2000000,19000000,4500000,2,5
17500000,875000,18375000,45.0,12,0,9.0,17478000.0,1930000,1,45,1,12000000,0,1500000,31000000,3500000,2,3
4893000,322938,5215938,0.01,6,1,6.0,5332000.0,870000,0,40,0,10000000,0,1000000,18000000,4500000,2,3
9680000,484000,10164000,45.0,9,0,-1.0,-1.0,1352000,0,50,3,7000000,0,900000,35000000,4500000,2,3
2793000,184338,2977338,0.01,4,1,2.0,3025400.0,745000,0,50,0,6000000,0,1000000,25000000,8000000,3,1
2421000,159786,2580786,0.01,3,1,3.0,2619000.0,861000,1,32,0,6000000,0,1000000,12000000,5000000,2,3
6293000,314650,6607650,35.0,9,1,9.0,7724000.0,846000,0,52,0,5000000,0,800000,30000000,2000000,2,5
5399000,356334,5755334,0.01,6,1,6.0,5820000.0,960000,1,45,0,9000000,0,1000000,15000000,3000000,2,5
2982000,196812,3178812,0.01,6,1,6.0,3252000.0,530000,0,41,0,5000000,0,500000,15000000,4000000,2,3
2694000,177804,2871804,0.01,4,1,3.0,2920000.0,718000,1,20,0,5000000,0,1000000,17000000,4000000,4,7
3990000,263340,4253340,20.0,6,1,8.0,4578000.0,751000,1,46,0,6000000,0,1000000,19000000,3500000,2,5
50000000,2750000,52750000,35.0,36,1,12.0,28800000.0,2386201,1,33,0,8400000,0,8400000,15400000,3000000,2,5
25000000,1375000,26375000,35.0,24,0,11.0,14985145.0,1543429,0,24,0,7000000,0,7200000,25000000,3000000,4,5
50000000,2750000,52750000,35.0,30,1,12.0,32098714.0,2662357,1,36,0,14000000,0,36000000,50000000,7000000,1,7
10000000,550000,10550000,45.0,12,0,11.0,12319000.0,1107880,1,29,0,4676000,0,18000000,25000000,6000000,4,3
40000000,2200000,42200000,33.5,24,1,12.0,29376000.0,2436213,1,26,0,12000000,0,24000000,20000000,6000000,4,3
50000000,2750000,52750000,35.0,30,0,11.0,29415000.0,2662357,1,41,0,15000000,0,24000000,50000000,10000000,2,5
4893000,322938,5215938,0.01,6,1,6.0,5292000.0,870000,1,32,0,10000000,0,2000000,30000000,7000000,2,2
4830000,318780,5148780,0.01,6,1,6.0,5226000.0,859000,0,49,0,7000000,0,550000,20000000,2600000,2,3
16000000,800000,16800000,68.0,15,1,13.0,22165000.0,1693000,0,39,0,5000000,0,800000,15000000,3000000,2,1
4683000,309078,4992078,0.01,6,1,6.0,5070000.0,833000,0,47,0,10000000,0,2000000,35000000,6000000,2,5
29000000,0,29000000,61.8,9,1,9.0,37073000.0,4108000,1,23,0,8500000,0,1000000,17000000,3000000,2,3
5850000,292500,6142500,60.0,6,1,6.0,7338000.0,1211000,1,22,0,6000000,0,1500000,12000000,4000000,4,3
10000000,500000,10500000,55.0,12,1,12.0,14082000.0,1157000,1,21,0,6000000,0,800000,15000000,2500000,4,3
5593000,369138,5962138,0.01,6,1,3.0,6036000.0,994000,1,20,0,6000000,0,1000000,25000000,4500000,4,3
5310000,350460,5660460,0.01,6,1,6.0,5736000.0,944000,0,59,6,4000000,0,1000000,10000000,4000000,2,3
4893000,322938,5215938,0.01,6,1,6.0,5292000.0,870000,1,29,0,5500000,0,500000,15000000,2500000,4,2
4000000,200000,4200000,65.0,6,1,6.0,5106000.0,839000,1,22,1,7000000,0,2000000,15000000,6000000,2,5
3650000,182500,3832500,65.0,6,1,6.0,4672000.0,766000,1,22,1,6000000,0,1000000,12000000,3000000,2,3
6290000,314500,6604500,35.0,12,0,11.0,7391000.0,661000,0,36,0,6000000,0,1000000,12000000,4000000,2,3
2420000,121000,2541000,45.0,6,1,6.0,2958000.0,481000,1,49,0,7000000,0,1000000,20000000,2000000,3,1
2690000,0,2690000,65.0,6,1,6.0,3300000.0,538000,1,42,2,9000000,0,1000000,16000000,3000000,2,5
5190000,342540,5532540,0.01,6,1,6.0,5610000.0,923000,1,48,0,6000000,0,1000000,20000000,4500000,2,1
8099100,534541,8633641,0.01,6,1,6.0,8706000.0,1439000,1,25,0,7000000,0,2000000,20000000,10000000,4,3
2870000,143500,3013500,45.0,12,1,12.0,3940000.0,317000,0,49,0,5000000,0,1200000,5000000,1200000,2,3
4190000,276540,4466540,0.01,6,1,6.0,4539000.0,745000,1,29,0,8000000,0,1200000,22000000,4000000,2,2
2000000,100000,2100000,45.0,6,0,1.0,2296000.0,398000,0,44,0,9000000,0,1300000,28000000,3500000,2,3
6890000,344500,7234500,65.0,6,1,6.0,8811000.0,1445000,1,37,0,10000000,0,1000000,22000000,10000000,2,5
2000000,100000,2100000,45.0,6,1,6.0,2460000.0,398000,0,24,0,5000000,0,800000,10000000,2500000,2,7
5990000,395340,6385340,21.0,9,1,9.0,7073256.0,773000,0,33,1,6000000,0,1000000,16000000,4000000,2,3
6600000,330000,6930000,65.0,9,1,9.0,9032508.0,994000,0,26,0,6000000,0,700000,13000000,3000000,0,2
5990000,299500,6289500,35.0,12,1,11.0,7692000.0,629000,0,41,2,8000000,0,800000,30000000,4000000,2,5
2000000,100000,2100000,65.0,6,1,6.0,2587000.0,420000,0,32,2,7000000,0,1000000,18000000,4000000,2,5
2513000,125650,2638650,45.0,6,1,6.0,3060000.0,500000,0,32,2,12000000,0,2000000,20000000,3000000,0,3
5940000,392040,6332040,0.01,6,1,3.0,6408000.0,1056000,0,20,1,5000000,0,1000000,14000000,4000000,2,1
3913000,258258,4171258,0.01,6,1,6.0,4248000.0,696000,1,24,0,12000000,0,1500000,40000000,5000000,4,3
3913000,258258,4171258,0.01,6,1,6.0,4248000.0,696000,1,33,2,8000000,0,2000000,30000000,8000000,2,3
7690000,507540,8197540,0.01,6,1,6.0,8270000.0,1367000,1,29,0,10000000,0,1000000,10000000,1000000,2,3
3438000,226908,3664908,0.01,6,1,6.0,3738000.0,611000,0,43,0,8000000,0,1000000,20000000,4000000,2,3
2590000,129500,2719500,65.0,6,0,5.0,2775000.0,543000,1,24,0,6000000,0,800000,40000000,7000000,4,5
43000000,0,43000000,0.01,24,1,6.0,44454682.0,1792000,0,59,2,10000000,0,1000000,20000000,6000000,2,0
5033000,251650,5284650,35.0,9,1,9.0,6201000.0,677000,0,34,2,12000000,0,1000000,20000000,3000000,2,3
4893000,322938,5215938,0.01,6,1,6.0,5292000.0,870000,0,46,2,4000000,0,1500000,15000000,5600000,0,5
4893000,322938,5215938,0.01,6,1,6.0,5292000.0,870000,1,24,0,6000000,0,900000,15000000,3800000,2,3
6890000,454740,7344740,0.01,6,1,4.0,7417000.0,1225000,1,30,2,8000000,0,800000,15000000,4500000,2,3
2000000,100000,2100000,65.0,6,0,2.0,2331000.0,420000,1,26,0,10000000,0,700000,30000000,5000000,4,2
3143000,207438,3350438,0.01,4,1,4.0,3400000.0,838000,0,44,0,10000000,0,700000,20000000,2000000,2,2
2982000,196812,3178812,0.01,6,1,6.0,3252000.0,530000,1,34,2,6000000,0,1000000,10000000,3000000,2,3
5030000,331980,5361980,0.01,6,1,6.0,5436000.0,894000,1,46,2,8000000,0,2000000,17000000,8000000,2,5
3190000,210540,3400540,0.01,4,1,4.0,3452000.0,851000,1,36,2,10000000,0,1000000,16000000,3000000,2,3
6750000,337500,7087500,65.0,6,1,6.0,8568000.0,1416000,0,35,0,8000000,0,1400000,12000000,2000000,1,5
19000000,1045000,20045000,45.0,24,1,13.0,16822000.0,1282000,1,36,0,7000000,0,300000,15000000,2000000,1,3
4374000,288684,4662684,0.01,6,1,6.0,4735000.0,778000,1,45,2,9000000,0,800000,25000000,3800000,2,5
3114000,205524,3319524,0.01,6,1,6.0,3396000.0,554000,0,59,2,10000000,0,1100000,25000000,7500000,2,3
7000000,350000,7350000,65.0,6,0,3.0,4440000.0,1468000,1,20,0,7000000,0,1000000,25000000,3000000,4,5
4490000,296340,4786340,0.01,9,1,9.0,4895000.0,532000,0,30,0,7000000,0,1500000,25000000,5000000,2,0
11750000,0,11750000,45.0,6,1,6.0,13416000.0,2224000,0,38,0,15000000,0,1000000,30000000,4000000,2,2
4320000,216000,4536000,65.0,6,1,6.0,5508000.0,906000,1,21,0,7000000,0,3000000,7000000,3000000,4,3
2125000,106250,2231250,45.0,6,1,6.0,2610000.0,423000,1,28,0,6000000,0,1000000,25000000,3000000,0,3
6490000,324500,6814500,45.0,9,1,9.0,8271000.0,907000,0,32,0,8000000,0,800000,30000000,6000000,2,3
2000000,100000,2100000,45.0,6,1,6.0,2460000.0,398000,1,55,0,6000000,0,1200000,14500000,4500000,2,2
6090000,304500,6394500,35.0,12,0,2.0,640000.0,640000,0,27,2,5000000,0,800000,12000000,3200000,2,3
16500000,825000,17325000,68.0,12,0,11.0,22451000.0,2029000,1,42,0,10000000,0,900000,28000000,4800000,2,2
3200000,211200,3411200,0.01,3,1,3.0,3448000.0,1138000,0,28,3,6000000,0,1000000,30000000,7000000,2,5
4893000,322938,5215938,0.01,6,1,7.0,5294000.0,870000,1,46,0,6000000,0,700000,20000000,3000000,0,2
4221000,0,4221000,17.7,10,0,8.0,3760000.0,458000,0,38,0,7000000,0,700000,25000000,2500000,0,5
3143000,207438,3350438,0.01,4,1,3.0,3471000.0,838000,0,41,2,8000000,0,3000000,20000000,15000000,2,3
3843000,253638,4096638,0.01,6,1,6.0,4158000.0,683000,0,33,2,9000000,0,1000000,18000000,4000000,2,7
6980000,349000,7329000,65.0,6,1,6.0,8856000.0,1464000,0,24,0,6000000,0,800000,18000000,3000000,4,1
9495000,626670,10121670,0.01,6,1,6.0,10183000.0,1687000,1,29,0,7000000,0,800000,27000000,4000000,2,2
5490000,274500,5764500,65.0,6,0,5.0,5815000.0,1151000,1,24,0,7500000,0,1000000,28000000,3500000,4,5
6990000,349500,7339500,45.0,9,1,9.0,8890929.0,976000,0,22,0,10000000,0,900000,25000000,3000000,4,0
5590000,279500,5869500,65.0,9,1,9.0,7677000.0,842000,1,23,0,8000000,0,2000000,8000000,2000000,4,5
12190000,609500,12799500,68.0,6,1,4.0,15528000.0,2576000,1,21,0,8000000,0,1000000,17000000,6000000,2,3
40000000,0,40000000,35.0,12,1,12.0,48126000.0,3999000,0,36,2,20000000,0,1000000,20000000,2000000,1,3
3913000,258258,4171258,0.01,6,1,6.0,4248000.0,696000,1,35,0,6000000,0,800000,40000000,4000000,3,2
7000000,0,7000000,35.0,9,1,6.0,8172000.0,896000,0,25,1,10000000,0,600000,17000000,4000000,1,2
3490000,0,3490000,65.0,9,1,9.0,4618000.0,501000,1,27,0,7000000,0,800000,18000000,2500000,4,2
4490000,224500,4714500,85.0,6,0,3.0,3012000.0,992000,1,26,0,6000000,0,2000000,12000000,4000000,2,5
25000000,0,25000000,0.0,12,0,3.0,26036000.0,2506000,0,22,0,6500000,0,1000000,14000000,4000000,0,3
13000000,650000,13650000,68.0,12,1,12.0,19324000.0,1599000,0,40,0,15000000,0,3000000,50000000,15000000,2,3
5000000,250000,5250000,45.0,6,1,6.0,6036000.0,994000,0,38,1,7000000,0,1000000,18000000,4000000,0,1
2982000,0,2982000,0.01,6,1,6.0,3060000.0,498000,1,33,0,12000000,0,1500000,20000000,10000000,2,3
12000000,660000,12660000,45.0,6,1,6.0,14448000.0,2396000,1,27,0,7000000,0,1000000,25000000,2000000,4,3
21000000,1050000,22050000,35.0,12,1,11.0,26604000.0,2205000,1,23,0,6000000,0,1000000,25000000,3000000,4,3
9030000,595980,9625980,0.01,6,1,6.0,9690000.0,1605000,0,41,0,7000000,0,800000,21000000,4000000,2,3
2394000,158004,2552004,0.01,4,1,4.0,2600057.0,639000,1,41,0,7300000,0,2000000,14000000,5000000,2,0
4480000,224000,4704000,45.0,12,1,12.0,6072000.0,494000,1,28,0,6000000,0,700000,18000000,2500000,4,3
6100000,402600,6502600,0.01,6,1,6.0,6576000.0,1084000,0,42,0,6000000,0,800000,24000000,10000000,2,5
3843000,253638,4096638,0.01,6,1,6.0,4170000.0,683000,0,29,2,5000000,0,800000,11000000,4000000,2,2
6480000,427680,6907680,0.01,6,1,6.0,6984000.0,1152000,1,39,2,8000000,0,900000,18000000,3000000,2,2
18500000,1017500,19517500,45.0,12,1,9.0,24643000.0,2050000,1,20,0,7000000,0,800000,21000000,3500000,4,3
6990000,349500,7339500,85.0,12,0,-1.0,-1.0,929000,1,41,0,7000000,0,1000000,14000000,3500000,2,5
4152000,274032,4426032,10.21,6,1,6.0,4632000.0,760000,0,43,0,10000000,0,3000000,10000000,3000000,4,3
8680000,434000,9114000,35.0,9,1,9.0,10601000.0,1167000,0,36,0,7000000,0,400000,16000000,1800000,2,2
4221000,278586,4499586,17.7,10,0,9.0,4500000.0,488000,0,37,0,4500000,0,600000,15000000,2000000,2,3
16800000,840000,17640000,45.0,12,0,10.0,20663000.0,1853000,1,24,0,8000000,0,800000,20000000,4000000,4,1
4495000,296670,4791670,0.01,6,1,6.0,4864000.0,799000,1,29,1,8000000,0,1000000,16000000,5000000,2,3
4893000,322938,5215938,0.01,6,1,6.0,5292000.0,870000,0,28,2,6500000,0,700000,12500000,2800000,2,0
10000000,500000,10500000,35.0,9,1,9.0,12198000.0,1344000,1,25,1,14000000,0,2000000,18000000,5000000,2,3
4893000,322938,5215938,0.01,6,1,3.0,5289000.0,870000,0,23,0,5000000,0,1000000,20000000,5000000,4,3
5999000,395934,6394934,0.01,6,1,6.0,6468000.0,1066000,0,23,0,9000000,0,3000000,9000000,3000000,4,0
2152000,107600,2259600,45.0,6,0,2.0,2500000.0,428000,1,48,2,6000000,0,1000000,11000000,4000000,2,5
4893000,322938,5215938,0.01,6,1,6.0,5292000.0,870000,0,24,0,8000000,0,2000000,35000000,6000000,4,3
2420000,121000,2541000,45.0,9,1,9.0,3150000.0,338000,1,57,3,5000000,0,500000,10000000,1000000,0,3
5490000,274500,5764500,45.0,9,1,9.0,7006000.0,767000,1,34,0,6000000,0,1000000,22000000,4000000,0,3
5990000,299500,6289500,35.0,9,1,9.0,7345000.0,805000,1,21,0,7000000,0,1500000,12000000,3000000,2,2
4893000,322938,5215938,0.01,6,1,6.0,5292000.0,870000,0,34,0,7000000,0,1000000,25000000,4000000,2,5
2499000,0,2499000,45.0,6,1,7.0,2960000.0,473000,1,24,0,7000000,0,1000000,20000000,3000000,4,0
4893000,322938,5215938,0.01,6,1,6.0,5293000.0,870000,1,31,2,15000000,0,1500000,30000000,6000000,2,5
2400000,120000,2520000,45.0,6,1,6.0,2886000.0,477000,0,22,0,5000000,0,1000000,20000000,5000000,2,3
7990000,527340,8517340,0.01,6,1,6.0,8580000.0,1420000,1,30,2,7000000,0,1000000,25000000,4000000,2,2
8999000,449950,9448950,35.0,9,1,10.0,11111000.0,1209000,1,41,0,7000000,0,1000000,7000000,1000000,1,3
6990000,461340,7451340,0.01,6,1,6.0,7524000.0,1242000,1,21,0,8000000,0,1000000,17000000,4000000,4,5
18000000,900000,18900000,45.0,12,1,12.0,23964000.0,1985000,1,28,1,7000000,0,1000000,14000000,2500000,2,5
5380000,355080,5735080,0.01,6,1,6.0,5808000.0,956000,1,38,0,5000000,0,800000,10000000,3200000,2,1
2190000,109500,2299500,65.0,6,0,1.0,1416000.0,460000,1,41,1,8000000,0,1000000,15000000,3000000,0,1
5590000,368940,5958940,0.01,6,1,6.0,6031123.0,994000,0,21,0,6000000,0,1200000,15000000,4500000,0,5
5890000,388740,6278740,0.01,6,1,6.0,6355000.0,1047000,0,24,0,7000000,0,1000000,18000000,5000000,2,3
5495000,362670,5857670,0.01,9,0,6.0,3978000.0,651000,0,37,0,7000000,0,900000,13000000,2900000,1,3
6390000,319500,6709500,65.0,9,0,-1.0,-1.0,962000,1,41,0,7000000,0,900000,25000000,3000000,4,2
27800000,1390000,29190000,45.0,12,1,12.0,36936000.0,3066000,1,37,2,9000000,0,1000000,21000000,5000000,2,5
2303000,115150,2418150,45.0,6,1,6.0,2820000.0,458000,1,43,2,8000000,0,1600000,18000000,5500000,2,3
28000000,1400000,29400000,35.0,12,0,1.0,31740000.0,2939000,1,23,0,7000000,0,1000000,20000000,4000000,4,3
2400000,120000,2520000,45.0,6,1,6.0,2934000.0,477000,1,33,0,7000000,0,1000000,25000000,4000000,2,3
3032000,200112,3232112,0.01,4,1,2.0,3406000.0,809000,0,20,0,6000000,0,1500000,27000000,5000000,4,3
3843000,253638,4096638,0.01,6,1,6.0,4170000.0,683000,1,31,0,6000000,0,700000,15000000,2500000,2,5
6040000,302000,6342000,65.0,6,1,6.0,7674000.0,1267000,1,33,1,7500000,0,2000000,16000000,4000000,2,5
2694000,177804,2871804,0.01,4,1,4.0,2920000.0,718000,1,21,0,6000000,0,800000,18000000,3000000,4,3
6414000,423324,6837324,0.01,6,1,6.0,6912000.0,1140000,1,41,0,8500000,0,1000000,14000000,4000000,2,7
6790000,339500,7129500,45.0,12,1,11.0,9132000.0,749000,1,24,0,7000000,0,1000000,20500000,7000000,4,3
2630000,131500,2761500,45.0,6,1,6.0,3207000.0,523000,1,41,2,6000000,0,1000000,12000000,4000000,2,3
7990000,399500,8389500,35.0,9,1,9.0,9774000.0,1074000,1,37,0,8000000,0,1000000,25000000,3000000,4,0
4893000,322938,5215938,0.01,6,1,5.0,5292000.0,870000,1,39,1,6000000,0,1000000,15000000,3000000,2,3
15800000,0,15800000,68.0,6,1,6.0,19149000.0,3180000,1,21,0,9000000,0,1000000,20000000,3000000,4,3
6414000,423324,6837324,0.01,6,1,6.0,6910000.0,1140000,1,22,0,8000000,0,1200000,19000000,4500000,4,3
3843000,253638,4096638,0.01,6,1,6.0,4170000.0,683000,1,40,0,5000000,0,900000,18000000,3000000,2,7
2394000,158004,2552004,0.01,4,1,4.0,2604000.0,639000,0,39,0,8000000,0,1300000,20000000,8000000,2,3
31000000,1705000,32705000,45.0,12,1,12.0,41463000.0,3435000,0,22,0,9000000,0,1500000,23000000,6000000,2,2
4000000,220000,4220000,41.5,6,1,6.0,4818000.0,791000,0,33,0,10000000,0,1000000,20000000,5000000,2,3
16000000,800000,16800000,68.0,9,1,9.0,21915000.0,2435000,0,42,0,8000000,0,800000,25000000,3500000,2,5
7840000,517440,8357440,0.01,6,1,6.0,8430000.0,1393000,0,49,2,10000000,0,1500000,35000000,6000000,2,5
8000000,400000,8400000,80.0,12,1,12.0,12612000.0,1039000,1,34,0,8000000,0,1000000,25000000,3000000,4,2
20000000,1000000,21000000,35.0,12,1,12.0,25344000.0,2100000,0,47,2,6000000,0,1500000,16000000,8000000,0,1
6230000,0,6230000,0.01,6,1,6.0,6302182.0,1039000,1,21,0,6000000,0,600000,40000000,3000000,4,3
2373000,156618,2529618,0.01,4,1,4.0,2580000.0,633000,0,39,0,6000000,0,800000,20000000,1500000,2,5
2400000,120000,2520000,65.0,6,1,6.0,3090000.0,504000,1,55,1,5000000,0,1000000,20000000,4000000,2,1
4491000,296406,4787406,0.01,6,1,8.0,4860000.0,798000,1,21,0,7000000,0,1500000,27000000,4600000,4,2
9000000,495000,9495000,45.0,6,1,6.0,10842000.0,1797000,1,23,0,5000000,0,1000000,15000000,4000000,4,2
4893000,322938,5215938,0.01,6,1,6.0,5293000.0,870000,0,35,1,6000000,0,800000,15000000,2500000,2,3
23000000,1150000,24150000,45.0,12,1,11.0,30711000.0,2537000,0,30,1,8000000,0,1600000,15000000,4000000,2,3
30000000,1500000,31500000,45.0,12,1,11.0,40004000.0,3308000,0,26,0,6000000,0,1000000,25000000,9000000,2,3
4893000,322938,5215938,0.01,6,1,5.0,5289000.0,870000,0,43,0,5000000,0,1000000,30000000,4000000,2,3
6000000,300000,6300000,55.0,12,1,11.0,8484000.0,695000,1,24,0,10000000,0,2000000,15000000,4000000,4,5
4990000,249500,5239500,65.0,6,1,6.0,6341000.0,1047000,0,21,0,5000000,0,1000000,11000000,3500000,0,3
9410000,0,9410000,0.01,6,1,6.0,9486000.0,1569000,1,22,0,7000000,0,1000000,22000000,2200000,4,2
6290000,314500,6604500,45.0,6,1,6.0,7572000.0,1250000,1,23,0,8000000,0,1200000,22000000,3500000,2,3
2000000,100000,2100000,45.0,6,1,6.0,2460000.0,398000,1,44,0,6000000,0,1000000,20000000,3000000,2,2
3843000,253638,4096638,0.01,4,1,4.0,4148000.0,1025000,1,27,0,6000000,0,1200000,15000000,4000000,2,3
3360000,168000,3528000,65.0,6,1,6.0,4297648.0,705000,1,22,0,7000000,0,1000000,12000000,3000000,4,3
4490000,224500,4714500,45.0,6,1,6.0,5430000.0,893000,1,37,0,7000000,0,900000,14000000,3500000,0,3
30000000,1980000,31980000,0.0,12,0,2.0,33443000.0,3206000,1,29,2,10000000,0,1000000,18000000,3000000,2,3
2400000,120000,2520000,45.0,6,1,6.0,2934000.0,477000,1,41,2,7000000,0,1000000,23000000,5000000,0,3
32000000,1760000,33760000,45.0,15,1,13.0,35956000.0,2984000,0,25,0,8000000,0,300000,30000000,1500000,4,2
4893000,322938,5215938,0.01,6,1,6.0,5292000.0,870000,1,48,3,7000000,0,1400000,21000000,6000000,2,3
3290000,164500,3454500,65.0,6,1,6.0,4212000.0,690000,0,30,2,6000000,0,1000000,12000000,4000000,2,5
4893000,322938,5215938,0.01,6,1,6.0,5292000.0,870000,0,47,0,10000000,0,1000000,25000000,4000000,2,3
9236000,0,9236000,0.01,6,1,6.0,9309000.0,1540000,1,30,0,8000000,0,500000,30000000,1500000,4,3
4683000,309078,4992078,0.01,6,1,6.0,5064223.0,833000,1,28,1,7500000,0,950000,15000000,3500000,2,3
6291000,0,6291000,45.0,6,1,6.0,7242000.0,1191000,1,49,0,10000000,0,1500000,18000000,7500000,2,3
3843000,253638,4096638,0.01,6,1,6.0,4170000.0,683000,0,28,1,5000000,0,1000000,20000000,3000000,2,5
6414000,0,6414000,0.01,6,1,6.0,6487000.0,1070000,1,21,0,10000000,0,2000000,30000000,5000000,2,2
3690000,243540,3933540,0.01,6,1,5.0,4008000.0,656000,1,52,4,10000000,0,1000000,30000000,6000000,2,5
5394000,269700,5663700,45.0,6,1,4.0,6504000.0,1072000,1,21,0,5000000,0,600000,25000000,5000000,4,2
46500000,0,46500000,21.11,9,1,10.0,51579000.0,5632000,1,35,2,15000000,0,1500000,30000000,7000000,2,3
4680000,308880,4988880,0.01,6,1,6.0,5064000.0,832000,0,21,0,3000000,0,1000000,20000000,5000000,2,2
2994000,197604,3191604,0.01,6,1,6.0,3264000.0,532000,1,50,2,9000000,0,1000000,25000000,4000000,2,5
2982000,196812,3178812,0.01,6,1,6.0,3240000.0,530000,1,38,0,7000000,0,1200000,9000000,4000000,2,5
14490000,724500,15214500,35.0,12,0,11.0,16863000.0,1521000,0,40,1,8500000,0,1000000,25000000,5000000,2,5
3990000,199500,4189500,65.0,6,1,6.0,5097000.0,837000,0,22,0,4000000,0,1000000,15000000,8000000,2,5
2190000,109500,2299500,65.0,12,0,11.0,3058000.0,266000,0,26,0,6000000,0,1200000,19000000,3400000,2,1
4893000,322938,5215938,0.01,6,1,6.0,5289000.0,870000,0,57,0,6000000,0,1000000,20000000,4000000,2,3
4893000,322938,5215938,0.01,6,1,6.0,5289000.0,870000,1,39,0,7500000,0,1000000,13000000,4000000,2,7
4232000,279312,4511312,0.01,6,1,7.0,4584000.0,752000,0,32,2,10000000,0,2000000,20000000,7000000,2,3
19000000,950000,19950000,50.0,6,1,6.0,23034000.0,3827000,1,50,0,20000000,0,2000000,30000000,8000000,2,1
2814000,140700,2954700,65.0,6,1,6.0,3612000.0,590000,1,40,0,9000000,0,800000,20000000,3000000,2,5
4893000,322938,5215938,0.01,6,1,6.0,5289000.0,870000,0,25,0,6000000,0,1100000,16000000,4000000,2,3
3843000,253638,4096638,0.01,6,1,6.0,4158000.0,683000,1,33,0,5000000,5000000,1000000,20000000,4000000,2,3
3913000,258258,4171258,0.01,6,1,6.0,4248000.0,696000,1,20,0,6000000,0,900000,20000000,3000000,4,3
8622000,569052,9191052,0.01,6,1,6.0,9266000.0,1532000,1,20,0,7000000,0,900000,25000000,3600000,4,2
4990000,249500,5239500,85.0,6,0,-1.0,-1.0,1103000,1,35,2,6000000,0,1000000,15000000,4000000,2,5
8190000,540540,8730540,0.01,6,1,6.0,8808000.0,1456000,1,31,0,5000000,0,500000,20000000,2000000,2,5
3790000,189500,3979500,45.0,6,1,6.0,4578000.0,753000,1,27,0,7500000,0,1000000,30000000,4000000,3,2
15500000,775000,16275000,61.8,9,1,9.0,20852000.0,2306000,0,46,0,7000000,0,1200000,18000000,4800000,2,3
9750000,643500,10393500,0.01,6,1,6.0,10470000.0,1733000,0,44,1,10000000,0,1000000,30000000,10000000,2,0
2214000,146124,2360124,0.01,4,1,4.0,2412000.0,591000,0,21,0,4500000,0,1000000,13000000,3000000,4,3
5590000,279500,5869500,35.0,12,1,9.0,7160000.0,587000,1,42,0,10000000,0,2000000,20000000,5000000,4,3
2392000,119600,2511600,65.0,6,1,6.0,3081000.0,502000,0,44,0,8000000,0,1000000,20000000,2000000,2,1
5600000,280000,5880000,65.0,6,1,6.0,7144000.0,1174000,1,30,0,8000000,0,850000,45000000,5000000,4,0
4893000,322938,5215938,0.01,6,1,6.0,5289000.0,870000,0,50,2,5000000,0,1000000,15000000,3000000,2,3
2000000,100000,2100000,45.0,6,1,5.0,2452000.0,398000,1,55,0,5000000,0,900000,15000000,3500000,2,5
2982000,196812,3178812,0.01,6,1,6.0,3261000.0,530000,1,29,0,7000000,0,1000000,25000000,5000000,4,2
13000000,650000,13650000,68.0,12,0,2.0,3222000.0,1599000,1,20,0,8000000,0,1000000,20000000,4000000,4,5
2000000,100000,2100000,65.0,6,1,4.0,2557000.0,420000,0,27,0,6000000,0,1000000,24000000,4000000,2,3
6990000,349500,7339500,85.0,12,0,1.0,941000.0,929000,1,39,1,6500000,0,1500000,20000000,7500000,1,5
6990000,349500,7339500,35.0,9,0,7.0,6657000.0,939000,1,28,0,6500000,0,500000,18000000,4000000,4,3
6083000,401478,6484478,0.01,6,1,6.0,6558000.0,1081000,1,50,0,7000000,0,1000000,20000000,4000000,2,5
2000000,100000,2100000,45.0,6,1,6.0,2460000.0,398000,1,25,0,7000000,0,700000,20000000,2000000,2,3
13000000,715000,13715000,45.0,6,1,6.0,15648000.0,2596000,1,34,0,5000000,0,500000,12000000,2000000,4,3
4893000,322938,5215938,0.01,6,1,6.0,5290000.0,870000,1,33,2,15000000,0,2000000,23000000,5000000,2,2
43000000,0,43000000,0.01,24,1,1.0,45086000.0,1792000,0,27,0,5000000,0,1000000,20000000,7000000,3,2
2000000,100000,2100000,65.0,6,1,6.0,2592000.0,420000,1,52,2,8000000,0,3000000,13000000,4000000,0,5
2630000,131500,2761500,45.0,6,1,6.0,3243000.0,523000,0,33,0,9000000,0,900000,29000000,4000000,2,3
4500000,225000,4725000,65.0,6,1,8.0,5797000.0,944000,0,21,0,8000000,0,1000000,35000000,5500000,2,3
3490000,174500,3664500,65.0,6,0,2.0,4226000.0,732000,1,51,0,5000000,0,500000,14000000,3000000,0,3
5243000,262150,5505150,45.0,6,1,6.0,6324000.0,1042000,0,34,3,4000000,0,500000,15000000,2000000,2,5
2960000,148000,3108000,65.0,6,1,6.0,3823361.0,620514,0,39,0,7000000,0,24000000,16000000,5000000,2,3
5590000,279500,5869500,35.0,9,1,8.0,6929000.0,751000,0,36,2,15000000,0,5000000,30000000,15000000,2,7
8930000,446500,9376500,45.0,6,1,6.0,10722000.0,1775000,1,22,0,7000000,0,2000000,20000000,4000000,4,3
31000000,0,31000000,45.0,12,1,12.0,39207000.0,3256000,0,28,0,9000000,0,2500000,46000000,15000000,2,2
9490000,626340,10116340,0.01,9,1,3.0,10558000.0,1125000,0,33,1,40000000,0,5000000,40000000,5000000,1,3
10900000,719400,11619400,0.01,9,1,6.0,11950000.0,1292000,1,31,0,8000000,0,1000000,21000000,5000000,2,5
2190000,109500,2299500,65.0,12,1,12.0,3344000.0,266000,1,46,0,12000000,0,500000,20000000,2000000,2,3
3283000,164150,3447150,45.0,6,1,6.0,4011000.0,653000,1,26,2,4000000,0,800000,15000000,5000000,2,5
15000000,825000,15825000,45.0,10,1,10.0,19417000.0,1927000,1,48,2,7500000,0,650000,17000000,3500000,2,5
4221000,278586,4499586,17.7,10,1,10.0,5009218.0,488000,1,28,0,7000000,0,800000,20000000,3000000,4,3
4990000,329340,5319340,0.01,4,1,4.0,5368000.0,1330000,0,40,0,15000000,0,2000000,15000000,2000000,4,5
2900000,145000,3045000,65.0,6,1,4.0,3687000.0,608000,1,28,2,6000000,0,900000,15000000,3000000,2,5
8673000,0,8673000,0.01,6,1,6.0,8748000.0,1446000,0,23,0,5000000,0,1200000,20000000,4000000,4,3
15000000,0,15000000,45.0,9,1,9.0,18058000.0,1995000,1,35,0,10000000,0,500000,15000000,1500000,4,3
5590000,279500,5869500,45.0,9,1,9.0,7137000.0,781000,0,25,1,7000000,0,1500000,7000000,1500000,0,5
7900000,521400,8421400,0.01,6,1,6.0,8496000.0,1404000,0,27,2,5200000,0,1000000,15000000,6000000,2,3
5590000,279500,5869500,65.0,6,0,4.0,6996000.0,1172000,0,23,0,7000000,0,800000,20000000,2500000,2,3
11750000,0,11750000,68.0,6,1,6.0,14262000.0,2365000,1,21,0,7000000,0,1000000,21000000,4000000,4,3
2490000,124500,2614500,45.0,9,1,6.0,3191000.0,348000,1,49,0,5500000,0,1000000,19000000,4000000,2,5
3913000,258258,4171258,0.01,6,1,6.0,4244000.0,696000,0,59,0,9000000,0,1100000,30000000,6000000,2,1
4893000,322938,5215938,0.01,6,1,6.0,5230000.0,870000,0,46,0,6000000,0,800000,11000000,3800000,2,3
6730000,444180,7174180,0.01,6,1,6.0,7248000.0,1196000,0,52,7,12000000,0,1500000,20000000,7000000,2,5
4683000,309078,4992078,0.01,6,1,6.0,5070000.0,833000,1,29,0,7000000,0,1000000,15000000,2000000,0,2
4890000,244500,5134500,45.0,6,1,6.0,5904000.0,972000,0,41,0,7000000,0,600000,22000000,4000000,2,3
4576000,228800,4804800,35.0,9,1,9.0,5643000.0,615000,0,48,0,6000000,0,1000000,20000000,4000000,0,5
5990000,299500,6289500,85.0,6,1,7.0,8010000.0,1323000,0,26,2,6000000,0,800000,18000000,3500000,2,5
3590000,179500,3769500,45.0,6,1,6.0,4351000.0,714000,0,51,0,8000000,0,1000000,30000000,4000000,0,2
4893000,322938,5215938,0.01,6,1,6.0,5292000.0,870000,0,33,3,6000000,0,1000000,20000000,6000000,0,3
1240000,62000,1302000,85.0,6,1,6.0,1753000.0,274000,0,49,3,5000000,0,1000000,20000000,5000000,2,5
6291000,415206,6706206,19.6,10,0,9.0,6693000.0,733000,0,26,0,7000000,0,700000,20000000,3500000,2,0
2690000,134500,2824500,65.0,6,1,6.0,3444000.0,564000,0,37,4,7000000,0,1000000,20000000,6000000,2,2
6293000,415338,6708338,0.01,6,1,6.0,6786000.0,1119000,0,29,1,10000000,0,2000000,30000000,7000000,2,3
3913000,258258,4171258,0.01,6,1,6.0,4248000.0,696000,1,24,0,3000000,0,1000000,19000000,3000000,4,2
4495000,0,4495000,0.01,9,1,9.0,4608000.0,500000,0,33,0,8000000,0,1000000,20000000,5000000,2,3
6293000,415338,6708338,0.01,6,1,6.0,6781000.0,1119000,1,22,0,7000000,0,4000000,30000000,15000000,4,2
4495000,296670,4791670,0.01,9,1,9.0,4905000.0,533000,0,23,0,7000000,0,700000,30000000,2800000,3,3
36000000,1800000,37800000,45.0,24,1,12.0,29148000.0,2417000,0,21,0,10000000,0,2000000,40000000,12000000,4,3
5992000,395472,6387472,0.01,6,1,6.0,6474000.0,1065000,1,26,0,8000000,0,1500000,25000000,5000000,3,2
4893000,322938,5215938,0.01,6,1,6.0,5289000.0,870000,1,43,2,13000000,0,1000000,15000000,3000000,2,5
4893000,322938,5215938,0.01,6,1,6.0,5292000.0,870000,1,30,1,5000000,0,900000,15000000,4000000,0,2
3300000,165000,3465000,65.0,6,0,7.0,4012000.0,692000,1,24,2,7000000,0,700000,14000000,3500000,2,5
43000000,0,43000000,0.01,18,1,4.0,44399986.0,2390000,0,31,0,10000000,0,1000000,20000000,5000000,3,0
4090000,269940,4359940,0.01,6,1,6.0,4434000.0,727000,1,37,0,12000000,0,900000,20000000,4000000,2,5
7490000,494340,7984340,0.01,6,1,6.0,8058000.0,1331000,1,32,2,8000000,0,1000000,16000000,4000000,2,2
4221000,278586,4499586,17.7,10,1,9.0,5000000.0,488000,1,25,0,7000000,0,1000000,7000000,1000000,3,5
3490000,174500,3664500,45.0,12,0,8.0,3176000.0,385000,1,22,1,5000000,0,800000,12000000,2500000,2,5
2140000,107000,2247000,45.0,6,1,6.0,2628000.0,426000,1,33,0,9000000,0,500000,15000000,1500000,2,5
6952000,347600,7299600,35.0,9,1,9.0,8513000.0,934000,0,24,1,7000000,0,800000,18000000,3500000,2,2
7512000,0,7512000,0.01,6,1,6.0,7590000.0,1253000,0,44,0,10000000,0,1000000,10000000,2500000,1,3
8090000,404500,8494500,35.0,9,1,9.0,9891000.0,1087000,1,37,0,8000000,0,1000000,26000000,3000000,2,5
11530000,0,11530000,45.0,6,0,2.0,12844000.0,2182000,1,50,0,7000000,0,1000000,21000000,4000000,2,7
4000000,200000,4200000,45.0,6,1,6.0,4830000.0,795000,0,29,0,8000000,0,1500000,15000000,6000000,4,2
3592000,179600,3771600,45.0,6,1,6.0,4405000.0,714000,1,45,0,8000000,0,700000,16000000,3200000,2,2
14990000,749500,15739500,35.0,12,1,13.0,19028000.0,1574000,0,42,3,10000000,0,1000000,22000000,5000000,2,5
2994000,197604,3191604,0.01,4,1,4.0,3240000.0,798000,1,26,0,7000000,0,1000000,20000000,3000000,4,3
5690000,375540,6065540,0.01,6,1,6.0,6138000.0,1011000,0,24,0,3000000,0,900000,10000000,3000000,2,5
5790000,289500,6079500,35.0,9,1,9.0,7110000.0,778000,1,29,2,8000000,0,1000000,16000000,4000000,2,2
3690000,0,3690000,65.0,6,1,6.0,4494000.0,737000,0,24,0,6000000,0,700000,15000000,2500000,2,2
4000000,264000,4264000,0.01,6,1,6.0,4337000.0,711000,0,50,0,7000000,0,1000000,25000000,8000000,4,3
3490000,174500,3664500,65.0,6,0,3.0,2232000.0,732000,1,40,0,5500000,0,700000,11000000,2800000,2,3
2994000,197604,3191604,0.01,4,1,4.0,3240000.0,798000,0,41,0,20000000,0,2000000,25000000,2000000,2,5
6291000,0,6291000,19.6,10,0,8.0,6257000.0,687000,0,27,2,8000000,0,900000,17000000,3000000,2,3
6490000,428340,6918340,0.01,6,1,6.0,6990551.0,1154000,1,41,2,11000000,0,2000000,20000000,4000000,0,3
26000000,1300000,27300000,45.0,18,0,4.0,8500000.0,2113000,1,23,0,7000000,0,700000,13000000,3000000,4,5
9990000,659340,10649340,0.01,9,1,9.0,10772000.0,1184000,0,49,0,15000000,0,2000000,15000000,2000000,1,7
6291000,0,6291000,19.6,10,0,9.0,6292000.0,687000,0,25,0,6000000,0,1000000,27000000,4000000,4,2
5243000,346038,5589038,0.01,6,1,4.0,5664000.0,932000,0,22,0,5000000,0,1500000,5000000,1500000,4,0
17600000,880000,18480000,68.0,18,1,12.0,20112000.0,1665000,0,24,0,6500000,0,1000000,12000000,2500000,2,3
30000000,0,30000000,45.0,15,1,12.0,31968000.0,2652000,0,40,0,10000000,0,800000,18000000,3200000,2,3
7790000,514140,8304140,0.01,6,1,6.0,8377000.0,1385000,1,20,0,8000000,0,950000,25000000,3700000,4,3
5590000,279500,5869500,65.0,6,1,6.0,7104000.0,1172000,0,25,2,5000000,0,1000000,14000000,7500000,2,5
2700000,135000,2835000,65.0,12,1,9.0,4007000.0,328000,0,37,0,7000000,0,1000000,7000000,2000000,4,5
45000000,2250000,47250000,45.0,12,1,12.0,59688000.0,4962000,0,21,0,11000000,0,1000000,11000000,1000000,4,3
6799000,339950,7138950,35.0,9,1,9.0,8338000.0,914000,0,20,0,5000000,0,1000000,20000000,5000000,2,2
5990000,299500,6289500,35.0,12,0,5.0,3205000.0,629000,0,34,0,4900000,0,1000000,35000000,8000000,2,3
6000000,396000,6396000,0.01,6,1,6.0,6474000.0,1067000,0,36,0,6000000,0,500000,15000000,1000000,2,2
10220000,511000,10731000,55.0,12,0,1.0,1195000.0,1183000,1,29,1,10000000,0,1000000,16000000,3500000,0,2
22050000,1102500,23152500,45.0,15,1,12.0,24708000.0,2047000,0,23,0,5000000,0,1000000,14000000,4500000,4,2
12000000,0,12000000,35.0,12,1,12.0,14544000.0,1200000,0,30,0,15000000,0,1000000,30000000,5000000,2,2
3913000,258258,4171258,0.01,6,1,1.0,4392000.0,696000,1,29,2,6000000,0,1000000,12000000,2500000,2,3
5600000,369600,5969600,0.01,6,1,6.0,6030000.0,995000,1,23,0,8000000,0,1000000,30000000,4000000,2,3
6400000,320000,6720000,55.0,12,1,12.0,9036000.0,741000,1,21,0,6000000,0,1000000,17000000,5000000,4,2
4893000,322938,5215938,0.01,6,1,6.0,5289000.0,870000,0,37,0,7000000,0,500000,20000000,2000000,2,3
2550000,127500,2677500,65.0,6,1,6.0,3282000.0,535000,0,35,3,6000000,0,2000000,15000000,5000000,2,1
2983000,196878,3179878,0.01,6,1,6.0,3252000.0,530000,0,27,1,10000000,0,2000000,10000000,2000000,2,3
