,APP_ID,DISBURSALDATE,REPORT_DATE,TERM_TMP,PRODUCT_NAME,LOANAMOUNT_NOT_INSURANCE,INSURANCE_FEE,LA,EFF_RATE,TERM,COUNT_TERM_RECEIPT,flag term,SUM_RECEIPT_AMT,Unnamed: 13,flag loan amt,flag final,RESULT_YES/NO,EMI,GENDER,AGE,Number of Children,PERSONAL_INCOME,ADDITIONAL_INCOME,PERSONAL_EXPENSE,FAMILY_INCOME,FAMILY_EXPENSE,MARITAL_STATUS,EDUCATION,City,ADDRESS_CURRENT_CITY,PROVINCE_CURRENT
1501,16379623.0,2017-10-04,2018-10-26,12.0,FC UP DSA TS SCORE 1 NEW- 761,10000000.0,550000.0,,35.0,24.0,,1.0,7431000.0,,1.0,1.0,1.0,617371.0,M,23.0,,5000000.0,0.0,24000000.0,15000000.0,2000000.0,Single,High School,Tỉnh Hà Tĩnh,Hương Sơn,Tỉnh Hà Tĩnh
2586,16519377.0,2017-10-11,2018-10-26,12.0,,10000000.0,550000.0,10550000.0,,12.0,12.0,1.0,14487252.0,,1.0,1.0,1.0,1190252.0,F,21.0,,6000000.0,0.0,9600000.0,30000000.0,8000000.0,Married,High School,Tỉnh Gia Lai,Chư Prông,Tỉnh Gia Lai
2653,16620007.0,,2018-10-26,12.0,FC UP CAT B NEW- 610,25000000.0,1375000.0,26375000.0,47.0,36.0,12.0,1.0,16692000.0,,1.0,1.0,1.0,1378837.0,F,26.0,,4869000.0,0.0,9600000.0,,8000000.0,,High School,TP Hồ Chí Minh,Quận 12,TP Hồ Chí Minh
1055,16425299.0,2017-10-06,2018-10-26,12.0,FC CD PORT LP NEW-1848,5810000.0,290500.0,6100500.0,65.0,6.0,6.0,1.0,7380000.0,,1.0,1.0,1.0,1218000.0,,33.0,,10000000.0,0.0,3000000.0,10000000.0,3000000.0,Single,Middle School,TP Hồ Chí Minh,Bình Tân,TP Hồ Chí Minh
705,16316236.0,2017-10-04,2018-10-26,12.0,FC UP EVN CLASSIC - 292,10000000.0,550000.0,10550000.0,60.0,15.0,,,12339699.0,,1.0,1.0,1.0,1016411.0,M,56.0,,10000000.0,0.0,18000000.0,30000000.0,5000000.0,Married,High School,,Phú Riềng,Tỉnh Bình Phước
106,16349136.0,,2018-10-26,12.0,FC UP DSA TS SCORE 1 NEW- 761,50000000.0,2750000.0,52750000.0,35.0,30.0,,,,,,,0.0,2662357.0,F,52.0,,12000000.0,0.0,,33000000.0,4000000.0,Married,High School,,Thủ Dầu Một,
589,16905642.0,2017-10-30,2018-10-26,,FC CD KEY DEALERS 1 - 811,7820000.0,391000.0,8211000.0,45.0,6.0,6.0,1.0,7859000.0,0.1571214071214071,0.0,0.0,,1554000.0,M,23.0,,8000000.0,,900000.0,16000000.0,3000000.0,Single,,Thành phố Hà Nội,Từ Liêm,Thành phố Hà Nội
2468,16502314.0,,2018-10-26,12.0,FC CD KEY DEALERS 2 NEW- 1801,3000000.0,150000.0,3150000.0,35.0,9.0,9.0,1.0,3735000.0,,1.0,1.0,,403000.0,F,54.0,,8000000.0,0.0,1000000.0,18000000.0,,,High School,Tỉnh Đồng Nai,Long Khánh,Tỉnh Đồng Nai
2413,16455959.0,,2018-10-26,12.0,FC CD KEY DEALERS 4 - 814,,466950.0,8956950.0,27.5,12.0,12.0,1.0,10500000.0,,1.0,1.0,1.0,863000.0,F,22.0,,10000000.0,0.0,1000000.0,32000000.0,4000000.0,Single,High School,Tỉnh Bạc Liêu,Bạc Liêu,Tỉnh Bạc Liêu
1600,,2017-10-27,,12.0,FC CD OPPO 10 NKD OCT OUT-1944,4221000.0,278586.0,4499586.0,17.7,10.0,8.0,0.0,4000000.0,,0.0,0.0,0.0,488000.0,F,23.0,,5000000.0,0.0,1000000.0,15000000.0,6000000.0,Civil Marriage/live-in,High School,Tỉnh Thanh Hóa,Quảng Xương,
2464,16419414.0,2017-10-06,2018-10-26,12.0,,,0.0,3490000.0,65.0,6.0,,,4251000.0,,1.0,1.0,1.0,697000.0,M,21.0,,6000000.0,0.0,1200000.0,18000000.0,6500000.0,Single,Middle School,,Đông Hải,Tỉnh Bạc Liêu
228,,2017-10-31,2018-10-26,12.0,FC UP DSA TS SCORE 2 NEW- 762,10000000.0,550000.0,10550000.0,45.0,24.0,11.0,0.0,7540408.0,,0.0,,0.0,674344.0,F,58.0,,3000000.0,0.0,12000000.0,25000000.0,5000000.0,Civil Marriage/live-in,High School,Tỉnh Hải Dương,Tứ Kỳ,Tỉnh Hải Dương
915,16427308.0,2017-10-05,2018-10-26,12.0,,25000000.0,1375000.0,26375000.0,35.0,24.0,,1.0,18672000.0,,1.0,1.0,1.0,1543429.0,F,46.0,,12000000.0,,48000000.0,25000000.0,8000000.0,Married,Middle School,,Cai Lậy,Tỉnh Tiền Giang
794,16799032.0,2017-10-26,,12.0,FC UP CAT B NEW- 610,20000000.0,1100000.0,21100000.0,47.0,24.0,1.0,0.0,1384100.0,,0.0,0.0,0.0,1372100.0,F,27.0,,6184000.0,0.0,9600000.0,15000000.0,4000000.0,Single,High School,,Thủ Đức,TP Hồ Chí Minh
3021,16612755.0,2017-10-12,2018-10-26,,FC CD DMX SEP OUT-1896,3590000.0,236940.0,3826940.0,0.01,6.0,6.0,1.0,3900000.0,,1.0,1.0,1.0,638000.0,,,,6000000.0,0.0,1000000.0,10000000.0,3000000.0,Married,College,,Tam Kỳ,Tỉnh Quảng Nam
3543,16749522.0,,2018-10-26,12.0,FC CD KEY DEALERS 2 NEW- 1801,6290000.0,314500.0,6604500.0,35.0,9.0,,,7713000.0,,1.0,1.0,1.0,,F,42.0,2.0,,,,15000000.0,7000000.0,Civil Marriage/live-in,Middle School,TP Hồ Chí Minh,Hóc Môn,TP Hồ Chí Minh
1073,16757642.0,2017-10-20,,12.0,FC CD OPPO JULY OUT-1789,3843000.0,253638.0,,0.01,6.0,2.0,0.0,4170000.0,,,0.0,,683000.0,M,29.0,,7000000.0,0.0,1200000.0,15000000.0,4200000.0,,High School,Tỉnh Hưng Yên,,Tỉnh Hưng Yên
3351,16854157.0,2017-10-28,2018-10-26,12.0,FC UP L.G 3 LS 50 - 760,15000000.0,825000.0,15825000.0,50.0,15.0,11.0,0.0,15972000.0,,0.0,0.0,0.0,,F,20.0,,6000000.0,0.0,12000000.0,30000000.0,6000000.0,Single,Master Degree,,Hoàn Kiếm,Thành phố Hà Nội
1744,16708304.0,2017-10-18,,12.0,FC CD NONKEY MAR SUB3.3-1494,4500000.0,297000.0,,0.01,3.0,3.0,1.0,4834000.0,,1.0,1.0,1.0,1600000.0,F,27.0,,8000000.0,0.0,1000000.0,14000000.0,3000000.0,Married,Working Cerfiticate,Tỉnh Quảng Ninh,Đông Triều,Tỉnh Quảng Ninh
1084,16642502.0,2017-10-17,2018-10-26,12.0,FC CD KEY DEALERS 2 NEW- 1801,10000000.0,500000.0,10500000.0,35.0,9.0,9.0,,12204000.0,,1.0,1.0,1.0,1344000.0,F,40.0,,10000000.0,0.0,2000000.0,20000000.0,8000000.0,Married,Middle School,TP Hồ Chí Minh,Quận 8,
926,16727993.0,2017-10-24,2018-10-26,12.0,FC UP SUR BIKE PLUS NEW- 618,25000000.0,,26375000.0,47.0,18.0,12.0,1.0,,,1.0,1.0,1.0,2069362.0,F,23.0,,9000000.0,0.0,10800000.0,18000000.0,3000000.0,Married,High School,Tỉnh Bình Định,An Nhơn,Tỉnh Bình Định
3049,16794610.0,,,12.0,FC CD PORT LP NEW-1848,2630000.0,131500.0,2761500.0,65.0,6.0,6.0,1.0,,,1.0,1.0,1.0,,M,31.0,1.0,6000000.0,0.0,2000000.0,12000000.0,3000000.0,Married,Middle School,TP Hồ Chí Minh,Bình Chánh,TP Hồ Chí Minh
1117,16797503.0,2017-10-24,2018-10-26,12.0,FC CD DP0 LP NEW-1851,3290000.0,164500.0,3454500.0,65.0,9.0,9.0,1.0,4562000.0,,1.0,1.0,1.0,496000.0,M,21.0,,8000000.0,0.0,1000000.0,45000000.0,7000000.0,Single,High School,,,Tỉnh Đồng Nai
642,,2017-10-15,2018-10-26,12.0,FC UP SUR CF EASY– 554,10000000.0,550000.0,10550000.0,60.0,12.0,10.0,0.0,14105308.0,,0.0,0.0,0.0,1190308.0,M,39.0,,10000000.0,0.0,12000000.0,20000000.0,3000000.0,Married,High School,TP Hồ Chí Minh,Quận 6,
4767,16532775.0,2017-10-09,2018-10-26,12.0,FC CD PORT LP NEW-1848,6980000.0,349000.0,7329000.0,65.0,6.0,6.0,1.0,,,1.0,1.0,1.0,1464000.0,F,24.0,,,0.0,800000.0,18000000.0,3000000.0,Single,Basic School,Tỉnh Đồng Nai,Nhơn Trạch,Tỉnh Đồng Nai
501,,2017-10-26,2018-10-26,12.0,FC CD VIETTEL JULY IN-1743,,,10227204.0,0.01,6.0,3.0,0.0,5155000.0,,0.0,0.0,0.0,1705000.0,M,42.0,,8000000.0,0.0,900000.0,45000000.0,3000000.0,Divorced,High School,,Lạng Giang,Tỉnh Bắc Giang
4066,16797996.0,2017-10-24,2018-10-26,12.0,FC UP L.G 2 TSA SCORE NEW- 617,30000000.0,1650000.0,31650000.0,44.5,24.0,,,,,,,0.0,,M,44.0,,17000000.0,0.0,12000000.0,27000000.0,4000000.0,Married,,Thành phố Hải Phòng,An Dương,Thành phố Hải Phòng
333,16534876.0,2017-10-11,2018-10-26,12.0,FC CD SAMSUNG JULY IN-1744,3143000.0,207438.0,,0.01,4.0,4.0,1.0,3398508.0,,1.0,1.0,1.0,838000.0,M,39.0,3.0,10000000.0,,1000000.0,12000000.0,3000000.0,Married,,Tỉnh Nghệ An,Diễn Châu,Tỉnh Nghệ An
4684,16762374.0,2017-10-24,2018-10-26,12.0,FC CD VIETTEL JULY IN-1741,,138554.0,2237854.0,0.01,6.0,6.0,1.0,2310000.0,,1.0,1.0,1.0,,M,47.0,3.0,,0.0,800000.0,10000000.0,4000000.0,Married,Middle School,Tỉnh Bình Phước,Đồng Xoài,Tỉnh Bình Phước
486,16540065.0,2017-10-09,2018-10-26,12.0,,4893000.0,322938.0,5215938.0,0.01,6.0,6.0,1.0,5289000.0,,1.0,1.0,1.0,870000.0,F,37.0,,6000000.0,0.0,1000000.0,12000000.0,,Married,Middle School,Thành phố Cần Thơ,Thốt Nốt,Thành phố Cần Thơ
1962,16437434.0,2017-10-05,2018-10-26,12.0,FC UP L.G 2 TSA SCORE NEW- 617,20000000.0,1100000.0,21100000.0,44.5,24.0,13.0,1.0,17615000.0,,1.0,1.0,1.0,1342868.0,F,36.0,,7000000.0,,8400000.0,15000000.0,3000000.0,Married,Middle School,Tỉnh Sóc Trăng,Mỹ Xuyên,
393,16885577.0,2017-10-30,,12.0,FC CD VIVO SEP IN-1891,5593000.0,0.0,5593000.0,0.01,6.0,6.0,1.0,,,1.0,,1.0,933000.0,M,31.0,,10000000.0,0.0,1000000.0,16000000.0,3500000.0,Married,Middle School,Tỉnh Thái Nguyên,Đại Từ,Tỉnh Thái Nguyên
4842,16399572.0,2017-10-09,,12.0,FC TW PLATINUM DP SUPER - 141,20000000.0,1000000.0,21000000.0,35.0,12.0,12.0,1.0,25344000.0,,,1.0,1.0,,F,47.0,2.0,,0.0,1500000.0,16000000.0,8000000.0,Civil Marriage/live-in,Basic School,Tỉnh Kiên Giang,,Tỉnh Kiên Giang
4866,16433111.0,2017-10-04,2018-10-26,12.0,FC TW PHASE24 IR0 SUB8-488,9236000.0,0.0,9236000.0,0.01,,6.0,1.0,9309000.0,,1.0,1.0,,1540000.0,M,30.0,,8000000.0,0.0,500000.0,30000000.0,1500000.0,Single,High School,TỈNH PHÚ YÊN,Tây Hòa,TỈNH PHÚ YÊN
1755,16910516.0,2017-10-26,2018-10-26,,FC CD KEY DEALERS 1 - 811,3090000.0,,3244500.0,45.0,6.0,6.0,1.0,3760000.0,,1.0,1.0,,614000.0,M,34.0,,6000000.0,,600000.0,,3000000.0,Married,College,Tỉnh Nghệ An,Đô Lương,Tỉnh Nghệ An
2515,16561255.0,2017-10-11,2018-10-26,12.0,FC UP SUR BIKE PLUS NEW- 618,30000000.0,1650000.0,31650000.0,47.0,24.0,12.0,1.0,24858900.0,,1.0,1.0,1.0,2058150.0,F,27.0,,8000000.0,0.0,12000000.0,18000000.0,6000000.0,Married,College,Tỉnh Vĩnh Phúc,Bình Xuyên,Tỉnh Vĩnh Phúc
3585,16960211.0,2017-10-31,2018-10-26,12.0,FC CD NOKIA JUNE SUB7-1684,2982000.0,0.0,2982000.0,0.01,6.0,6.0,1.0,3055000.0,,1.0,1.0,1.0,498000.0,F,,,7000000.0,0.0,800000.0,40000000.0,3000000.0,Single,Middle School,Tỉnh Đồng Nai,Trảng Bom,Tỉnh Đồng Nai
4315,16956764.0,,,12.0,FC CD KEY DEALERS 1 - 811,7990000.0,399500.0,8389500.0,45.0,6.0,6.0,,9600000.0,,1.0,1.0,1.0,1588000.0,F,41.0,,12000000.0,0.0,1500000.0,,4000000.0,Married,Middle School,Tỉnh Vĩnh Long,Bình Tân,Tỉnh Vĩnh Long
4966,,2017-10-23,2018-10-26,12.0,FC CD NP DMX ECONOMY - 857,4000000.0,200000.0,4200000.0,45.0,6.0,6.0,1.0,4830000.0,,1.0,1.0,,795000.0,F,29.0,,8000000.0,0.0,1500000.0,15000000.0,6000000.0,Single,College,Thành phố Hà Nội,Thanh Oai,
2099,16734926.0,2017-10-18,2018-10-26,12.0,FC UP DSA TS SCORE 1 NEW- 761,30000000.0,1650000.0,31650000.0,35.0,12.0,12.0,1.0,38712000.0,,1.0,1.0,1.0,3163829.0,F,25.0,,10000000.0,0.0,18000000.0,30000000.0,9000000.0,Single,Master Degree,Tỉnh Hưng Yên,Kim Động,
3599,16953422.0,2017-10-30,2018-10-26,12.0,FC CD DMX SEP OUT-1896,4340000.0,286440.0,4626440.0,0.01,6.0,4.0,0.0,,,1.0,0.0,1.0,772000.0,,40.0,2.0,9000000.0,0.0,1000000.0,14000000.0,3000000.0,,Basic School,Tỉnh Sóc Trăng,Long Phú,Tỉnh Sóc Trăng
4121,16855907.0,2017-10-25,2018-10-26,12.0,FC CD NONKEY MAR SUB3.4-1495,5000000.0,330000.0,5330000.0,0.01,,6.0,1.0,5406000.0,,1.0,1.0,1.0,889000.0,M,,,4500000.0,0.0,1000000.0,15000000.0,4000000.0,Single,Middle School,Tỉnh Sóc Trăng,Cù Lao Dung,Tỉnh Sóc Trăng
29,16491949.0,2017-10-12,2018-10-26,,FC UP EVN STD NEW- 629,20000000.0,1100000.0,21100000.0,47.0,24.0,13.0,1.0,17995200.0,,1.0,1.0,,1372100.0,M,54.0,,6500000.0,0.0,12000000.0,20000000.0,5000000.0,Married,High School,Tỉnh Bắc Giang,Bắc Giang,Tỉnh Bắc Giang
65,16896215.0,2017-10-29,2018-10-26,12.0,FC UP SUR INS 37 NEW- 612,35000000.0,1925000.0,36925000.0,37.0,36.0,,0.0,18968411.0,,0.0,0.0,0.0,1712401.0,M,41.0,,10000000.0,0.0,24000000.0,25000000.0,3500000.0,Married,Working Cerfiticate,Tỉnh Đồng Nai,Biên Hòa,Tỉnh Đồng Nai
838,16324762.0,2017-10-07,2018-10-26,12.0,FC UP L.G 2 TSA SCORE NEW- 617,40000000.0,2200000.0,42200000.0,44.5,24.0,5.0,0.0,21582152.0,,0.0,,0.0,2685736.0,F,49.0,,24000000.0,0.0,24000000.0,68000000.0,5500000.0,,Working Cerfiticate,Tỉnh Thái Nguyên,Thái Nguyên,Tỉnh Thái Nguyên
3906,16904677.0,,2018-10-26,12.0,FC UP CAT B NEW- 610,20000000.0,1100000.0,21100000.0,,18.0,11.0,0.0,,,0.0,0.0,0.0,1655490.0,M,20.0,,4700000.0,0.0,7200000.0,16000000.0,4000000.0,Married,High School,Tỉnh Vĩnh Phúc,Vĩnh Yên,Tỉnh Vĩnh Phúc
3773,16370637.0,2017-10-05,2018-10-26,12.0,FC UP DSA TS SCORE 1 NEW- 761,10000000.0,550000.0,10550000.0,35.0,12.0,10.0,0.0,10668050.0,,0.0,0.0,,1054610.0,F,43.0,,15000000.0,0.0,24000000.0,30000000.0,8000000.0,Married,Middle School,Tỉnh Bình Phước,Bù Đăng,Tỉnh Bình Phước
4635,16373309.0,2017-10-05,2018-10-26,12.0,FC UP CAT B NEW- 610,40000000.0,2200000.0,42200000.0,47.0,36.0,8.0,0.0,17752000.0,,0.0,0.0,,2206140.0,F,34.0,,8000000.0,0.0,12000000.0,15000000.0,,Married,Middle School,Tỉnh Bình Dương,Tân Uyên,Tỉnh Bình Dương
3161,16896295.0,2017-10-26,2018-10-26,12.0,FC UP L.G 1 TSA SCORE NEW- 616,20000000.0,1100000.0,21100000.0,,24.0,11.0,0.0,13419000.0,,0.0,0.0,,1218107.0,F,22.0,,,0.0,12000000.0,40000000.0,4000000.0,Married,College,Tỉnh Hải Dương,Hải Dương,Tỉnh Hải Dương
2659,16874851.0,2017-10-28,2018-10-26,12.0,FC UP DSA TS SCORE 1 NEW- 761,40000000.0,2200000.0,42200000.0,35.0,24.0,8.0,0.0,19855486.0,,0.0,0.0,0.0,2469486.0,F,53.0,,12000000.0,0.0,18000000.0,30000000.0,6000000.0,Married,Basic School,TP Hồ Chí Minh,Hóc Môn,TP Hồ Chí Minh
4615,16495831.0,2017-10-06,2018-10-26,12.0,FC UP DSA TS SCORE 2 NEW- 762,30000000.0,1650000.0,31650000.0,45.0,24.0,13.0,1.0,26372000.0,,1.0,,1.0,2023033.0,M,39.0,,9000000.0,0.0,18000000.0,20000000.0,5000000.0,Married,High School,Thành phố Cần Thơ,Ô Môn,Thành phố Cần Thơ
4628,16771903.0,2017-10-22,2018-10-26,12.0,FC UP DSA TS SCORE 1 NEW- 761,15000000.0,825000.0,15825000.0,,12.0,12.0,1.0,19124000.0,,1.0,1.0,1.0,1581914.0,F,33.0,,10000000.0,0.0,12000000.0,40000000.0,6000000.0,Married,High School,Tỉnh Trà Vinh,Càng Long,Tỉnh Trà Vinh
2451,16639825.0,2017-10-16,2018-10-26,12.0,FC TW ATTRACTIVE NEW - 151,20000000.0,1000000.0,,45.0,12.0,12.0,1.0,26616000.0,,1.0,1.0,,,F,40.0,,12000000.0,0.0,1600000.0,26000000.0,,Married,,Tỉnh Bạc Liêu,Hồng Dân,Tỉnh Bạc Liêu
2846,16807447.0,2017-10-23,2018-10-26,12.0,FC CD KEY DEALERS 1 - 811,4000000.0,200000.0,4200000.0,45.0,6.0,6.0,1.0,,,1.0,1.0,1.0,,F,24.0,,10000000.0,0.0,1000000.0,35000000.0,3500000.0,Married,Bachelor,,Nam Trực,Tỉnh Nam Định
1144,16719698.0,2017-10-19,2018-10-26,12.0,FC CD KEY DEALERS 1 - 811,6690000.0,334500.0,7024500.0,45.0,6.0,6.0,1.0,8068000.0,,1.0,1.0,1.0,,F,30.0,1.0,5000000.0,0.0,,5000000.0,2000000.0,Divorced,High School,Tỉnh Phú Thọ,Thanh Sơn,Tỉnh Phú Thọ
3078,16585771.0,2017-10-13,2018-10-26,,FC TW LIGHT START 3 - 139,11000000.0,,11550000.0,68.0,6.0,6.0,1.0,14022000.0,,1.0,1.0,1.0,2325000.0,M,22.0,,5500000.0,0.0,900000.0,20000000.0,3700000.0,Single,,Tỉnh Khánh Hòa,Cam Lâm,Tỉnh Khánh Hòa
1103,16534481.0,2017-10-09,2018-10-26,12.0,FC TW 0% DP - 143,16000000.0,880000.0,16880000.0,45.0,8.0,8.0,1.0,,,1.0,1.0,1.0,2482000.0,M,,2.0,6900000.0,,1000000.0,12000000.0,3500000.0,Married,High School,,Cẩm Khê,Tỉnh Phú Thọ
168,16627926.0,2017-10-21,2018-10-26,12.0,FC UP L@W-TOP EMPLOYER-SOURCE 2-383,20000000.0,1100000.0,21100000.0,,18.0,12.0,1.0,18432000.0,,1.0,1.0,1.0,1523365.0,F,20.0,,5000000.0,,6000000.0,20000000.0,,Single,High School,Tỉnh Bình Dương,Thuận An,Tỉnh Bình Dương
1670,16860377.0,2017-10-26,2018-10-26,,FC CD PORT LP NEW-1848,,,6184500.0,65.0,6.0,,,7470000.0,,1.0,,1.0,,F,,,9000000.0,0.0,1600000.0,18000000.0,,Married,,Thành phố Hải Phòng,Thuỷ Nguyên,Thành phố Hải Phòng
2570,16853682.0,2017-10-27,2018-10-26,12.0,FC UP DSA TS SCORE 2 NEW- 762,25000000.0,1375000.0,26375000.0,45.0,24.0,11.0,0.0,18665000.0,,0.0,,0.0,1685861.0,F,34.0,,7000000.0,0.0,12000000.0,,4000000.0,Married,Middle School,Tỉnh An Giang,Long Xuyên,Tỉnh An Giang
2377,16818834.0,2017-10-23,2018-10-26,12.0,FC CD KEY DEALERS 2 NEW- 1801,4290000.0,214500.0,4504500.0,35.0,,9.0,,5344000.0,,1.0,1.0,1.0,577000.0,F,30.0,,6500000.0,0.0,500000.0,18000000.0,1500000.0,Married,Middle School,Tỉnh Bến Tre,Bến Tre,Tỉnh Bến Tre
4395,16810785.0,2017-10-25,2018-10-26,12.0,FC UP L.G 1 TSA SCORE NEW- 616,,2200000.0,42200000.0,33.5,24.0,12.0,1.0,29450000.0,,1.0,,1.0,2436213.0,M,29.0,,,0.0,24000000.0,18000000.0,3500000.0,Married,College,Tỉnh Hòa Bình,Yên Thủy,Tỉnh Hòa Bình
4257,,2017-10-16,2018-10-26,12.0,FC CD DMX SEP OUT-1896,,440880.0,7120880.0,0.01,6.0,6.0,1.0,7194000.0,,1.0,,1.0,1187000.0,M,28.0,1.0,15000000.0,,1000000.0,20000000.0,3000000.0,Married,High School,Tỉnh Đồng Nai,Long Thành,Tỉnh Đồng Nai
3862,16483565.0,2017-10-13,2018-10-26,12.0,FC UP DSA TS SCORE 3- 541,15000000.0,825000.0,15825000.0,,24.0,8.0,0.0,9270000.0,,0.0,0.0,0.0,1146759.0,F,24.0,,7000000.0,0.0,24000000.0,25000000.0,5000000.0,Single,High School,Tỉnh Thanh Hóa,Ngọc Lặc,Tỉnh Thanh Hóa
23,16750655.0,2017-10-21,2018-10-26,12.0,FC UP DSA TS SCORE 1 NEW- 761,,1100000.0,21100000.0,,18.0,12.0,1.0,18430730.0,,1.0,1.0,1.0,1523365.0,M,42.0,,14000000.0,0.0,24000000.0,25000000.0,4000000.0,Married,High School,TP Hồ Chí Minh,,TP Hồ Chí Minh
2633,16561368.0,2017-10-12,2018-10-26,12.0,FC UP CAT A NEW- 608,10000000.0,550000.0,,37.0,,12.0,1.0,7692000.0,,1.0,1.0,1.0,628556.0,F,21.0,,6198000.0,0.0,12000000.0,15000000.0,3000000.0,Single,High School,Tỉnh Bình Dương,,Tỉnh Bình Dương
3340,16649821.0,2017-10-19,2018-10-26,12.0,,15000000.0,,15825000.0,45.0,12.0,12.0,1.0,19656200.0,0.014323653183457519,0.0,0.0,1.0,1661820.0,F,24.0,,7000000.0,,18000000.0,20000000.0,5000000.0,Single,High School,Tỉnh Bình Thuận,Đức Linh,Tỉnh Bình Thuận
2215,16847722.0,2017-10-26,,12.0,FC CD MBW OCT OUT-1916,4490000.0,296340.0,4786340.0,0.01,9.0,,1.0,4896000.0,,1.0,1.0,1.0,532000.0,M,29.0,,11000000.0,0.0,1000000.0,13000000.0,1200000.0,Single,Bachelor,Thành phố Hà Nội,Cầu Giấy,Thành phố Hà Nội
3682,16389500.0,2017-10-02,2018-10-26,12.0,FC CD KEY DEALERS 1 - 811,,107000.0,2247000.0,45.0,6.0,,1.0,,,1.0,1.0,1.0,426000.0,M,25.0,,6000000.0,0.0,,22000000.0,5500000.0,Married,College,Thành phố Đà Nẵng,Hoà Vang,Thành phố Đà Nẵng
4724,16485369.0,2017-10-11,2018-10-26,12.0,FC CD DMX SEP OUT-1896,,276540.0,4466540.0,0.01,6.0,6.0,1.0,4539000.0,,1.0,1.0,1.0,745000.0,M,29.0,,8000000.0,0.0,1200000.0,22000000.0,4000000.0,Married,College,Tỉnh Lạng Sơn,,Tỉnh Lạng Sơn
1907,16878898.0,2017-10-31,2018-10-26,12.0,FC UP CAT B NEW- 610,20000000.0,,21100000.0,47.0,24.0,12.0,1.0,16464000.0,7.288098535096488e-05,0.0,0.0,1.0,1372100.0,F,50.0,,4000000.0,0.0,9600000.0,20000000.0,4000000.0,Single,,TP Hồ Chí Minh,Quận 8,TP Hồ Chí Minh
84,16418623.0,2017-10-04,2018-10-26,12.0,FC UP CAT B NEW- 610,10000000.0,550000.0,10550000.0,47.0,36.0,9.0,0.0,,,0.0,0.0,0.0,551535.0,F,21.0,,4114000.0,0.0,9600000.0,4500000.0,800000.0,Single,Master Degree,TP Hồ Chí Minh,Quận 7,TP Hồ Chí Minh
227,16492210.0,2017-10-06,2018-10-26,12.0,FC UP L.G 2 TSA SCORE NEW- 617,40000000.0,,,44.5,24.0,11.0,0.0,29683000.0,,0.0,0.0,0.0,2685736.0,M,33.0,,15000000.0,0.0,,50000000.0,5000000.0,Married,College,Tỉnh Nghệ An,Vinh,Tỉnh Nghệ An
296,16479679.0,,2018-10-26,12.0,FC UP DSA TS SCORE 2 NEW- 762,20000000.0,1100000.0,21100000.0,45.0,24.0,12.0,1.0,16188000.0,,1.0,1.0,1.0,1348689.0,M,21.0,,,0.0,12000000.0,30000000.0,6000000.0,Single,High School,Tỉnh An Giang,Phú Tân,Tỉnh An Giang
1001,16995722.0,2017-10-31,2018-10-26,12.0,FC CD DMX SEP OUT-1896,,605484.0,9779484.0,0.01,6.0,6.0,,9852000.0,,1.0,1.0,1.0,1630000.0,M,38.0,2.0,10000000.0,0.0,1000000.0,16000000.0,4000000.0,Married,,Tỉnh Ninh Bình,Nho Quan,Tỉnh Ninh Bình
2138,16629515.0,,2018-10-26,12.0,,15000000.0,825000.0,15825000.0,47.0,12.0,12.0,1.0,20142000.0,,1.0,1.0,1.0,1678045.0,F,44.0,,6000000.0,0.0,24000000.0,9000000.0,2000000.0,Married,Middle School,Tỉnh Tây Ninh,Gò Dầu,Tỉnh Tây Ninh
711,16749175.0,2017-10-21,2018-10-26,12.0,FC UP DSA TS SCORE 1 NEW- 761,50000000.0,2750000.0,52750000.0,35.0,24.0,11.0,0.0,,,0.0,0.0,0.0,3086857.0,F,38.0,,,0.0,,40000000.0,5000000.0,Married,High School,Tỉnh Lâm Đồng,Đức Trọng,Tỉnh Lâm Đồng
2801,16755616.0,,2018-10-26,,FC CD NOKIA JUNE SUB7-1684,2982000.0,196812.0,3178812.0,0.01,6.0,6.0,1.0,3252000.0,,1.0,1.0,1.0,530000.0,M,28.0,,7000000.0,0.0,1000000.0,22000000.0,4000000.0,Single,College,,Nhà Bè,TP Hồ Chí Minh
2527,16493025.0,2017-10-11,2018-10-26,12.0,FC UP CAT B NEW- 610,,0.0,,47.0,30.0,5.0,0.0,8650000.0,,0.0,0.0,0.0,1717392.0,F,27.0,,5000000.0,,8400000.0,30000000.0,4800000.0,Married,Middle School,Tỉnh Bình Dương,,Tỉnh Bình Dương
3752,16482272.0,2017-10-10,2018-10-26,12.0,,30000000.0,1650000.0,,,24.0,7.0,0.0,13289000.0,,0.0,0.0,0.0,,F,39.0,,8000000.0,0.0,12000000.0,15000000.0,2000000.0,Married,Basic School,Tỉnh Phú Yên,Sông Cầu,Tỉnh Phú Yên
3321,16615090.0,2017-10-25,2018-10-26,12.0,FC UP SUR INS 37 NEW- 612,10000000.0,0.0,10000000.0,37.0,12.0,,1.0,12126000.0,,1.0,1.0,1.0,1009625.0,,53.0,,9000000.0,0.0,18000000.0,20000000.0,5000000.0,Married,Basic School,Tỉnh Bình Thuận,,Tỉnh Bình Thuận
3181,16872337.0,2017-10-27,2018-10-26,12.0,FC UP DSA TS SCORE 1 NEW- 761,25000000.0,0.0,25000000.0,35.0,24.0,6.0,0.0,,,0.0,0.0,0.0,1462966.0,F,32.0,,14000000.0,0.0,,24000000.0,7000000.0,Married,High School,Thành phố Hà Nội,Thạch Thất,Thành phố Hà Nội
4183,16829513.0,2017-10-24,2018-10-26,12.0,FC CD OPPO JULY IN-1793,,322938.0,5215938.0,0.01,6.0,6.0,,,,1.0,1.0,,,M,31.0,,7000000.0,,1000000.0,,4000000.0,Married,Working Cerfiticate,Tỉnh Quảng Nam,Hiệp Đức,Tỉnh Quảng Nam
1615,16523494.0,2017-10-09,2018-10-26,12.0,,6290000.0,314500.0,6604500.0,35.0,9.0,9.0,1.0,7713000.0,,1.0,1.0,1.0,845000.0,M,25.0,,8000000.0,,1000000.0,18000000.0,,Single,,Tỉnh Bình Thuận,Hàm Thuận Bắc,Tỉnh Bình Thuận
3024,16393082.0,2017-10-02,2018-10-26,12.0,FC CD OPPO F3 LITE NK-1900,4600000.0,303600.0,4903600.0,48.2,6.0,6.0,1.0,5688000.0,,,1.0,1.0,936000.0,M,38.0,,8200000.0,0.0,1000000.0,23000000.0,5000000.0,Married,Middle School,Tỉnh Bình Dương,Tân Uyên,Tỉnh Bình Dương
1413,16516504.0,2017-10-10,2018-10-26,12.0,FC UP DSA TS SCORE 2 NEW- 762,30000000.0,1650000.0,31650000.0,45.0,,,1.0,24418165.0,,1.0,1.0,1.0,2023033.0,M,47.0,,7000000.0,0.0,6000000.0,30000000.0,,Married,,Tỉnh Phú Yên,Tuy Hòa,Tỉnh Phú Yên
763,16869534.0,2017-10-25,2018-10-26,12.0,FC UP DSA TS SCORE 2 NEW- 762,20000000.0,1100000.0,21100000.0,45.0,24.0,,,,,,,0.0,1348689.0,M,41.0,,12000000.0,0.0,24000000.0,30000000.0,4000000.0,Married,High School,Tỉnh Bình Dương,Dĩ An,Tỉnh Bình Dương
655,,2017-10-03,2018-10-26,12.0,FC UP DSA TS SCORE 2 NEW- 762,30000000.0,1650000.0,31650000.0,45.0,24.0,12.0,1.0,24420132.0,,,1.0,1.0,2023033.0,M,36.0,,8000000.0,0.0,9600000.0,,4000000.0,Married,Middle School,,Tân Châu,Tỉnh Tây Ninh
4797,16721191.0,2017-10-17,2018-10-26,12.0,FC CD OPPO JULY OUT-1790,4893000.0,322938.0,,,6.0,6.0,1.0,5292000.0,,1.0,1.0,1.0,870000.0,F,28.0,2.0,6500000.0,0.0,700000.0,12500000.0,2800000.0,Married,Bachelor,Tỉnh Lai Châu,,Tỉnh Lai Châu
3849,16360514.0,2017-10-03,2018-10-26,,FC UP DSA TS SCORE 2 NEW- 762,15000000.0,825000.0,15825000.0,45.0,24.0,12.0,1.0,12132000.0,0.0005111135057542793,0.0,0.0,1.0,1011517.0,F,48.0,,,0.0,14400000.0,15000000.0,4000000.0,Divorced,High School,Tỉnh Tây Ninh,Hòa Thành,Tỉnh Tây Ninh
4153,16471351.0,,2018-10-26,12.0,,7900000.0,521400.0,8421400.0,0.01,6.0,6.0,1.0,8500000.0,,1.0,1.0,1.0,1404000.0,M,30.0,,8000000.0,0.0,1000000.0,15000000.0,4000000.0,,High School,Tỉnh Nghệ An,,
468,16436111.0,2017-10-09,2018-10-26,12.0,FC TW ATTRACTIVE NEW - 151,22000000.0,1100000.0,23100000.0,45.0,18.0,8.0,0.0,29875806.0,,1.0,0.0,1.0,1788000.0,F,44.0,,9500000.0,,1500000.0,25000000.0,7500000.0,Married,High School,TP Hồ Chí Minh,Quận 12,TP Hồ Chí Minh
157,16466526.0,,2018-10-26,12.0,FC UP DSA TS SCORE 1 NEW- 761,15000000.0,,,35.0,12.0,12.0,1.0,18974000.0,0.00047242349036247244,0.0,0.0,1.0,1581914.0,M,30.0,,5000000.0,0.0,12000000.0,15000000.0,2000000.0,Single,High School,Tỉnh Đắk Lắk,Ea H'leo,Tỉnh Đắk Lắk
1295,16492321.0,2017-10-10,2018-10-26,12.0,,,,21100000.0,44.5,12.0,13.0,1.0,26601000.0,,1.0,1.0,1.0,2210368.0,F,28.0,,10000000.0,0.0,12000000.0,20000000.0,,Married,College,Thành phố Hà Nội,Gia Lâm,Thành phố Hà Nội
497,16570845.0,2017-10-11,2018-10-26,12.0,FC CD DMX SEP IN-1899,8380000.0,553080.0,,0.01,6.0,5.0,0.0,9006000.0,,1.0,0.0,1.0,1489000.0,F,36.0,2.0,8000000.0,0.0,1000000.0,,4000000.0,Civil Marriage/live-in,Middle School,Tỉnh Đồng Tháp,Lấp Vò,Tỉnh Đồng Tháp
4740,16388612.0,2017-10-02,2018-10-26,12.0,FC CD KEY DEALERS 2 NEW- 1801,5033000.0,251650.0,5284650.0,35.0,9.0,9.0,1.0,6201000.0,,1.0,1.0,,677000.0,F,34.0,2.0,12000000.0,0.0,1000000.0,20000000.0,3000000.0,Married,High School,TP Hồ Chí Minh,Quận 12,
2940,16575224.0,2017-10-12,,12.0,FC CD KEY DEALERS 1 - 811,3490000.0,174500.0,3664500.0,45.0,6.0,6.0,1.0,4236000.0,,1.0,1.0,1.0,694000.0,M,29.0,,10000000.0,0.0,1000000.0,15000000.0,,Civil Marriage/live-in,High School,Tỉnh Quảng Ninh,Hoành Bồ,Tỉnh Quảng Ninh
3456,16918724.0,2017-10-30,2018-10-26,12.0,FC CD DMX SEP OUT-1896,5780000.0,381480.0,6161480.0,0.01,6.0,,1.0,6234000.0,,1.0,1.0,1.0,,,30.0,1.0,7000000.0,0.0,1000000.0,,3000000.0,Married,,Tỉnh Đăk Lăk,Buôn Ma Thuột,Tỉnh Đăk Lăk
373,16690459.0,2017-10-19,2018-10-26,12.0,FC CD DMX SEP IN-1899,9990000.0,659340.0,10649340.0,0.01,6.0,,1.0,10722000.0,,1.0,,1.0,1775000.0,F,27.0,,6000000.0,0.0,600000.0,12000000.0,1800000.0,Married,High School,Tỉnh Bến Tre,,Tỉnh Bến Tre
79,16661745.0,2017-10-18,2018-10-26,12.0,FC UP CAT B NEW VNP- 610,20000000.0,1100000.0,21100000.0,47.0,24.0,12.0,1.0,16609000.0,,1.0,1.0,1.0,1372100.0,,31.0,,4196000.0,0.0,,12000000.0,4000000.0,Married,Middle School,Tỉnh Tây Ninh,Tân Châu,Tỉnh Tây Ninh
1553,16833381.0,2017-10-25,2018-10-26,12.0,FC UP DSA TS SCORE 1 NEW- 761,35000000.0,1925000.0,36925000.0,35.0,24.0,9.0,,19557000.0,,0.0,0.0,0.0,2160800.0,M,43.0,,7000000.0,0.0,9600000.0,15000000.0,3000000.0,Divorced,Middle School,Tỉnh Đồng Tháp,Lấp Vò,
1669,,2017-10-31,2018-10-26,12.0,FC TW 0% DP - 143,10000000.0,,10000000.0,45.0,6.0,,1.0,11440000.0,,1.0,1.0,1.0,1893000.0,F,34.0,3.0,8000000.0,0.0,1500000.0,20000000.0,4500000.0,Married,High School,Thành phố Hà Nội,Ba Vì,Thành phố Hà Nội
2131,16853441.0,2017-10-28,2018-10-26,12.0,,45000000.0,0.0,45000000.0,47.0,36.0,11.0,,21600321.0,,0.0,0.0,,2352518.0,M,31.0,,10363000.0,0.0,12000000.0,35000000.0,5000000.0,,Master Degree,Tỉnh Hà Tĩnh,Can Lộc,Tỉnh Hà Tĩnh
4439,16987734.0,2017-10-31,2018-10-26,12.0,FC UP DSA TS SCORE 2 NEW- 762,10000000.0,550000.0,,45.0,18.0,,0.0,5800204.0,,0.0,,0.0,816534.0,M,23.0,,8000000.0,,12000000.0,35000000.0,10000000.0,Single,High School,Tỉnh Thừa Thiên - Huế,Huế,
465,16802500.0,2017-10-23,2018-10-26,12.0,,1896000.0,125136.0,2021136.0,,6.0,6.0,1.0,2496000.0,,,1.0,1.0,404000.0,M,34.0,,6000000.0,0.0,1000000.0,20000000.0,4000000.0,Married,Middle School,Tỉnh Cà Mau,Phú Tân,Tỉnh Cà Mau
248,16910268.0,2017-10-27,2018-10-26,12.0,,15000000.0,0.0,15000000.0,35.0,12.0,11.0,0.0,16613895.0,,0.0,0.0,0.0,,F,,,5787000.0,0.0,12000000.0,30000000.0,4000000.0,Married,Middle School,TP Hồ Chí Minh,Thủ Đức,TP Hồ Chí Minh
931,16504261.0,2017-10-11,2018-10-26,12.0,FC UP EVN STD BUSINESS NEW– 631,30000000.0,0.0,30000000.0,47.0,30.0,12.0,1.0,20749784.0,,1.0,1.0,1.0,1717392.0,F,,,,0.0,12000000.0,20000000.0,7000000.0,Married,Middle School,Tỉnh Ninh Thuận,Phan Rang-Tháp Chàm,Tỉnh Ninh Thuận
1335,16549906.0,2017-10-11,2018-10-26,12.0,FC UP DSA TS SCORE 2 NEW- 762,15000000.0,825000.0,15825000.0,45.0,18.0,11.0,0.0,13606000.0,,0.0,0.0,0.0,1224802.0,M,37.0,,4000000.0,0.0,,,4000000.0,Married,Basic School,Tỉnh Kiên Giang,Hòn Đất,Tỉnh Kiên Giang
4524,16724903.0,2017-10-19,2018-10-26,12.0,FC UP CAT B NEW- 610,15000000.0,825000.0,15825000.0,47.0,18.0,8.0,0.0,10030000.0,,0.0,,0.0,1241617.0,F,,,7700000.0,0.0,9600000.0,15000000.0,,Married,High School,Tỉnh Phú Thọ,Việt Trì,Tỉnh Phú Thọ
1338,16358770.0,2017-10-04,2018-10-26,12.0,FC UP L.G 2 TSA SCORE NEW- 617,40000000.0,2200000.0,42200000.0,44.5,24.0,7.0,0.0,54050583.0,,,0.0,,2685736.0,,28.0,,,0.0,12000000.0,20000000.0,5000000.0,Married,College,Tỉnh Lạng Sơn,,Tỉnh Lạng Sơn
1406,,2017-10-20,2018-10-26,12.0,FC UP CAT B NEW- 610,30000000.0,1650000.0,,47.0,24.0,11.0,0.0,18631050.0,,,,0.0,2058150.0,M,,,6800000.0,0.0,7200000.0,13000000.0,3500000.0,Married,Basic School,Tỉnh Bình Dương,,Tỉnh Bình Dương
1090,16995258.0,2017-10-31,2018-10-26,12.0,FC CD FPT OCT OUT-1969,3590000.0,236940.0,3826940.0,0.01,6.0,,0.0,650000.0,,0.0,0.0,,638000.0,F,22.0,,7000000.0,0.0,2000000.0,15000000.0,5000000.0,Divorced,,Tỉnh Long An,,
4209,16984238.0,2017-10-31,2018-10-26,12.0,FC CD NP DMX ECONOMY - 857,8090000.0,404500.0,8494500.0,45.0,9.0,9.0,1.0,10301000.0,,1.0,,1.0,1130000.0,M,,,,0.0,800000.0,15000000.0,,Married,College,Tỉnh Điện Biên,Điện Biên Phủ,Tỉnh Điện Biên
742,16516391.0,2017-10-24,,12.0,,15000000.0,825000.0,,,,12.0,,13906668.0,,1.0,,1.0,1146852.0,M,41.0,,17000000.0,0.0,12000000.0,35000000.0,7000000.0,Married,,TP Hồ Chí Minh,Bình Chánh,TP Hồ Chí Minh
2323,,2017-10-07,,12.0,FC CD OPPO JULY OUT-1790,4893000.0,322938.0,5215938.0,0.01,6.0,6.0,1.0,5292000.0,,,1.0,1.0,870000.0,M,,,7000000.0,,1000000.0,14000000.0,3000000.0,Married,Middle School,TP Hồ Chí Minh,Bình Tân,
3601,16818774.0,2017-10-23,2018-10-26,12.0,FC TW 0% DP - 143,14700000.0,808500.0,15508500.0,45.0,,10.0,0.0,16410000.0,,0.0,0.0,0.0,1629000.0,F,43.0,,6000000.0,0.0,700000.0,25000000.0,6000000.0,Civil Marriage/live-in,Working Cerfiticate,Tỉnh Kon Tum,Kon Tum,Tỉnh Kon Tum
2123,16421222.0,2017-10-17,2018-10-26,12.0,FC UP SUR CF EASY– 554,15000000.0,825000.0,15825000.0,60.0,24.0,2.0,0.0,2320000.0,,0.0,0.0,0.0,,F,56.0,,6000000.0,0.0,7200000.0,25000000.0,5000000.0,Married,,Tỉnh Đồng Tháp,TX. Hồng Ngự,Tỉnh Đồng Tháp
2094,16673503.0,,2018-10-26,12.0,,30000000.0,1650000.0,31650000.0,35.0,,13.0,1.0,,,1.0,1.0,1.0,1597414.0,F,40.0,,8000000.0,0.0,18000000.0,42000000.0,4500000.0,Married,Middle School,Tỉnh Bình Phước,,
240,16804907.0,2017-10-21,2018-10-26,12.0,FC UP DSA TS SCORE 1 NEW- 761,40000000.0,2200000.0,42200000.0,35.0,30.0,12.0,1.0,25561000.0,,1.0,1.0,1.0,2129886.0,F,33.0,,10000000.0,0.0,12000000.0,25000000.0,3000000.0,Married,High School,Tỉnh Bình Dương,,Tỉnh Bình Dương
2351,16352609.0,2017-10-03,2018-10-26,12.0,FC CD KEY DEALERS 1 - 811,2990000.0,149500.0,3139500.0,45.0,9.0,9.0,1.0,3880000.0,,1.0,1.0,1.0,418000.0,M,30.0,,6000000.0,0.0,1000000.0,18000000.0,4000000.0,Married,High School,,Lộc Bình,Tỉnh Lạng Sơn
1370,16909030.0,2017-10-27,2018-10-26,12.0,FC UP L.G 2 TSA SCORE NEW- 617,30000000.0,,,44.5,24.0,11.0,,22332000.0,,0.0,0.0,0.0,2014302.0,,30.0,,5000000.0,0.0,12000000.0,30000000.0,5000000.0,,College,TP Hồ Chí Minh,Tân Bình,TP Hồ Chí Minh
1057,16563655.0,2017-10-10,2018-10-26,12.0,FC CD KEY DEALERS 2 NEW- 1801,3190000.0,159500.0,3349500.0,35.0,9.0,9.0,1.0,3969000.0,,1.0,1.0,1.0,429000.0,F,33.0,,8000000.0,0.0,1000000.0,,4000000.0,Married,Middle School,,,Tỉnh Đăk Nông
4816,16917287.0,2017-10-31,,12.0,FC CD DMX SEP IN-1899,5590000.0,,5958940.0,0.01,6.0,6.0,,6031123.0,,1.0,1.0,1.0,994000.0,F,21.0,,6000000.0,0.0,1200000.0,15000000.0,4500000.0,Civil Marriage/live-in,Middle School,TP Hồ Chí Minh,Quận 12,TP Hồ Chí Minh
199,16389011.0,2017-10-05,2018-10-26,12.0,FC UP DSA TS SCORE 1 NEW- 761,30000000.0,1650000.0,31650000.0,35.0,24.0,12.0,1.0,,,1.0,1.0,1.0,1852114.0,F,54.0,,10000000.0,0.0,12000000.0,25000000.0,,Married,High School,Tỉnh Kiên Giang,Gò Quao,Tỉnh Kiên Giang
2280,16599148.0,,2018-10-26,12.0,FC CD MBW SEP IN-1864,2994000.0,197604.0,3191604.0,0.01,,3.0,0.0,3240000.0,,1.0,0.0,1.0,798000.0,M,34.0,2.0,15000000.0,0.0,2000000.0,30000000.0,7000000.0,Married,Basic School,Tỉnh An Giang,Thoại Sơn,Tỉnh An Giang
4749,16411883.0,2017-10-09,2018-10-26,12.0,FC CD NON-PORTABLE LOW PRICE - 801,6750000.0,337500.0,7087500.0,65.0,6.0,6.0,1.0,8568000.0,,1.0,1.0,1.0,,F,35.0,,8000000.0,0.0,1400000.0,12000000.0,2000000.0,Divorced,Middle School,,Dầu Tiếng,Tỉnh Bình Dương
2220,16618632.0,2017-10-12,2018-10-26,12.0,FC UP DSA TS SCORE 2 NEW- 762,15000000.0,825000.0,15825000.0,45.0,24.0,12.0,1.0,12291000.0,,1.0,1.0,1.0,1011517.0,F,29.0,,10000000.0,0.0,12000000.0,30000000.0,10000000.0,Married,High School,Thành phố Hà Nội,,Thành phố Hà Nội
4771,16597722.0,2017-10-16,2018-10-26,,,,279500.0,5869500.0,,9.0,9.0,1.0,7677000.0,,1.0,1.0,1.0,842000.0,M,23.0,,8000000.0,0.0,2000000.0,8000000.0,,Single,Middle School,TP Hồ Chí Minh,Hóc Môn,TP Hồ Chí Minh
2819,16857917.0,2017-10-24,2018-10-26,12.0,FC CD KEY DEALERS 1 - 811,3690000.0,184500.0,3874500.0,45.0,6.0,6.0,1.0,4476000.0,,1.0,1.0,1.0,734000.0,M,35.0,,6000000.0,0.0,,12000000.0,,Married,College,Tỉnh Thái Nguyên,Phổ Yên,Tỉnh Thái Nguyên
3150,,2017-10-07,2018-10-26,12.0,FC UP CAT A NEW- 608,20000000.0,1100000.0,21100000.0,37.0,24.0,6.0,0.0,7615000.0,,,0.0,0.0,1257111.0,F,39.0,,7573000.0,0.0,9600000.0,25000000.0,3000000.0,Married,,Tỉnh Quảng Ninh,Cẩm Phả,Tỉnh Quảng Ninh
4256,16814752.0,2017-10-23,2018-10-26,12.0,,4893000.0,322938.0,5215938.0,0.01,6.0,6.0,1.0,,,1.0,1.0,1.0,,F,30.0,3.0,6000000.0,0.0,1200000.0,18000000.0,6000000.0,Married,High School,,Phúc Thọ,Thành phố Hà Nội
3107,16558865.0,2017-10-25,2018-10-26,12.0,FC UP DSA TS SCORE 3- 541,10000000.0,550000.0,10550000.0,59.99,12.0,6.0,0.0,13211000.0,,,0.0,0.0,,M,30.0,,6000000.0,0.0,8400000.0,15000000.0,3000000.0,,High School,Tỉnh Tiền Giang,Chợ Gạo,Tỉnh Tiền Giang
1973,,2017-10-28,2018-10-26,12.0,FC UP DSA TS SCORE 1 NEW- 761,20000000.0,1100000.0,21100000.0,35.0,30.0,11.0,0.0,11842943.0,,0.0,0.0,0.0,1064943.0,,48.0,,32000000.0,0.0,38400000.0,100000000.0,,Married,Basic School,Tỉnh Hậu Giang,Phụng Hiệp,
1375,16572996.0,2017-10-12,2018-10-26,12.0,FC UP DSA TS SCORE 1 NEW- 761,20000000.0,1100000.0,21100000.0,35.0,30.0,12.0,1.0,12776943.0,0.00018569068954865653,,0.0,1.0,1064943.0,F,59.0,,5000000.0,0.0,3600000.0,15000000.0,2000000.0,Civil Marriage/live-in,High School,Tỉnh Yên Bái,Yên Bình,Tỉnh Yên Bái
3968,16725862.0,2017-10-19,2018-10-26,12.0,FC UP SUR INS 37 NEW- 612,40000000.0,2200000.0,42200000.0,37.0,36.0,12.0,1.0,23617030.0,,,1.0,1.0,1957030.0,F,33.0,,10000000.0,0.0,9600000.0,,3500000.0,Married,High School,TP Hồ Chí Minh,Quận 7,TP Hồ Chí Minh
4062,16997717.0,2017-10-31,2018-10-26,12.0,FC CD NP KD LP1-991,1500000.0,75000.0,1575000.0,,5.0,,0.0,1990000.0,,1.0,0.0,1.0,385000.0,F,29.0,2.0,,0.0,800000.0,18000000.0,2400000.0,Married,Middle School,Tỉnh Bến Tre,Bình Đại,Tỉnh Bến Tre
4445,16375731.0,2017-10-09,2018-10-26,12.0,FC UP SUR BIKE PLUS NEW- 618,20000000.0,1100000.0,21100000.0,,24.0,12.0,1.0,16596000.0,,1.0,1.0,1.0,1372100.0,M,,,7000000.0,0.0,9600000.0,16000000.0,1500000.0,,Middle School,Tỉnh Long An,Đức Hòa,Tỉnh Long An
3557,16691981.0,2017-10-18,2018-10-26,12.0,FC CD KEY DEALERS 1 - 811,,447600.0,,45.0,6.0,6.0,1.0,10755000.0,,1.0,1.0,1.0,1779000.0,M,21.0,,5000000.0,0.0,1000000.0,,5500000.0,Single,High School,TP Hồ Chí Minh,Thủ Đức,TP Hồ Chí Minh
964,16949938.0,,2018-10-26,12.0,FC CD DMX SEP IN-1899,7560000.0,0.0,7560000.0,,6.0,6.0,1.0,7638000.0,,1.0,1.0,1.0,1261000.0,F,43.0,,7000000.0,0.0,,,3000000.0,Married,Middle School,Tỉnh Đồng Nai,,Tỉnh Đồng Nai
179,16663001.0,2017-10-17,2018-10-26,12.0,FC UP DSA TS SCORE 2 NEW- 762,25000000.0,1375000.0,26375000.0,45.0,,12.0,1.0,36632027.0,,1.0,1.0,1.0,1685861.0,F,31.0,,8000000.0,0.0,9600000.0,27000000.0,7000000.0,Married,Middle School,Tỉnh Đắk Lắk,Krông Ana,Tỉnh Đắk Lắk
3698,16684230.0,2017-10-17,2018-10-26,12.0,,7590000.0,379500.0,7969500.0,65.0,6.0,6.0,1.0,9618000.0,,1.0,1.0,1.0,1592000.0,M,36.0,3.0,8000000.0,0.0,2000000.0,18000000.0,7000000.0,,Basic School,Tỉnh Bình Dương,Bến Cát,Tỉnh Bình Dương
3821,,2017-10-05,2018-10-26,12.0,FC UP SUR INS 37 NEW- 612,30000000.0,1650000.0,31650000.0,37.0,24.0,,1.0,22772941.0,,1.0,1.0,1.0,1885667.0,F,58.0,,12000000.0,0.0,28800000.0,30000000.0,,Married,Working Cerfiticate,TP Hồ Chí Minh,,TP Hồ Chí Minh
4878,16596260.0,2017-10-18,2018-10-26,12.0,FC CD DP0 LP NEW-1851,3990000.0,199500.0,4189500.0,65.0,6.0,6.0,1.0,5097000.0,,,1.0,1.0,837000.0,F,22.0,,,0.0,1000000.0,15000000.0,,Married,Middle School,Tỉnh Gia Lai,Phú Thiện,Tỉnh Gia Lai
3899,,2017-10-05,2018-10-26,12.0,FC UP SUR INS 37 NEW- 612,30000000.0,1650000.0,31650000.0,37.0,24.0,12.0,,22772004.0,,1.0,1.0,1.0,1885667.0,F,42.0,,15000000.0,,15600000.0,40000000.0,5200000.0,Married,High School,,Núi Thành,Tỉnh Quảng Nam
4487,16638773.0,2017-10-17,2018-10-26,12.0,FC UP L.G 2 TSA SCORE NEW- 617,25000000.0,1375000.0,26375000.0,,24.0,5.0,0.0,32560000.0,,1.0,0.0,1.0,1678585.0,F,20.0,,5000000.0,0.0,12000000.0,14000000.0,4000000.0,Married,High School,Tỉnh Hưng Yên,,Tỉnh Hưng Yên
3238,16783174.0,2017-10-25,2018-10-26,12.0,FC UP EVN VIP NEW- 622,45000000.0,2475000.0,47475000.0,37.0,18.0,,1.0,41870000.0,,1.0,,1.0,3476211.0,F,54.0,,20000000.0,0.0,36000000.0,25000000.0,5000000.0,Married,High School,Tỉnh Đồng Nai,Long Khánh,Tỉnh Đồng Nai
2974,16823132.0,,2018-10-26,12.0,,5874000.0,387684.0,6261684.0,0.01,6.0,6.0,1.0,6336000.0,,1.0,1.0,1.0,1044000.0,M,49.0,,10000000.0,0.0,1000000.0,20000000.0,4000000.0,Other,High School,Tỉnh Lâm Đồng,Đức Trọng,Tỉnh Lâm Đồng
3580,16664151.0,2017-10-17,2018-10-26,12.0,FC CD SAMSUNG JULY IN-1744,3143000.0,0.0,3143000.0,0.01,4.0,4.0,1.0,3196000.0,,1.0,1.0,1.0,786000.0,M,29.0,,8000000.0,0.0,,24000000.0,4000000.0,Married,College,Tỉnh Gia Lai,Chư Păh,Tỉnh Gia Lai
2887,16804483.0,2017-10-23,2018-10-26,12.0,FC TW LIGHT START 3 - 139,8500000.0,425000.0,8925000.0,68.0,9.0,9.0,1.0,12007000.0,,1.0,1.0,1.0,1294000.0,F,33.0,2.0,5000000.0,0.0,1000000.0,,3000000.0,Married,Middle School,Tỉnh Long An,Đức Hòa,Tỉnh Long An
2575,16801816.0,2017-10-24,2018-10-26,12.0,FC UP L.G 2 TSA SCORE NEW- 617,10000000.0,,,44.5,12.0,12.0,1.0,13200000.0,0.00469062165214118,0.0,0.0,1.0,,M,36.0,,10000000.0,0.0,24000000.0,15000000.0,,,,Tỉnh Bắc Ninh,,Tỉnh Bắc Ninh
1419,16413419.0,2017-10-10,2018-10-26,12.0,FC UP L.G 2 TSA SCORE NEW- 617,20000000.0,1100000.0,21100000.0,44.5,18.0,13.0,1.0,,,1.0,1.0,1.0,1627488.0,F,33.0,,,0.0,,40000000.0,5000000.0,Married,High School,Tỉnh Quảng Ninh,Hạ Long,Tỉnh Quảng Ninh
3907,16277916.0,2017-10-03,2018-10-26,12.0,FC UP PL GOV EMPLOYEE 2 - 480,25000000.0,1375000.0,26375000.0,35.0,36.0,12.0,1.0,14461000.0,,1.0,1.0,1.0,1193101.0,F,26.0,,3577000.0,0.0,14400000.0,20000000.0,6000000.0,Single,Master Degree,Tỉnh Khánh Hòa,Khánh Vĩnh,Tỉnh Khánh Hòa
4673,16817172.0,2017-10-24,2018-10-26,12.0,,2394000.0,158004.0,2552004.0,0.01,4.0,4.0,1.0,2604000.0,,,1.0,1.0,639000.0,F,,,7000000.0,0.0,900000.0,18000000.0,,Married,College,Tỉnh Thái Nguyên,Phú Bình,Tỉnh Thái Nguyên
4902,16598466.0,2017-10-12,2018-10-26,12.0,FC CD PORT LP NEW-1848,2000000.0,100000.0,2100000.0,65.0,6.0,4.0,0.0,2557000.0,,1.0,0.0,1.0,420000.0,F,27.0,,6000000.0,,1000000.0,24000000.0,4000000.0,Married,High School,Tỉnh Trà Vinh,,Tỉnh Trà Vinh
1860,16743158.0,2017-10-28,2018-10-26,12.0,FC CD PORT LP NEW-1848,3752000.0,187600.0,3939600.0,65.0,6.0,4.0,0.0,4862549.0,,1.0,0.0,1.0,787000.0,,27.0,,6000000.0,0.0,900000.0,18000000.0,4000000.0,Civil Marriage/live-in,,Tỉnh Thanh Hóa,Bá Thước,Tỉnh Thanh Hóa
8,16307010.0,2017-10-12,2018-10-26,,FC UP PL GOV EMPLOYEE 1 VNP - 515,20000000.0,0.0,20000000.0,,18.0,2.0,0.0,21961000.0,,1.0,0.0,1.0,1443948.0,F,43.0,,,0.0,24000000.0,13000000.0,3000000.0,Divorced,High School,Tỉnh Lâm Đồng,,Tỉnh Lâm Đồng
2894,16438441.0,2017-10-10,2018-10-26,12.0,FC CD FPT OCT OUT-1938,9351000.0,617166.0,9968166.0,0.01,6.0,6.0,1.0,10044000.0,,1.0,1.0,1.0,1662000.0,F,48.0,1.0,6000000.0,0.0,1000000.0,13500000.0,5500000.0,Married,Basic School,Tỉnh Đồng Tháp,Tam Nông,Tỉnh Đồng Tháp
2847,16404052.0,2017-10-12,2018-10-26,12.0,FC CD OPPO 10 KD OCT OUT-1943,4221000.0,0.0,4221000.0,17.7,10.0,10.0,,4700000.0,,1.0,1.0,1.0,458000.0,F,29.0,2.0,6000000.0,0.0,,18000000.0,5000000.0,Married,High School,Thành phố Hải Phòng,Kiến Thụy,Thành phố Hải Phòng
3664,16675124.0,,2018-10-26,12.0,FC TW LIGHT START 2 -118,15000000.0,0.0,15000000.0,61.8,6.0,6.0,1.0,17892000.0,,1.0,1.0,1.0,2970000.0,F,36.0,,7000000.0,0.0,500000.0,20000000.0,3500000.0,Married,High School,Tỉnh Bà Rịa - Vũng Tàu,,Tỉnh Bà Rịa - Vũng Tàu
144,16295467.0,2017-10-11,2018-10-26,12.0,FC UP SUR INS 35 VNP - 450,30000000.0,1650000.0,,35.0,,12.0,1.0,22224000.0,6.155128679985467e-05,0.0,0.0,1.0,1852114.0,M,44.0,,,0.0,,25000000.0,7000000.0,Married,High School,Tỉnh Bình Định,Qui Nhơn,Tỉnh Bình Định
2104,16767793.0,,2018-10-26,12.0,FC UP SUR INS 37 NEW- 612,35000000.0,1925000.0,36925000.0,37.0,36.0,,,,,,,0.0,1712401.0,F,41.0,,12000000.0,0.0,,25000000.0,8000000.0,Married,Master Degree,Thành phố Hà Nội,Thạch Thất,Thành phố Hà Nội
3143,16950660.0,2017-10-30,2018-10-26,12.0,FC UP L.G 3 TSA SCORE- 541,10000000.0,550000.0,10550000.0,59.99,18.0,11.0,0.0,,,0.0,0.0,0.0,902454.0,M,,,15000000.0,0.0,36000000.0,25000000.0,10000000.0,Married,Working Cerfiticate,TP Hồ Chí Minh,Tân Phú,TP Hồ Chí Minh
841,16528769.0,2017-10-14,2018-10-26,12.0,FC UP CAT B NEW- 610,25000000.0,1375000.0,26375000.0,47.0,24.0,,1.0,20726125.0,,1.0,,1.0,1715125.0,M,37.0,,5481000.0,0.0,12000000.0,12000000.0,2500000.0,Married,High School,Tỉnh Bình Dương,Thuận An,Tỉnh Bình Dương
1128,16547162.0,2017-10-09,2018-10-26,12.0,FC CD MBW JULY OUT-1721,9093000.0,0.0,9093000.0,0.01,,6.0,1.0,9168000.0,,1.0,1.0,1.0,1516000.0,F,21.0,,9000000.0,0.0,1500000.0,22000000.0,12000000.0,Single,High School,TP Hồ Chí Minh,,TP Hồ Chí Minh
151,16591297.0,2017-10-13,2018-10-26,12.0,FC UP DSA TS SCORE 2 NEW- 762,20000000.0,0.0,20000000.0,45.0,,3.0,0.0,3872000.0,,0.0,0.0,0.0,1278378.0,F,58.0,,10000000.0,,18000000.0,30000000.0,9000000.0,Civil Marriage/live-in,Middle School,Thành phố Hà Nội,Thanh Trì,Thành phố Hà Nội
3591,16398068.0,2017-10-03,2018-10-26,12.0,FC CD KEY DEALERS 3 - 813,3000000.0,165000.0,3165000.0,41.5,,5.0,0.0,3030000.0,,0.0,0.0,0.0,594000.0,F,29.0,3.0,,0.0,3000000.0,30000000.0,10000000.0,Married,High School,Tỉnh Gia Lai,Pleiku,Tỉnh Gia Lai
1052,16271184.0,2017-10-05,2018-10-26,,FC CD NONKEY FEB SUB8.2-1424,2590000.0,170940.0,2760940.0,0.01,6.0,5.0,0.0,2838000.0,,1.0,,1.0,461000.0,F,25.0,,5000000.0,0.0,500000.0,15000000.0,2500000.0,Married,Working Cerfiticate,Tỉnh Hà Giang,Vị Xuyên,Tỉnh Hà Giang
1590,16941398.0,2017-10-31,2018-10-26,12.0,FC CD PORT LP NEW-1848,,210000.0,4410000.0,,6.0,5.0,0.0,5405000.0,,,0.0,1.0,881000.0,M,22.0,,6000000.0,0.0,1000000.0,30000000.0,7000000.0,Single,College,Thành phố Hà Nội,NAM TỪ LIÊM,Thành phố Hà Nội
3008,,2017-10-31,2018-10-26,12.0,FC CD DMX SEP IN-1899,,,6865040.0,0.01,6.0,6.0,1.0,6942000.0,,1.0,1.0,1.0,1145000.0,F,23.0,,5500000.0,0.0,1000000.0,26500000.0,5000000.0,Single,High School,Tỉnh Đồng Nai,Biên Hòa,Tỉnh Đồng Nai
2029,,2017-10-20,2018-10-26,12.0,FC UP DSA TS SCORE 3- 541,15000000.0,825000.0,15825000.0,,12.0,12.0,1.0,21241000.0,0.008566626600454708,0.0,0.0,1.0,1785378.0,M,43.0,,8000000.0,0.0,18000000.0,15000000.0,4000000.0,Married,Basic School,Tỉnh Bình Dương,Dĩ An,Tỉnh Bình Dương
3418,16683395.0,2017-10-17,2018-10-26,12.0,FC CD OPPO JULY OUT-1789,3843000.0,253638.0,4096638.0,0.01,6.0,6.0,1.0,4170000.0,,1.0,1.0,1.0,683000.0,,25.0,,9000000.0,0.0,,14000000.0,,Married,,Thành phố Hà Nội,Tây Hồ,Thành phố Hà Nội
1807,16642235.0,,2018-10-26,12.0,FC TW 0% DP - 143,34500000.0,1897500.0,36397500.0,,18.0,10.0,0.0,28288000.0,,0.0,0.0,0.0,,F,32.0,,,0.0,1200000.0,27000000.0,6700000.0,Married,High School,Tỉnh Bạc Liêu,,Tỉnh Bạc Liêu
2696,16788205.0,2017-10-25,2018-10-26,12.0,FC UP SUR INS 37 NEW- 612,50000000.0,2750000.0,52750000.0,37.0,24.0,1.0,0.0,57604000.0,,1.0,0.0,1.0,3142778.0,F,38.0,,9000000.0,0.0,10800000.0,20000000.0,2500000.0,Married,Middle School,Tỉnh Bến Tre,Bình Đại,Tỉnh Bến Tre
3039,16723249.0,2017-10-18,2018-10-26,,FC CD FPT OCT OUT-1935,7191000.0,474606.0,7665606.0,0.01,6.0,6.0,1.0,7740000.0,,1.0,1.0,1.0,1278000.0,M,23.0,,8000000.0,0.0,500000.0,19000000.0,2000000.0,Single,Middle School,Tỉnh An Giang,Châu Đốc,Tỉnh An Giang
472,16604565.0,2017-10-12,2018-10-26,12.0,FC TW LIGHT START 2 -118,12990000.0,649500.0,13639500.0,,6.0,7.0,1.0,16273000.0,,1.0,1.0,,2701000.0,M,,,8500000.0,0.0,1000000.0,,3000000.0,Single,Middle School,TP Hồ Chí Minh,Quận 8,TP Hồ Chí Minh
3289,,2017-10-04,2018-10-26,12.0,FC UP DSA TS SCORE 2 NEW- 762,,1650000.0,31650000.0,45.0,24.0,11.0,0.0,24421363.0,,1.0,,,2023033.0,F,37.0,,10000000.0,0.0,18000000.0,30000000.0,,Married,High School,,Cẩm Khê,Tỉnh Phú Thọ
4074,16965800.0,2017-10-31,2018-10-26,12.0,FC CD MS SEP IN-1884,3032000.0,200112.0,3232112.0,0.01,,3.0,,3278000.0,,1.0,0.0,1.0,809000.0,M,41.0,1.0,,0.0,,15000000.0,2000000.0,Married,Middle School,Tỉnh Bình Dương,Thủ Dầu Một,Tỉnh Bình Dương
3496,16537510.0,2017-10-17,2018-10-26,,FC TW CHEAP BIKE LIGHT STAR 3 – 154,19200000.0,960000.0,20160000.0,68.0,17.0,12.0,1.0,22692000.0,,1.0,1.0,1.0,1879000.0,F,25.0,,8000000.0,0.0,,30000000.0,4000000.0,Married,High School,,Vũng Tàu,Tỉnh Bà Rịa - Vũng Tàu
279,16316275.0,2017-10-01,2018-10-26,13.0,,20000000.0,1100000.0,21100000.0,33.5,12.0,13.0,1.0,25359896.0,,1.0,1.0,1.0,2093474.0,M,27.0,,8000000.0,0.0,12000000.0,20000000.0,4000000.0,Single,Master Degree,Tỉnh Hải Dương,,Tỉnh Hải Dương
1741,16484949.0,2017-10-14,2018-10-26,12.0,FC CD DP0 LP NEW-1851,2690000.0,134500.0,2824500.0,65.0,9.0,10.0,1.0,3688000.0,,1.0,1.0,1.0,405000.0,M,31.0,,5000000.0,0.0,1000000.0,,3000000.0,Single,Middle School,Tỉnh Bạc Liêu,Vĩnh Lợi,Tỉnh Bạc Liêu
4624,16387151.0,2017-10-10,2018-10-26,12.0,FC UP SUR INS LIGHT NEW- 614,,,,47.0,12.0,12.0,,20564450.0,,1.0,1.0,1.0,1678045.0,F,44.0,,5000000.0,,12000000.0,30000000.0,4000000.0,Married,,Tỉnh Quảng Bình,,Tỉnh Quảng Bình
2886,16557108.0,2017-10-17,2018-10-26,12.0,FC CD DMX SEP OUT-1896,14750000.0,0.0,14750000.0,0.01,6.0,6.0,,14820000.0,,1.0,1.0,1.0,2459000.0,,39.0,3.0,12000000.0,0.0,1200000.0,20000000.0,5000000.0,Married,Working Cerfiticate,Tỉnh Nghệ An,Nghi Lộc,
1941,16339432.0,2017-10-04,2018-10-26,12.0,FC UP DSA TS SCORE 1 NEW- 761,40000000.0,2200000.0,,35.0,30.0,12.0,1.0,25701202.0,,1.0,1.0,1.0,,F,,,8000000.0,0.0,12000000.0,18000000.0,4000000.0,,Master Degree,Tỉnh Thanh Hóa,Triệu Sơn,Tỉnh Thanh Hóa
100,16777273.0,2017-10-23,2018-10-26,12.0,FC UP CAT B NEW- 610,20000000.0,0.0,20000000.0,47.0,24.0,12.0,1.0,15744000.0,,1.0,1.0,1.0,1300569.0,M,35.0,,6397000.0,0.0,,,,Married,Middle School,Tỉnh Bình Dương,Tân Uyên,Tỉnh Bình Dương
2804,16395477.0,2017-10-02,2018-10-26,,FC CD VIVO SEP IN-1891,6993000.0,461538.0,7454538.0,0.01,6.0,6.0,1.0,7530000.0,,1.0,1.0,1.0,1243000.0,F,47.0,,,,1000000.0,7000000.0,1000000.0,Married,Basic School,Tỉnh An Giang,Tân Châu,Tỉnh An Giang
3570,16812468.0,2017-10-23,2018-10-26,12.0,FC CD DMX SEP IN-1899,5310000.0,350460.0,5660460.0,0.01,6.0,6.0,1.0,5736000.0,,1.0,1.0,1.0,944000.0,M,30.0,,5000000.0,0.0,1000000.0,20000000.0,8000000.0,Married,Middle School,Thành phố Cần Thơ,Cái Răng,Thành phố Cần Thơ
3684,16635818.0,2017-10-13,2018-10-26,12.0,FC CD NOKIA JUNE SUB7-1684,3913000.0,,,0.01,6.0,6.0,1.0,,,1.0,1.0,1.0,696000.0,M,32.0,,15000000.0,0.0,1500000.0,25000000.0,5000000.0,Civil Marriage/live-in,Bachelor,Tỉnh Thanh Hóa,Triệu Sơn,
3661,16671985.0,2017-10-17,2018-10-26,,FC CD KEY DEALERS 2 NEW- 1801,6290000.0,314500.0,,35.0,9.0,8.0,,7713000.0,,1.0,0.0,1.0,845000.0,F,30.0,,7000000.0,0.0,2000000.0,35000000.0,14000000.0,Married,High School,Tỉnh Quảng Nam,Điện Bàn,Tỉnh Quảng Nam
530,16955381.0,,2018-10-26,12.0,FC TW ATTRACTIVE NEW - 151,28000000.0,0.0,28000000.0,45.0,18.0,11.0,0.0,23980000.0,,,0.0,0.0,2168000.0,M,32.0,,6000000.0,0.0,600000.0,11000000.0,5000000.0,Married,High School,Thành phố Hải Phòng,Thuỷ Nguyên,Thành phố Hải Phòng
1886,16579251.0,2017-10-20,2018-10-26,12.0,FC UP L.G 1 TSA SCORE - 539,10000000.0,550000.0,10550000.0,31.5,,11.0,0.0,8294001.0,,0.0,0.0,0.0,742964.0,F,29.0,,5000000.0,0.0,8400000.0,20000000.0,5000000.0,Single,College,Tỉnh Ninh Thuận,Ninh Hải,Tỉnh Ninh Thuận
681,16379238.0,2017-10-06,2018-10-26,12.0,FC UP BANK SUR - 556,25000000.0,1375000.0,26375000.0,45.0,24.0,13.0,1.0,,,1.0,1.0,1.0,1685861.0,,43.0,,,0.0,12000000.0,22000000.0,5000000.0,,Middle School,Tỉnh Lâm Đồng,Đà Lạt,Tỉnh Lâm Đồng
3794,16773086.0,2017-10-22,,12.0,FC UP L.G 2 TSA SCORE NEW- 617,30000000.0,1650000.0,31650000.0,44.5,,11.0,,22286000.0,,0.0,0.0,0.0,2014302.0,M,29.0,,7000000.0,0.0,10800000.0,20000000.0,4000000.0,Married,High School,Tỉnh Đồng Nai,Thống Nhất,
3944,16724946.0,2017-10-21,2018-10-26,12.0,FC UP L.G 3 LS 50 - 760,20000000.0,1100000.0,21100000.0,50.0,24.0,12.0,1.0,17028000.0,,1.0,1.0,1.0,1407597.0,F,21.0,,9000000.0,0.0,12000000.0,30000000.0,7000000.0,Single,,Tỉnh Bình Dương,Thuận An,Tỉnh Bình Dương
4666,16343881.0,2017-10-08,2018-10-26,12.0,FC UP SUR BIKE PLUS NEW- 618,,1100000.0,21100000.0,47.0,18.0,13.0,,21679000.0,,1.0,1.0,1.0,1655490.0,F,,,9000000.0,0.0,24000000.0,20000000.0,7000000.0,,High School,Tỉnh Bình Dương,Thuận An,Tỉnh Bình Dương
2018,,2017-10-03,2018-10-26,12.0,FC UP CAT B NEW- 610,29000000.0,1595000.0,30595000.0,47.0,24.0,11.0,0.0,22017000.0,,0.0,0.0,0.0,1989545.0,M,32.0,,5878000.0,0.0,12000000.0,20000000.0,3000000.0,Single,Middle School,Tỉnh Đồng Nai,Biên Hòa,Tỉnh Đồng Nai
1096,16834628.0,2017-10-25,,12.0,FC CD DP0 LP NEW-1851,,134500.0,2824500.0,65.0,9.0,2.0,0.0,834000.0,,0.0,0.0,0.0,405000.0,F,,,6000000.0,0.0,1000000.0,12000000.0,3000000.0,Married,Middle School,Tỉnh Bình Dương,Thuận An,Tỉnh Bình Dương
829,16880112.0,2017-10-28,2018-10-26,12.0,FC UP DSA TS SCORE 3- 541,20000000.0,1100000.0,21100000.0,59.99,24.0,11.0,0.0,17490000.0,,0.0,0.0,0.0,1529012.0,M,,,8000000.0,0.0,12000000.0,15000000.0,3000000.0,Married,Middle School,,Mỹ Tú,Tỉnh Sóc Trăng
2805,,2017-10-12,2018-10-26,12.0,FC CD DMX SEP IN-1899,,586740.0,9476740.0,0.01,6.0,6.0,1.0,9549000.0,,1.0,1.0,1.0,1580000.0,F,39.0,2.0,6000000.0,0.0,1000000.0,17000000.0,5000000.0,Married,Middle School,Tỉnh Đồng Tháp,Châu Thành,Tỉnh Đồng Tháp
3829,16332711.0,,2018-10-26,12.0,FC UP SUR INS 37 NEW- 612,30000000.0,1650000.0,31650000.0,37.0,36.0,8.0,,40748544.0,,1.0,0.0,1.0,1467772.0,F,35.0,,7000000.0,0.0,6000000.0,7000000.0,3000000.0,,Master Degree,Tỉnh Kiên Giang,Kiên Lương,Tỉnh Kiên Giang
4381,16280666.0,2017-10-06,2018-10-26,12.0,FC UP DSA TS SCORE 1 NEW- 761,20000000.0,1100000.0,21100000.0,,24.0,12.0,1.0,14891000.0,,,1.0,,1234743.0,F,43.0,,4000000.0,0.0,12000000.0,25000000.0,6000000.0,Married,High School,,Đô Lương,
3891,16429169.0,2017-10-08,2018-10-26,12.0,FC UP DSA TS SCORE 1 NEW- 761,15000000.0,0.0,15000000.0,35.0,12.0,15.0,,18032000.0,,1.0,1.0,,1499445.0,,21.0,,10000000.0,0.0,12000000.0,30000000.0,10000000.0,Single,College,Tỉnh Thanh Hóa,Hoằng Hóa,Tỉnh Thanh Hóa
764,16312061.0,,2018-10-26,,FC UP L.G 1 TSA SCORE NEW- 616,30000000.0,,31650000.0,33.5,18.0,,1.0,27330889.0,,1.0,1.0,1.0,2260889.0,F,39.0,,13000000.0,0.0,12000000.0,20000000.0,4000000.0,Married,High School,Thành phố Hà Nội,Thanh Xuân,Thành phố Hà Nội
2767,,2017-10-24,2018-10-26,,FC UP SUR CF - 285,30000000.0,1650000.0,,60.0,24.0,11.0,0.0,25695408.0,,0.0,,0.0,,F,29.0,,15000000.0,0.0,,,7000000.0,Married,High School,Tỉnh Đồng Nai,Long Khánh,Tỉnh Đồng Nai
4328,16506023.0,2017-10-13,2018-10-26,,FC CD KEY DEALERS 2 NEW- 1801,10000000.0,500000.0,10500000.0,35.0,12.0,10.0,0.0,10620000.0,,0.0,0.0,0.0,1050000.0,F,44.0,,15000000.0,0.0,3000000.0,,3000000.0,,High School,,Ninh Phước,Tỉnh Ninh Thuận
3295,16638811.0,2017-10-24,2018-10-26,12.0,FC UP DSA TS SCORE 2 NEW- 762,,1100000.0,21100000.0,45.0,24.0,12.0,1.0,16332000.0,,1.0,1.0,1.0,1348689.0,F,46.0,,10000000.0,0.0,12000000.0,27000000.0,,Married,High School,Tỉnh Gia Lai,Ayun Pa,Tỉnh Gia Lai
2194,16438418.0,2017-10-05,,12.0,FC CD KEY DEALERS 2 NEW- 1801,5990000.0,,6289500.0,35.0,10.0,9.0,0.0,6723000.0,,0.0,0.0,0.0,735000.0,M,27.0,,10000000.0,0.0,800000.0,20000000.0,3200000.0,Single,High School,Tỉnh Khánh Hòa,Vạn Ninh,Tỉnh Khánh Hòa
2357,16585845.0,,2018-10-26,12.0,FC CD VIVO SEP IN-1891,,369138.0,5962138.0,0.01,6.0,,,6024000.0,,1.0,1.0,1.0,994000.0,F,46.0,,7000000.0,0.0,300000.0,16000000.0,,Married,Middle School,Tỉnh Đăk Nông,Đăk Song,Tỉnh Đăk Nông
3425,16628805.0,2017-10-17,2018-10-26,12.0,FC CD DP0 LP NEW-1851,3290000.0,164500.0,3454500.0,65.0,8.0,8.0,1.0,4448000.0,,1.0,1.0,1.0,544000.0,M,30.0,,6000000.0,0.0,1000000.0,12000000.0,1500000.0,Married,Basic School,Tỉnh An Giang,An Phú,Tỉnh An Giang
3979,,2017-10-11,,12.0,FC UP L.G 2 TSA SCORE NEW- 617,15000000.0,825000.0,15825000.0,44.5,18.0,12.0,1.0,14779392.0,,1.0,1.0,1.0,1220616.0,F,,,8000000.0,0.0,12000000.0,15000000.0,,Married,Middle School,Tỉnh Tiền Giang,Cái Bè,Tỉnh Tiền Giang
911,16598827.0,2017-10-14,2018-10-26,12.0,,30000000.0,1650000.0,,45.0,24.0,12.0,1.0,,,1.0,,1.0,2023033.0,F,44.0,,8000000.0,,9600000.0,30000000.0,9000000.0,Married,Middle School,Tỉnh Đồng Nai,Xuân Lộc,Tỉnh Đồng Nai
3145,16717826.0,2017-10-29,2018-10-26,12.0,FC UP SUR BIKE BASIC VNP- 546,12000000.0,660000.0,12660000.0,68.0,12.0,11.0,0.0,16456592.0,,0.0,0.0,0.0,1482574.0,M,33.0,,9000000.0,0.0,12000000.0,18000000.0,5000000.0,Married,High School,Tỉnh Đắk Nông,Đắk R'Lấp,Tỉnh Đắk Nông
999,16851480.0,2017-10-30,2018-10-26,12.0,FC CD STAFF LOAN LLA 0% - 853,10000000.0,,10000000.0,0.01,,10.0,0.0,,,1.0,0.0,1.0,834000.0,F,24.0,0.0,9000000.0,0.0,900000.0,25000000.0,3000000.0,,High School,TP Hồ Chí Minh,Quận 12,TP Hồ Chí Minh
3653,16916966.0,2017-10-30,2018-10-26,12.0,FC CD KEY DEALERS 2 NEW- 1801,3897000.0,194850.0,4091850.0,35.0,9.0,9.0,1.0,4824000.0,,1.0,1.0,1.0,524000.0,,36.0,2.0,7000000.0,0.0,1000000.0,10000000.0,3000000.0,Married,Basic School,Tỉnh Tiền Giang,Mỹ Tho,
2483,16539955.0,2017-10-12,2018-10-26,,FC CD NK AUG IN-1822,2513000.0,165858.0,2678858.0,0.01,4.0,4.0,1.0,2726000.0,,1.0,1.0,1.0,670000.0,M,,,6000000.0,,1000000.0,12000000.0,5000000.0,Married,High School,,Dĩ An,Tỉnh Bình Dương
4076,16542114.0,2017-10-10,2018-10-26,12.0,FC TW ATTRACTIVE NEW - 151,,750000.0,,45.0,12.0,6.0,0.0,19238000.0,,,0.0,0.0,1654000.0,,39.0,,6000000.0,0.0,1200000.0,15000000.0,5000000.0,Married,High School,Tỉnh Bình Thuận,Hàm Thuận Nam,Tỉnh Bình Thuận
2370,16382045.0,2017-10-03,2018-10-26,12.0,FC CD PORT LP NEW-1848,4000000.0,200000.0,4200000.0,65.0,,6.0,1.0,5106000.0,,1.0,1.0,1.0,839000.0,M,27.0,2.0,6000000.0,0.0,1000000.0,14000000.0,4000000.0,Married,High School,Tỉnh Hải Dương,Nam Sách,Tỉnh Hải Dương
4838,16706437.0,2017-10-18,2018-10-26,12.0,FC CD KEY DEALERS 3 - 813,,220000.0,,41.5,6.0,6.0,1.0,4818000.0,,,1.0,1.0,791000.0,F,33.0,,10000000.0,0.0,1000000.0,20000000.0,5000000.0,Married,,,Biên Hòa,Tỉnh Đồng Nai
33,16450646.0,2017-10-06,2018-10-26,12.0,FC UP L.G 2 TSA SCORE- 535,15000000.0,825000.0,15825000.0,42.5,12.0,5.0,0.0,6950000.0,,0.0,0.0,0.0,1641652.0,,42.0,,5500000.0,0.0,,10000000.0,3000000.0,Married,,Tỉnh Yên Bái,Yên Bình,Tỉnh Yên Bái
3789,16363035.0,2017-10-03,2018-10-26,12.0,FC UP L.G 2 TSA SCORE NEW- 617,20000000.0,1100000.0,21100000.0,44.5,12.0,9.0,,20017000.0,,0.0,0.0,0.0,2210368.0,,41.0,,8000000.0,0.0,24000000.0,,4500000.0,Married,High School,Tỉnh Thanh Hóa,Thiệu Hóa,Tỉnh Thanh Hóa
1020,16809199.0,2017-10-30,2018-10-26,12.0,FC CD KEY DEALERS 1 - 811,2390000.0,119500.0,2509500.0,,6.0,7.0,1.0,2959000.0,,1.0,1.0,1.0,475000.0,M,34.0,,7000000.0,0.0,900000.0,13000000.0,3600000.0,Civil Marriage/live-in,Middle School,,Tân Châu,Tỉnh Tây Ninh
1647,16953345.0,2017-10-31,2018-10-26,12.0,FC CD DMX SEP OUT-1894,3913000.0,,4171258.0,10.21,6.0,6.0,1.0,4374000.0,,1.0,1.0,1.0,717000.0,,31.0,,6000000.0,0.0,2000000.0,10000000.0,5000000.0,,Middle School,Tỉnh Sóc Trăng,,Tỉnh Sóc Trăng
733,16722985.0,2017-10-20,2018-10-26,12.0,FC UP L.G 1 TSA SCORE NEW- 616,25000000.0,1375000.0,26375000.0,33.5,30.0,11.0,0.0,14537500.0,,0.0,0.0,0.0,1309650.0,F,49.0,,9000000.0,0.0,9600000.0,25000000.0,6000000.0,Married,High School,Thành phố Cần Thơ,Thốt Nốt,Thành phố Cần Thơ
4582,16766218.0,2017-10-24,2018-10-26,12.0,FC UP SUR BIKE BASIC - 546,14000000.0,770000.0,14770000.0,68.0,24.0,12.0,1.0,13835295.0,,1.0,1.0,1.0,1140859.0,F,35.0,,5000000.0,,6000000.0,18000000.0,3000000.0,Married,Middle School,Tỉnh Đồng Nai,Biên Hòa,Tỉnh Đồng Nai
3274,16316110.0,2017-10-18,2018-10-26,,FC UP DSA TS SCORE 2 NEW- 762,20000000.0,1100000.0,21100000.0,45.0,18.0,5.0,0.0,24111069.0,,1.0,0.0,1.0,1633069.0,M,36.0,,8000000.0,0.0,9600000.0,,8000000.0,Single,High School,Thành phố Hà Nội,Hoàn Kiếm,Thành phố Hà Nội
1620,16540711.0,2017-10-09,2018-10-26,12.0,FC CD DMX SEP OUT-1896,7912000.0,522192.0,8434192.0,0.01,6.0,6.0,,8508000.0,,1.0,,1.0,1406000.0,,22.0,,5500000.0,0.0,,19400000.0,7200000.0,Single,College,Tỉnh Quảng Nam,Duy Xuyên,Tỉnh Quảng Nam
3135,16861421.0,2017-10-27,2018-10-26,12.0,FC UP DSA TS SCORE 1 NEW- 761,15000000.0,825000.0,15825000.0,35.0,18.0,11.0,0.0,12702000.0,,0.0,0.0,0.0,1142524.0,F,41.0,,4000000.0,0.0,,27000000.0,4000000.0,Married,Basic School,Tỉnh An Giang,Châu Thành,Tỉnh An Giang
2689,16347720.0,2017-10-05,2018-10-26,12.0,FC UP EVN CLASSIC - 292,10000000.0,550000.0,10550000.0,60.0,12.0,12.0,1.0,14410000.0,,1.0,1.0,1.0,1190308.0,F,35.0,,10000000.0,0.0,12000000.0,16000000.0,4000000.0,Married,,Tỉnh An Giang,,Tỉnh An Giang
2707,16880063.0,2017-10-28,2018-10-26,12.0,FC UP DSA TS SCORE 2 NEW- 762,35000000.0,1925000.0,36925000.0,45.0,18.0,13.0,1.0,31570000.0,0.07944261518776807,0.0,0.0,0.0,2857870.0,F,28.0,,,0.0,,20000000.0,4000000.0,Married,High School,Tỉnh Kiên Giang,Vĩnh Thuận,Tỉnh Kiên Giang
297,16652177.0,2017-10-18,2018-10-26,12.0,,35000000.0,1925000.0,36925000.0,35.0,24.0,12.0,1.0,26076000.0,,,,1.0,2160800.0,,47.0,,,0.0,30000000.0,20000000.0,9000000.0,Married,High School,Tỉnh An Giang,Chợ Mới,Tỉnh An Giang
2339,16448033.0,2017-10-05,2018-10-26,12.0,FC CD FPT OCT OUT-1935,6021000.0,397386.0,6418386.0,0.01,6.0,6.0,1.0,6492000.0,,1.0,1.0,1.0,1070000.0,F,32.0,,6500000.0,,1000000.0,20000000.0,4000000.0,Married,,Tỉnh Tiền Giang,Mỹ Tho,Tỉnh Tiền Giang
653,16695193.0,,,12.0,FC UP DSA TS SCORE 2 NEW- 762,,825000.0,,45.0,24.0,12.0,1.0,12284619.0,,1.0,1.0,1.0,1011517.0,F,20.0,,9000000.0,0.0,12000000.0,9000000.0,1000000.0,Single,Middle School,TP Hồ Chí Minh,Bình Chánh,TP Hồ Chí Minh
3774,,2017-10-30,2018-10-26,12.0,FC UP CAT A NEW- 608,35000000.0,1925000.0,36925000.0,37.0,30.0,11.0,0.0,21079472.0,,0.0,0.0,0.0,1904236.0,F,27.0,,6497000.0,0.0,6000000.0,20000000.0,,Married,,Tỉnh Long An,Cần Giuộc,Tỉnh Long An
1255,16663027.0,2017-10-17,2018-10-26,12.0,FC UP L.G 3 LS 50 - 760,30000000.0,1650000.0,,50.0,24.0,2.0,0.0,4234792.0,,0.0,0.0,0.0,2111396.0,M,34.0,,10000000.0,0.0,21600000.0,15000000.0,4000000.0,Married,,Tỉnh Hải Dương,Tứ Kỳ,Tỉnh Hải Dương
4520,16617618.0,2017-10-19,2018-10-26,12.0,FC UP CAT B NEW- 610,20000000.0,1100000.0,21100000.0,,30.0,8.0,0.0,9759192.0,,0.0,,0.0,1207899.0,F,20.0,,5100000.0,0.0,12000000.0,,3000000.0,Single,High School,,Quận 12,TP Hồ Chí Minh
230,16736010.0,,2018-10-26,12.0,FC UP DSA TS SCORE 3- 541,25000000.0,1375000.0,26375000.0,59.99,20.0,12.0,1.0,,,1.0,1.0,1.0,2116249.0,F,26.0,,8000000.0,0.0,8400000.0,20000000.0,3500000.0,Married,High School,Tỉnh Long An,Tân Hưng,
3276,16338159.0,2017-10-03,,12.0,,15000000.0,825000.0,15825000.0,,24.0,9.0,0.0,,,0.0,,0.0,1011517.0,F,53.0,,9000000.0,0.0,8400000.0,40000000.0,4500000.0,,Middle School,Thành phố Cần Thơ,Phong Điền,Thành phố Cần Thơ
3230,16844901.0,2017-10-28,2018-10-26,12.0,FC UP DSA TS SCORE 2 NEW- 762,25000000.0,1375000.0,26375000.0,,24.0,11.0,0.0,18678000.0,,0.0,0.0,0.0,1685861.0,F,,,9000000.0,0.0,12000000.0,,4000000.0,Married,,Tỉnh Hậu Giang,Châu Thành,
691,16365255.0,2017-10-03,2018-10-26,12.0,FC UP L.G 2 TSA SCORE NEW- 617,40000000.0,2200000.0,42200000.0,44.5,24.0,,1.0,32373152.0,,1.0,1.0,1.0,2685736.0,M,23.0,,10000000.0,0.0,30000000.0,30000000.0,6000000.0,Single,Working Cerfiticate,Thành phố Hà Nội,Thanh Trì,Thành phố Hà Nội
2754,16671756.0,2017-10-20,2018-10-26,12.0,FC UP DSA TS SCORE 1 NEW- 761,30000000.0,1650000.0,31650000.0,35.0,18.0,11.0,0.0,25267528.0,,0.0,0.0,0.0,2285048.0,M,31.0,,10000000.0,0.0,24000000.0,20000000.0,5000000.0,Married,High School,Tỉnh Gia Lai,Chư Prông,Tỉnh Gia Lai
4863,,2017-10-02,2018-10-26,12.0,FC CD OPPO JULY IN-1793,,322938.0,5215938.0,0.01,6.0,6.0,1.0,5292000.0,,1.0,1.0,1.0,870000.0,M,48.0,3.0,7000000.0,0.0,1400000.0,21000000.0,6000000.0,Married,High School,Thành phố Hải Phòng,An Lão,Thành phố Hải Phòng
969,16533679.0,2017-10-09,2018-10-26,,FC CD DMX SEP IN-1899,5350000.0,,5703100.0,0.01,6.0,6.0,1.0,5778000.0,,1.0,1.0,1.0,951000.0,M,28.0,0.0,8000000.0,0.0,800000.0,15000000.0,2000000.0,Married,High School,Tỉnh An Giang,Chợ Mới,Tỉnh An Giang
633,,,2018-10-26,12.0,FC UP L.G 1 TSA SCORE NEW- 616,40000000.0,,42200000.0,33.5,30.0,13.0,1.0,23182000.0,0.0780770362041876,0.0,0.0,0.0,2095439.0,M,53.0,,,0.0,24000000.0,30000000.0,5000000.0,Married,Middle School,Tỉnh Trà Vinh,Càng Long,Tỉnh Trà Vinh
4092,16542028.0,2017-10-18,2018-10-26,12.0,FC CD OPPO JULY OUT-1790,4893000.0,322938.0,5215938.0,0.01,6.0,4.0,,5289000.0,,1.0,,1.0,,F,21.0,,5000000.0,0.0,1000000.0,5000000.0,1000000.0,Single,High School,Tỉnh Bình Dương,Tân Uyên,Tỉnh Bình Dương
4077,16978180.0,2017-10-31,2018-10-26,12.0,,4314000.0,284724.0,4598724.0,0.01,6.0,6.0,1.0,4674000.0,,1.0,1.0,1.0,767000.0,,24.0,,,0.0,1000000.0,45000000.0,4000000.0,Married,Bachelor,Tỉnh Nghệ An,Hưng Nguyên,Tỉnh Nghệ An
1321,16919141.0,2017-10-31,2018-10-26,12.0,FC UP DSA TS SCORE 2 NEW- 762,10000000.0,,10550000.0,45.0,,9.0,0.0,14167000.0,,1.0,0.0,1.0,816534.0,M,48.0,,4000000.0,0.0,9600000.0,20000000.0,3000000.0,Married,High School,Tỉnh Trà Vinh,Tiểu Cần,Tỉnh Trà Vinh
1831,16824334.0,2017-10-24,2018-10-26,12.0,FC CD NONKEY FEB SUB8.2-1424,4552000.0,300432.0,,0.01,6.0,5.0,0.0,4105000.0,,0.0,0.0,0.0,809000.0,F,29.0,,7000000.0,0.0,1000000.0,15000000.0,4000000.0,Married,Basic School,Tỉnh Bình Dương,Thuận An,Tỉnh Bình Dương
2178,16596888.0,2017-10-14,2018-10-26,12.0,FC UP DSA TS SCORE 3- 541,20000000.0,1100000.0,21100000.0,59.99,18.0,12.0,1.0,21787000.0,,1.0,1.0,1.0,,F,,,5500000.0,0.0,12000000.0,15000000.0,3000000.0,Married,Middle School,Tỉnh Bến Tre,Châu Thành,Tỉnh Bến Tre
1417,16609864.0,2017-10-14,2018-10-26,12.0,FC UP DSA TS SCORE 2 NEW- 762,30000000.0,1650000.0,31650000.0,45.0,24.0,,1.0,24420396.0,,1.0,1.0,1.0,2023033.0,,39.0,,20000000.0,0.0,36000000.0,35000000.0,12000000.0,Married,,Tỉnh Gia Lai,An Khê,Tỉnh Gia Lai
1782,16777897.0,,2018-10-26,12.0,FC CD FPT OCT OUT-1971,9590000.0,632940.0,10222940.0,0.01,6.0,6.0,,10296000.0,,1.0,1.0,1.0,,M,35.0,1.0,10000000.0,0.0,1200000.0,19000000.0,4500000.0,Civil Marriage/live-in,High School,Thành phố Hà Nội,Hà Đông,Thành phố Hà Nội
4715,16639967.0,2017-10-17,2018-10-26,,FC CD OPPO JULY OUT-1790,4893000.0,322938.0,5215938.0,0.01,6.0,6.0,1.0,5292000.0,,1.0,1.0,1.0,870000.0,,29.0,,5500000.0,0.0,500000.0,15000000.0,2500000.0,Single,College,Tỉnh Hà Nam,Bình Lục,
4701,16880237.0,,2018-10-26,12.0,FC UP DSA TS SCORE 1 NEW- 761,25000000.0,1375000.0,26375000.0,,24.0,,0.0,14985145.0,,0.0,0.0,0.0,1543429.0,F,24.0,,7000000.0,0.0,7200000.0,25000000.0,3000000.0,,,Tỉnh Long An,Thủ Thừa,Tỉnh Long An
4118,16403766.0,2017-10-02,2018-10-26,,,34500000.0,1725000.0,,45.0,15.0,,1.0,41768000.0,,1.0,1.0,1.0,3202000.0,F,34.0,,8500000.0,0.0,1000000.0,16000000.0,3000000.0,,Basic School,Tỉnh Bình Dương,Dĩ An,Tỉnh Bình Dương
1652,16522156.0,2017-10-09,2018-10-26,12.0,FC CD VTA JULY OUT-1692,7992000.0,527472.0,8519472.0,0.01,,6.0,1.0,8592000.0,,1.0,1.0,1.0,1420000.0,M,25.0,,6000000.0,0.0,2000000.0,32000000.0,9000000.0,Single,Middle School,TP Hồ Chí Minh,Hóc Môn,TP Hồ Chí Minh
1483,16280614.0,2017-10-05,2018-10-26,12.0,FC UP SUR INS LIGHT NEW- 614,,880000.0,16880000.0,47.0,24.0,12.0,1.0,13304800.0,,1.0,1.0,1.0,1097680.0,F,37.0,,6000000.0,0.0,12000000.0,20000000.0,6000000.0,Married,Master Degree,TP Hồ Chí Minh,Hóc Môn,TP Hồ Chí Minh
2275,16404003.0,2017-10-03,2018-10-26,12.0,FC CD PORT LP NEW-1848,2390000.0,119500.0,2509500.0,65.0,,6.0,,3084000.0,,1.0,1.0,1.0,502000.0,F,,,8000000.0,0.0,1000000.0,16000000.0,4000000.0,Married,High School,Thành phố Hà Nội,Mỹ Đức,Thành phố Hà Nội
877,16408208.0,2017-10-03,2018-10-26,12.0,FC UP EVN VIP NEW- 622,30000000.0,0.0,,37.0,18.0,14.0,1.0,27489000.0,,1.0,1.0,1.0,2196658.0,M,26.0,,15000000.0,0.0,24000000.0,35000000.0,,Married,High School,Tỉnh Bình Thuận,La Gi,Tỉnh Bình Thuận
3525,16399838.0,2017-10-05,2018-10-26,12.0,FC TW 0% DP - 143,17800000.0,979000.0,18779000.0,45.0,6.0,,0.0,21396000.0,,1.0,0.0,1.0,,M,55.0,,8000000.0,,1000000.0,20000000.0,,Married,Middle School,Tỉnh Nam Định,Ý Yên,
2016,,2017-10-26,,12.0,FC UP L.G 2 TSA SCORE NEW- 617,20000000.0,1100000.0,21100000.0,44.5,24.0,11.0,0.0,,,0.0,0.0,0.0,1342868.0,M,36.0,,,0.0,12000000.0,17000000.0,4000000.0,Single,Middle School,Tỉnh Đồng Tháp,Tam Nông,Tỉnh Đồng Tháp
426,,2017-10-02,2018-10-26,12.0,FC CD KEY DEALERS 2 NEW- 1801,5590000.0,279500.0,5869500.0,35.0,9.0,5.0,0.0,6867000.0,,1.0,0.0,1.0,751000.0,F,26.0,,,0.0,1000000.0,,3500000.0,Civil Marriage/live-in,High School,TP Hồ Chí Minh,Bình Tân,TP Hồ Chí Minh
626,16424789.0,2017-10-06,2018-10-26,12.0,FC CD DMX SEP OUT-1896,8720000.0,,9295520.0,0.01,6.0,6.0,1.0,9372000.0,,1.0,1.0,1.0,1550000.0,F,55.0,,6000000.0,0.0,1000000.0,20000000.0,3000000.0,,High School,Tỉnh Đồng Nai,Biên Hòa,Tỉnh Đồng Nai
1589,16822207.0,2017-10-24,2018-10-26,12.0,FC CD KEY DEALERS 1 - 811,7190000.0,,7549500.0,45.0,12.0,13.0,1.0,9785000.0,,1.0,1.0,1.0,793000.0,F,,,6000000.0,0.0,1000000.0,20000000.0,5000000.0,Single,High School,Tỉnh Bà Rịa - Vũng Tàu,Tân Thành,Tỉnh Bà Rịa - Vũng Tàu
2223,16553700.0,2017-10-12,2018-10-26,12.0,FC TW E STANDARD EBIKE-197,10000000.0,500000.0,10500000.0,,12.0,12.0,1.0,14028000.0,,1.0,1.0,1.0,1157000.0,M,26.0,,7000000.0,,900000.0,20000000.0,3000000.0,Single,High School,Tỉnh Nam Định,Nam Trực,Tỉnh Nam Định
2217,16026840.0,,2018-10-26,12.0,,20000000.0,,21100000.0,44.5,24.0,2.0,0.0,,,1.0,0.0,1.0,1342868.0,M,25.0,,30000000.0,0.0,36000000.0,40000000.0,10000000.0,Married,High School,Tỉnh Hưng Yên,Ân Thi,
4483,16860716.0,2017-10-27,2018-10-26,12.0,FC UP DSA TS SCORE 1 NEW- 761,35000000.0,1925000.0,36925000.0,35.0,30.0,8.0,,18773000.0,,0.0,0.0,0.0,1863650.0,M,46.0,,15000000.0,,18000000.0,25000000.0,3000000.0,,High School,Tỉnh Thái Nguyên,Thái Nguyên,Tỉnh Thái Nguyên
1485,16369369.0,2017-10-03,2018-10-26,12.0,FC UP L.G 1 TSA SCORE - 539,,550000.0,10550000.0,31.5,12.0,7.0,0.0,12419734.0,,0.0,0.0,1.0,1036289.0,F,20.0,,6000000.0,0.0,12000000.0,20000000.0,5000000.0,Single,College,TP Hồ Chí Minh,Gò Vấp,TP Hồ Chí Minh
1739,16717076.0,2017-10-23,2018-10-26,12.0,FC CD KEY DEALERS 1 - 811,,314650.0,,,6.0,1.0,0.0,7198000.0,,0.0,0.0,0.0,1251000.0,M,31.0,,10000000.0,0.0,,10000000.0,1000000.0,,High School,Tỉnh Bắc Ninh,Thuận Thành,Tỉnh Bắc Ninh
2480,16542662.0,2017-10-11,2018-10-26,12.0,FC CD DMX SEP OUT-1896,8720000.0,575520.0,9295520.0,0.01,,6.0,1.0,9372000.0,,1.0,,1.0,1550000.0,F,34.0,1.0,,0.0,1000000.0,15000000.0,3000000.0,Married,Middle School,Tỉnh Bình Phước,Hớn Quản,Tỉnh Bình Phước
2584,16734931.0,2017-10-20,2018-10-26,12.0,FC UP L.G 2 TSA SCORE NEW- 617,10000000.0,550000.0,10550000.0,44.5,12.0,2.0,0.0,2198000.0,,0.0,0.0,0.0,1105184.0,F,30.0,,5000000.0,0.0,10800000.0,,2000000.0,Civil Marriage/live-in,High School,Tỉnh Đồng Tháp,Tháp Mười,Tỉnh Đồng Tháp
2893,16963659.0,2017-10-30,2018-10-26,,FC CD DMX SEP IN-1899,6090000.0,401940.0,,0.01,6.0,,1.0,6570000.0,,1.0,1.0,1.0,1083000.0,F,21.0,,9000000.0,0.0,,18000000.0,6000000.0,Married,Middle School,Thành phố Hà Nội,Đan Phượng,Thành phố Hà Nội
149,16646973.0,2017-10-16,2018-10-26,12.0,FC UP CAT B NEW- 610,30000000.0,1650000.0,31650000.0,47.0,18.0,,0.0,,,0.0,,0.0,2483234.0,M,32.0,,12000000.0,0.0,,21000000.0,4500000.0,Married,Master Degree,,Ba Đồn,Tỉnh Quảng Bình
676,16801753.0,2017-10-26,2018-10-26,12.0,FC UP DSA TS SCORE 3- 541,10000000.0,550000.0,10550000.0,59.99,,6.0,0.0,4661506.0,,,0.0,0.0,764506.0,F,35.0,,6000000.0,0.0,12000000.0,,,Married,,Tỉnh Phú Thọ,Yên Lập,Tỉnh Phú Thọ
1261,16386171.0,2017-10-04,,12.0,FC UP DSA TS SCORE 1 NEW- 761,15000000.0,825000.0,15825000.0,35.0,24.0,,0.0,9390000.0,,0.0,0.0,0.0,,,50.0,,4500000.0,,8400000.0,7500000.0,1800000.0,Married,Basic School,Tỉnh An Giang,Phú Tân,Tỉnh An Giang
4917,16741816.0,2017-10-21,,12.0,FC CD KEY DEALERS 1 - 811,8930000.0,446500.0,9376500.0,,6.0,6.0,1.0,10722000.0,,,,1.0,1775000.0,M,22.0,,7000000.0,0.0,2000000.0,20000000.0,4000000.0,Single,High School,,Quận 6,TP Hồ Chí Minh
12,16636841.0,2017-10-17,2018-10-26,12.0,FC UP L.G 1 TSA SCORE NEW- 616,20000000.0,1100000.0,21100000.0,33.5,24.0,12.0,1.0,14761000.0,,1.0,1.0,1.0,1218107.0,F,32.0,,4500000.0,0.0,10800000.0,14000000.0,4500000.0,Married,,Tỉnh Vĩnh Long,Bình Minh,Tỉnh Vĩnh Long
1833,16597415.0,2017-10-13,,12.0,FC CD OPPO JULY OUT-1790,4893000.0,322938.0,5215938.0,0.01,6.0,1.0,0.0,5292000.0,,1.0,0.0,1.0,870000.0,F,31.0,2.0,6000000.0,0.0,1000000.0,12000000.0,4000000.0,,Middle School,Tỉnh Đồng Nai,Trảng Bom,Tỉnh Đồng Nai
3248,16855586.0,2017-10-28,2018-10-26,12.0,FC UP L.G 3 TSA SCORE- 541,20000000.0,1100000.0,21100000.0,59.99,24.0,12.0,1.0,18492000.0,,1.0,,1.0,1529012.0,,34.0,,10000000.0,0.0,,20000000.0,4000000.0,Divorced,High School,Tỉnh Khánh Hòa,Cam Lâm,Tỉnh Khánh Hòa
1491,16861298.0,2017-10-31,2018-10-26,,FC UP CAT B NEW- 610,10000000.0,,10550000.0,47.0,10.0,10.0,1.0,13063000.0,,1.0,1.0,1.0,1295329.0,F,36.0,,8000000.0,0.0,3600000.0,32000000.0,4000000.0,Married,High School,Tỉnh Bình Dương,Dĩ An,Tỉnh Bình Dương
2727,16579613.0,2017-10-14,2018-10-26,12.0,FC UP DSA TS SCORE 1 NEW- 761,30000000.0,1650000.0,31650000.0,35.0,24.0,12.0,1.0,22373114.0,,1.0,1.0,1.0,,M,48.0,,10000000.0,0.0,9600000.0,30000000.0,2000000.0,Married,Middle School,Tỉnh Bến Tre,Chợ Lách,Tỉnh Bến Tre
3686,16418364.0,2017-10-04,2018-10-26,12.0,FC CD PORT LP 10PLUS NEW-1849,,,8400000.0,65.0,,6.0,1.0,10140000.0,,1.0,1.0,1.0,1678000.0,M,,,7000000.0,0.0,1000000.0,19000000.0,3000000.0,Single,Working Cerfiticate,Tỉnh Quảng Ninh,,
1424,16426352.0,2017-10-06,2018-10-26,12.0,FC UP DSA TS SCORE 1 NEW- 761,20000000.0,1100000.0,21100000.0,35.0,,12.0,1.0,14972000.0,,,1.0,1.0,1234743.0,F,27.0,,7000000.0,0.0,18000000.0,19000000.0,5000000.0,,High School,Tỉnh Thanh Hóa,Hậu Lộc,Tỉnh Thanh Hóa
4605,16803108.0,2017-10-25,2018-10-26,,FC UP L.G 2 TSA SCORE NEW- 617,30000000.0,1650000.0,31650000.0,44.5,24.0,12.0,1.0,24075000.0,0.00399741448898927,0.0,0.0,1.0,2014302.0,F,33.0,,9000000.0,0.0,12000000.0,16000000.0,2000000.0,Married,Middle School,TP Hồ Chí Minh,Củ Chi,TP Hồ Chí Minh
4595,16379224.0,2017-10-04,2018-10-26,12.0,FC UP CAT B NEW- 610,20000000.0,1100000.0,21100000.0,47.0,24.0,12.0,1.0,16634000.0,,1.0,1.0,1.0,1372100.0,M,43.0,,9666000.0,0.0,13200000.0,,5000000.0,Married,High School,Tỉnh Khánh Hòa,Nha Trang,Tỉnh Khánh Hòa
731,16407187.0,2017-10-04,2018-10-26,12.0,FC UP DSA TS SCORE 2 NEW- 762,,2200000.0,42200000.0,45.0,24.0,9.0,0.0,24390000.0,,0.0,0.0,0.0,,F,48.0,,10000000.0,0.0,12000000.0,40000000.0,3000000.0,Married,High School,Tỉnh Vĩnh Long,Long Hồ,Tỉnh Vĩnh Long
1231,16441091.0,2017-10-12,2018-10-26,12.0,,25000000.0,0.0,25000000.0,45.0,12.0,,1.0,31656000.0,,1.0,1.0,1.0,2626000.0,F,23.0,1.0,10000000.0,0.0,1000000.0,30000000.0,4000000.0,Married,High School,Tỉnh Đồng Nai,Xuân Lộc,Tỉnh Đồng Nai
1634,16474447.0,2017-10-16,2018-10-26,12.0,FC TW 0% DP - 143,33000000.0,1815000.0,34815000.0,45.0,12.0,12.0,1.0,44003000.0,,1.0,1.0,1.0,3657000.0,,41.0,2.0,6000000.0,0.0,800000.0,13000000.0,4700000.0,Married,Middle School,Tỉnh Hoà Bình,Lạc Thủy,
3936,16629392.0,2017-10-17,2018-10-26,12.0,FC UP DSA TS SCORE 1 NEW- 761,20000000.0,1100000.0,21100000.0,35.0,24.0,10.0,0.0,12408000.0,,0.0,0.0,0.0,1234743.0,F,40.0,,10000000.0,0.0,12000000.0,30000000.0,,,College,Tỉnh Tuyên Quang,,Tỉnh Tuyên Quang
1210,16391376.0,2017-10-02,2018-10-26,12.0,,11200000.0,560000.0,11760000.0,80.0,,2.0,0.0,13928000.0,,1.0,0.0,1.0,1142000.0,M,23.0,,6000000.0,0.0,1200000.0,15000000.0,6000000.0,Civil Marriage/live-in,Middle School,Tỉnh Nghệ An,Quế Phong,Tỉnh Nghệ An
3268,16738860.0,2017-10-20,2018-10-26,12.0,FC UP L.G 3 TSA SCORE- 541,15000000.0,825000.0,15825000.0,59.99,24.0,5.0,0.0,10437000.0,,0.0,,0.0,1146759.0,F,36.0,,6000000.0,0.0,21600000.0,18000000.0,2800000.0,Married,High School,Tỉnh Hậu Giang,Long Mỹ,Tỉnh Hậu Giang
1934,16529501.0,2017-10-15,2018-10-26,12.0,FC UP DSA TS SCORE 3- 541,20000000.0,1100000.0,21100000.0,59.99,15.0,3.0,0.0,6099000.0,,0.0,0.0,0.0,,F,45.0,,8000000.0,0.0,8400000.0,22000000.0,2500000.0,Married,Middle School,Tỉnh Tiền Giang,Chợ Gạo,Tỉnh Tiền Giang
553,16862834.0,2017-10-26,,12.0,FC CD NOKIA JUNE SUB7-1684,3913000.0,258258.0,4171258.0,,6.0,,0.0,4248000.0,,1.0,0.0,1.0,696000.0,,22.0,,6000000.0,0.0,1000000.0,20000000.0,4000000.0,Single,Middle School,Tỉnh Đồng Nai,Nhơn Trạch,Tỉnh Đồng Nai
491,16519313.0,2017-10-10,2018-10-26,12.0,FC TW PLATINUM DP SUPER - 141,16000000.0,0.0,16000000.0,35.0,12.0,12.0,1.0,19336000.0,,1.0,1.0,1.0,1600000.0,F,,,10000000.0,0.0,800000.0,25000000.0,,Married,High School,Tỉnh Bà Rịa - Vũng Tàu,Tân Thành,Tỉnh Bà Rịa - Vũng Tàu
2962,16587028.0,2017-10-16,2018-10-26,12.0,FC CD PORT KD LP - 866,1240000.0,62000.0,1302000.0,85.0,6.0,,1.0,,,1.0,1.0,1.0,274000.0,F,36.0,,,0.0,,20000000.0,5000000.0,Married,College,Tỉnh Bình Định,Tuy Phước,Tỉnh Bình Định
2329,16452494.0,2017-10-06,2018-10-26,12.0,FC CD KEY DEALERS 1 - 811,4690000.0,234500.0,4924500.0,,9.0,4.0,0.0,5777000.0,,,0.0,0.0,655000.0,M,32.0,,6000000.0,0.0,600000.0,16000000.0,3200000.0,Married,Middle School,Tỉnh Bắc Ninh,Gia Bình,Tỉnh Bắc Ninh
2195,16663837.0,2017-10-17,2018-10-26,12.0,FC CD DP0 LP NEW-1851,2590000.0,129500.0,2719500.0,65.0,6.0,6.0,1.0,3330000.0,,,1.0,1.0,543000.0,M,,,7500000.0,0.0,1500000.0,,4000000.0,Single,Middle School,,Cai Lậy,Tỉnh Tiền Giang
3064,16402115.0,2017-10-02,2018-10-26,,FC CD KEY DEALERS 1 - 811,,244500.0,,45.0,6.0,8.0,1.0,6894000.0,,1.0,1.0,,972000.0,M,26.0,1.0,10000000.0,0.0,2000000.0,15000000.0,5100000.0,,High School,Thành phố Hà Nội,Hoài Đức,Thành phố Hà Nội
657,16504289.0,2017-10-10,2018-10-26,12.0,FC UP DSA TS SCORE 2 NEW- 762,20000000.0,1100000.0,21100000.0,45.0,24.0,12.0,1.0,16410000.0,,1.0,1.0,1.0,1348689.0,M,21.0,,5000000.0,,8400000.0,40000000.0,3500000.0,Single,High School,Tỉnh Bình Thuận,Hàm Thuận Nam,Tỉnh Bình Thuận
2374,16989922.0,2017-10-31,2018-10-26,12.0,FC CD KEY DEALERS 2 NEW- 1801,4990000.0,0.0,4990000.0,35.0,,9.0,1.0,5860000.0,,1.0,1.0,1.0,639000.0,M,27.0,,10000000.0,0.0,800000.0,15000000.0,2500000.0,Civil Marriage/live-in,Working Cerfiticate,Tỉnh Hà Nam,Phủ Lý,Tỉnh Hà Nam
2225,16398257.0,2017-10-05,2018-10-26,12.0,FC CD PORT LP NEW-1848,2140000.0,107000.0,2247000.0,65.0,6.0,6.0,1.0,2766000.0,,,,1.0,449000.0,M,29.0,1.0,5500000.0,0.0,1000000.0,10000000.0,3000000.0,Married,High School,Tỉnh Bình Phước,Chơn Thành,Tỉnh Bình Phước
4264,16684738.0,2017-10-18,2018-10-26,12.0,,2690000.0,134500.0,2824500.0,65.0,12.0,10.0,0.0,3390000.0,,0.0,0.0,0.0,327000.0,F,20.0,,6500000.0,0.0,1100000.0,15000000.0,5000000.0,Single,Middle School,Tỉnh Cà Mau,Năm Căn,Tỉnh Cà Mau
1170,,2017-10-16,2018-10-26,12.0,FC CD DMX SEP OUT-1896,5752000.0,379632.0,6131632.0,0.01,6.0,6.0,1.0,6204000.0,,1.0,1.0,1.0,1022000.0,F,39.0,,5000000.0,0.0,600000.0,17000000.0,3000000.0,Married,Middle School,Tỉnh Long An,Đức Huệ,Tỉnh Long An
132,,2017-10-10,2018-10-26,12.0,FC UP DSA TS SCORE 1 NEW- 761,25000000.0,1375000.0,26375000.0,35.0,,,1.0,18663716.0,,1.0,1.0,1.0,,F,27.0,,,0.0,24000000.0,,5000000.0,Single,,Tỉnh Sóc Trăng,Trần Đề,Tỉnh Sóc Trăng
471,16959341.0,,2018-10-26,12.0,FC CD FPT OCT OUT-1970,7191000.0,0.0,7191000.0,0.01,6.0,6.0,1.0,7266000.0,,,1.0,1.0,1199000.0,M,31.0,,6500000.0,0.0,1000000.0,,6000000.0,,High School,Tỉnh Tây Ninh,Trảng Bàng,Tỉnh Tây Ninh
3225,16766181.0,2017-10-25,2018-10-26,12.0,FC UP CAT B NEW- 610,20000000.0,1100000.0,21100000.0,47.0,24.0,12.0,1.0,16619000.0,,1.0,1.0,1.0,1372100.0,F,21.0,,5147000.0,0.0,7200000.0,20000000.0,5000000.0,Single,Middle School,Tỉnh Đồng Nai,Xuân Lộc,Tỉnh Đồng Nai
1405,16294829.0,,2018-10-26,12.0,FC UP L.G 2 TSA SCORE NEW- 617,20000000.0,1100000.0,21100000.0,44.5,24.0,13.0,1.0,17614000.0,,1.0,1.0,1.0,,M,20.0,,6000000.0,0.0,12000000.0,16000000.0,4000000.0,Single,Middle School,Tỉnh An Giang,Châu Thành,Tỉnh An Giang
2876,16607603.0,,2018-10-26,12.0,FC CD SAMSUNG OCT IN-1914,4543000.0,299838.0,,0.01,6.0,6.0,1.0,,,1.0,1.0,1.0,808000.0,M,36.0,,10500000.0,0.0,1500000.0,18000000.0,4500000.0,Married,High School,Tỉnh Bình Dương,Dĩ An,Tỉnh Bình Dương
4504,16734999.0,2017-10-20,2018-10-26,12.0,FC UP L.G 2 TSA SCORE NEW- 617,40000000.0,2200000.0,42200000.0,44.5,24.0,,,,,,,0.0,2685736.0,M,23.0,,20000000.0,0.0,24000000.0,35000000.0,5000000.0,Single,Working Cerfiticate,Tỉnh Yên Bái,Văn Yên,Tỉnh Yên Bái
4692,16788272.0,2017-10-21,,12.0,FC CD KEY DEALERS 1 - 811,9680000.0,484000.0,10164000.0,45.0,9.0,,,,,,,0.0,1352000.0,F,50.0,3.0,7000000.0,0.0,900000.0,35000000.0,4500000.0,Married,High School,Tỉnh Đăk Lăk,Buôn Đôn,Tỉnh Đăk Lăk
2826,,2017-10-02,2018-10-26,12.0,FC TW HONDA 0.79 OUT-560,15000000.0,990000.0,15990000.0,17.06,12.0,12.0,1.0,17668000.0,,1.0,1.0,1.0,1459000.0,,40.0,,,0.0,1000000.0,20000000.0,3500000.0,Single,,Tỉnh Kiên Giang,Tân Hiệp,Tỉnh Kiên Giang
287,16294077.0,2017-10-07,2018-10-26,12.0,FC UP CAT B NEW- 610,20000000.0,1100000.0,21100000.0,47.0,24.0,,0.0,13829200.0,,0.0,0.0,0.0,1372100.0,F,20.0,,6453000.0,0.0,12000000.0,,10000000.0,Married,Middle School,Tỉnh Bình Phước,Đồng Phú,Tỉnh Bình Phước
1869,16571913.0,2017-10-13,2018-10-26,12.0,FC CD DMX SEP OUT-1896,6993000.0,461538.0,7454538.0,0.01,6.0,6.0,1.0,7530000.0,,1.0,1.0,1.0,1243000.0,F,39.0,2.0,12000000.0,0.0,1000000.0,20000000.0,,Married,High School,Tỉnh Đồng Nai,Biên Hòa,Tỉnh Đồng Nai
3114,,2017-10-11,,12.0,,40000000.0,2200000.0,42200000.0,35.0,30.0,12.0,1.0,25702632.0,,1.0,1.0,1.0,2129886.0,F,35.0,,15000000.0,,18000000.0,,6000000.0,Married,High School,,Quốc Oai,
3625,16615314.0,2017-10-21,2018-10-26,12.0,FC CD OPPO F3 LITE NK-1900,,303600.0,4903600.0,48.2,6.0,7.0,1.0,5700000.0,,1.0,1.0,1.0,936000.0,F,34.0,2.0,,0.0,1000000.0,14000000.0,5000000.0,Married,Basic School,,BẮC TÂN UYÊN,Tỉnh Bình Dương
2312,16822294.0,2017-10-24,2018-10-26,12.0,FC CD FPT OCT OUT-1971,,653334.0,10552334.0,0.01,6.0,5.0,0.0,10626000.0,,1.0,0.0,1.0,,F,,,10000000.0,,1000000.0,20000000.0,4500000.0,Divorced,College,Tỉnh Khánh Hòa,Ninh Hòa,Tỉnh Khánh Hòa
4923,16389328.0,2017-10-06,2018-10-26,12.0,FC TW 0% DP - 143,15000000.0,825000.0,15825000.0,45.0,,10.0,1.0,19417000.0,,1.0,1.0,1.0,1927000.0,M,,2.0,7500000.0,0.0,650000.0,,3500000.0,Married,Middle School,Tỉnh Hoà Bình,Hoà Bình,Tỉnh Hoà Bình
1618,16628412.0,2017-10-13,2018-10-26,12.0,FC CD OPPO JULY OUT-1792,3843000.0,253638.0,4096638.0,0.01,6.0,6.0,1.0,4170000.0,,1.0,1.0,1.0,683000.0,M,28.0,,7000000.0,0.0,800000.0,25000000.0,3500000.0,Married,,Tỉnh Thái Nguyên,Phổ Yên,Tỉnh Thái Nguyên
994,16732358.0,2017-10-23,2018-10-26,12.0,FC CD KEY DEALERS 1 - 811,2390000.0,119500.0,2509500.0,45.0,,6.0,1.0,2922000.0,,1.0,1.0,1.0,475000.0,M,37.0,,6000000.0,0.0,1000000.0,18000000.0,4000000.0,Married,Middle School,Tỉnh Quảng Nam,Thăng Bình,Tỉnh Quảng Nam
1803,16680585.0,2017-10-20,2018-10-26,,FC CD NOKIA JUNE SUB7-1684,3913000.0,258258.0,4171258.0,0.01,6.0,6.0,1.0,4248000.0,,1.0,1.0,,696000.0,,30.0,1.0,12000000.0,,,24000000.0,3000000.0,Married,High School,Tỉnh Bình Dương,Bến Cát,Tỉnh Bình Dương
2642,16831750.0,2017-10-26,2018-10-26,12.0,FC UP DSA TS SCORE 1 NEW- 761,30000000.0,1650000.0,31650000.0,35.0,30.0,,,,,,,0.0,1597414.0,M,25.0,,10000000.0,0.0,24000000.0,19000000.0,4000000.0,Married,Middle School,Tỉnh Bình Dương,Tân Uyên,Tỉnh Bình Dương
4802,16684765.0,2017-10-16,2018-10-26,12.0,FC CD OPPO JULY OUT-1790,4893000.0,322938.0,,0.01,6.0,6.0,1.0,,,1.0,1.0,1.0,870000.0,F,24.0,,8000000.0,0.0,,35000000.0,6000000.0,Single,High School,TP Hồ Chí Minh,Thủ Đức,TP Hồ Chí Minh
3535,16782724.0,2017-10-23,,12.0,FC CD PORT LP NEW-1848,2150000.0,107500.0,2257500.0,65.0,6.0,6.0,1.0,2777000.0,,1.0,1.0,1.0,451000.0,F,32.0,2.0,,0.0,1000000.0,20000000.0,3000000.0,Married,High School,TP Hồ Chí Minh,Bình Tân,TP Hồ Chí Minh
4831,16388835.0,2017-10-05,2018-10-26,12.0,FC CD KEY DEALERS 2 NEW- 1801,7990000.0,399500.0,8389500.0,35.0,9.0,9.0,1.0,9774000.0,,1.0,1.0,1.0,1074000.0,,37.0,0.0,8000000.0,0.0,1000000.0,25000000.0,3000000.0,,Bachelor,TP Hồ Chí Minh,Quận 4,
3911,16492410.0,2017-10-10,,12.0,FC UP DSA TS SCORE 1 NEW- 761,20000000.0,,,35.0,,7.0,0.0,8612886.0,,0.0,0.0,,1064943.0,F,,,6000000.0,0.0,12000000.0,,4000000.0,Married,High School,Tỉnh Hòa Bình,Lạc Sơn,Tỉnh Hòa Bình
2107,16830971.0,2017-10-25,2018-10-26,12.0,FC UP DSA TS SCORE 1 NEW- 761,10000000.0,550000.0,10550000.0,35.0,12.0,12.0,1.0,,0.00146104563140248,0.0,0.0,1.0,1054610.0,M,28.0,,5000000.0,0.0,12000000.0,25000000.0,5000000.0,,High School,Tỉnh Gia Lai,Ia Grai,Tỉnh Gia Lai
3044,,2017-10-04,2018-10-26,12.0,FC TW E STANDARD EBIKE-197,,470000.0,9870000.0,55.0,12.0,,0.0,5500000.0,,0.0,0.0,0.0,1088000.0,F,21.0,,,0.0,1000000.0,,3000000.0,Married,College,Thành phố Đà Nẵng,Sơn Trà,Thành phố Đà Nẵng
416,16803186.0,2017-10-23,2018-10-26,12.0,FC TW ATTRACTIVE NEW - 151,17100000.0,855000.0,17955000.0,45.0,12.0,9.0,0.0,20878000.0,,0.0,0.0,0.0,1886000.0,M,43.0,,15000000.0,0.0,3000000.0,40000000.0,,Single,College,Thành phố Đà Nẵng,Thanh Khê,Thành phố Đà Nẵng
977,,2017-10-26,2018-10-26,12.0,,35000000.0,1925000.0,36925000.0,37.0,36.0,11.0,0.0,20869000.0,,1.0,0.0,1.0,1712401.0,M,25.0,,6746000.0,0.0,10800000.0,40000000.0,4500000.0,Single,High School,Tỉnh Quảng Ninh,Cẩm Phả,Tỉnh Quảng Ninh
2417,16714410.0,2017-10-18,2018-10-26,12.0,FC CD KEY DEALERS 1 - 811,3990000.0,199500.0,4189500.0,45.0,9.0,9.0,1.0,5121000.0,,1.0,1.0,1.0,558000.0,M,27.0,,6000000.0,0.0,1000000.0,18000000.0,3400000.0,Married,Middle School,Tỉnh Cà Mau,Cà Mau,Tỉnh Cà Mau
505,16974996.0,2017-10-31,2018-10-26,12.0,FC CD DMX SEP IN-1899,5840000.0,385440.0,6225440.0,0.01,6.0,6.0,1.0,6300000.0,,1.0,1.0,1.0,1038000.0,F,32.0,,5000000.0,0.0,,30000000.0,5000000.0,Divorced,High School,TP Hồ Chí Minh,Bình Chánh,TP Hồ Chí Minh
4152,16721442.0,2017-10-18,2018-10-26,12.0,FC CD KEY DEALERS 2 NEW- 1801,8490000.0,424500.0,8914500.0,35.0,12.0,,0.0,9775000.0,,0.0,0.0,0.0,892000.0,M,22.0,,8500000.0,0.0,500000.0,20000000.0,,Single,College,TP Hồ Chí Minh,Củ Chi,TP Hồ Chí Minh
4255,16610666.0,2017-10-17,2018-10-26,12.0,FC CD PORT LP NEW-1848,3590000.0,179500.0,3769500.0,65.0,6.0,6.0,1.0,4578000.0,,1.0,1.0,1.0,753000.0,F,36.0,,10000000.0,0.0,1500000.0,22000000.0,6000000.0,Married,High School,Thành phố Đà Nẵng,Hải Châu,Thành phố Đà Nẵng
3941,16765933.0,2017-10-19,2018-10-26,,FC UP DSA TS SCORE 1 NEW- 761,20000000.0,1100000.0,21100000.0,,18.0,12.0,1.0,18424380.0,,1.0,1.0,1.0,1523365.0,F,35.0,,8000000.0,0.0,18000000.0,20000000.0,5000000.0,Married,,,Bình Chánh,
414,16981316.0,2017-10-31,2018-10-26,12.0,FC CD VIETTEL JULY IN-1741,2793000.0,184338.0,2977338.0,0.01,6.0,,0.0,,,1.0,0.0,1.0,497000.0,,,,6000000.0,0.0,800000.0,28000000.0,4500000.0,,High School,Tỉnh Nam Định,Hải Hậu,Tỉnh Nam Định
4148,16637555.0,2017-10-14,2018-10-26,12.0,FC CD KEY DEALERS 1 - 811,3160000.0,158000.0,3318000.0,45.0,6.0,6.0,1.0,3840000.0,,,1.0,1.0,628000.0,M,24.0,0.0,9000000.0,0.0,1500000.0,40000000.0,6000000.0,Single,Middle School,Tỉnh Tây Ninh,Châu Thành,Tỉnh Tây Ninh
1183,16749764.0,2017-10-21,,12.0,FC TW E STANDARD EBIKE-197,7500000.0,,7875000.0,55.0,12.0,12.0,1.0,10557000.0,,1.0,1.0,1.0,868000.0,F,29.0,2.0,6000000.0,0.0,1000000.0,16000000.0,,Married,,Tỉnh Phú Thọ,Thanh Sơn,Tỉnh Phú Thọ
485,16952222.0,2017-10-30,2018-10-26,12.0,FC CD SAMSUNG JULY IN-1744,3143000.0,207438.0,3350438.0,0.01,4.0,4.0,1.0,3400000.0,,1.0,1.0,1.0,838000.0,F,37.0,,6000000.0,0.0,800000.0,12000000.0,32000000.0,Married,College,,,Tỉnh Gia Lai
893,16616497.0,2017-10-25,2018-10-26,12.0,FC UP SUR CF PLUS - 555,20000000.0,1100000.0,21100000.0,60.0,24.0,11.0,,,,0.0,0.0,0.0,,M,,,10000000.0,0.0,24000000.0,20000000.0,5000000.0,Divorced,High School,TP Hồ Chí Minh,Quận 8,TP Hồ Chí Minh
805,16669319.0,2017-10-17,2018-10-26,,FC UP DSA TS SCORE 1 NEW- 761,15000000.0,,15825000.0,35.0,24.0,1.0,0.0,927000.0,,0.0,0.0,0.0,926057.0,M,29.0,,7000000.0,0.0,,15000000.0,,,Middle School,Tỉnh Bình Dương,Bến Cát,Tỉnh Bình Dương
555,16406611.0,,,,FC CD DMX SEP IN-1899,8990000.0,593340.0,,0.01,6.0,6.0,1.0,9660000.0,,1.0,1.0,,1598000.0,F,37.0,,7500000.0,0.0,1000000.0,15000000.0,2000000.0,Divorced,College,Tỉnh Thái Nguyên,Thái Nguyên,
3825,16495082.0,2017-10-13,2018-10-26,,FC UP SUR BIKE PLUS NEW- 618,20000000.0,1100000.0,21100000.0,47.0,18.0,12.0,1.0,20018470.0,,,,1.0,1655490.0,M,27.0,,6000000.0,0.0,8400000.0,,5000000.0,Married,Middle School,TP Hồ Chí Minh,Hóc Môn,TP Hồ Chí Minh
1197,16586761.0,2017-10-16,2018-10-26,12.0,FC CD NONKEY FEB SUB7.2-1425,7500000.0,495000.0,7995000.0,0.01,6.0,6.0,1.0,,,,1.0,1.0,1333000.0,M,27.0,,7000000.0,0.0,1500000.0,20000000.0,8000000.0,Married,Middle School,,Rạch Giá,Tỉnh Kiên Giang
4253,16864055.0,2017-10-25,2018-10-26,12.0,FC CD DP0 LP NEW-1851,2990000.0,149500.0,3139500.0,65.0,12.0,12.0,1.0,4572000.0,,1.0,1.0,1.0,363000.0,M,34.0,,10000000.0,4000000.0,1000000.0,6000000.0,1000000.0,Divorced,Basic School,Tỉnh Long An,,Tỉnh Long An
4058,16778175.0,2017-10-20,2018-10-26,12.0,FC CD NP DMX ECONOMY - 857,2390000.0,119500.0,2509500.0,45.0,6.0,6.0,1.0,2922000.0,,1.0,1.0,1.0,,F,30.0,,6000000.0,0.0,1000000.0,15000000.0,5000000.0,Married,College,Tỉnh Hưng Yên,,Tỉnh Hưng Yên
1293,16832345.0,2017-10-23,2018-10-26,12.0,,15000000.0,825000.0,15825000.0,45.0,15.0,12.0,1.0,16927941.0,,1.0,1.0,1.0,,,,,5000000.0,0.0,6000000.0,20000000.0,4000000.0,Single,College,Tỉnh Bình Định,Tuy Phước,Tỉnh Bình Định
2221,16741336.0,2017-10-21,2018-10-26,12.0,FC CD KEY DEALERS 1 - 811,4390000.0,219500.0,4609500.0,45.0,6.0,2.0,0.0,,,0.0,0.0,0.0,873000.0,M,21.0,,4000000.0,0.0,1000000.0,18000000.0,4000000.0,Single,College,Tỉnh Thanh Hóa,Cẩm Thủy,Tỉnh Thanh Hóa
3504,16757545.0,2017-10-20,2018-10-26,12.0,FC CD KEY DEALERS 2 NEW- 1801,4392000.0,219600.0,4611600.0,35.0,,9.0,1.0,5418000.0,,1.0,,1.0,590000.0,M,24.0,1.0,5000000.0,0.0,1000000.0,16000000.0,7000000.0,,High School,Tỉnh Phú Thọ,Lâm Thao,
3654,16534756.0,2017-10-10,2018-10-26,12.0,FC CD PORT LP NEW-1848,2790000.0,,2929500.0,65.0,6.0,5.0,0.0,3582000.0,,1.0,0.0,1.0,585000.0,M,20.0,,6400000.0,,500000.0,16000000.0,2000000.0,Single,Middle School,,Bến Cát,Tỉnh Bình Dương
4758,,2017-10-20,2018-10-26,12.0,FC CD KEY DEALERS 1 - 811,6490000.0,324500.0,6814500.0,,9.0,9.0,1.0,,,1.0,1.0,1.0,907000.0,,32.0,,8000000.0,0.0,,30000000.0,6000000.0,,High School,Tỉnh Khánh Hòa,Nha Trang,Tỉnh Khánh Hòa
3006,16784400.0,2017-10-20,2018-10-26,12.0,FC CD KEY DEALERS 1 - 811,2790000.0,,2929500.0,,6.0,6.0,1.0,3410000.0,,1.0,1.0,1.0,555000.0,M,21.0,0.0,6000000.0,0.0,900000.0,36000000.0,5400000.0,Single,High School,Tỉnh Đăk Lăk,Krông Búk,Tỉnh Đăk Lăk
2093,16732925.0,,,12.0,FC UP L.G 2 TSA SCORE NEW- 617,20000000.0,1100000.0,21100000.0,44.5,24.0,12.0,1.0,14903548.0,0.0751419102001587,0.0,,0.0,1342868.0,F,23.0,,7000000.0,0.0,12000000.0,17000000.0,6000000.0,Single,High School,Thành phố Hà Nội,Tây Hồ,Thành phố Hà Nội
2187,16359888.0,2017-10-05,2018-10-26,12.0,FC UP L.G 2 TSA SCORE NEW- 617,30000000.0,1650000.0,31650000.0,44.5,,6.0,0.0,14720000.0,,0.0,0.0,0.0,2441232.0,M,39.0,,,0.0,36000000.0,23000000.0,7500000.0,Married,Basic School,Tỉnh Hải Dương,Kinh Môn,Tỉnh Hải Dương
3036,16524179.0,2017-10-10,2018-10-26,12.0,FC CD NP DMX ECONOMY - 857,5890000.0,294500.0,6184500.0,45.0,12.0,3.0,0.0,1944000.0,,0.0,0.0,0.0,650000.0,M,22.0,,8000000.0,0.0,1000000.0,28000000.0,5000000.0,Single,High School,,Mỹ Tho,
3918,16781019.0,2017-10-25,2018-10-26,12.0,FC UP CAT B NEW- 610,18000000.0,990000.0,18990000.0,47.0,18.0,11.0,0.0,16522000.0,,,0.0,0.0,1489941.0,F,20.0,,4494000.0,0.0,,15000000.0,6000000.0,Married,High School,Tỉnh Bình Phước,Đồng Xoài,Tỉnh Bình Phước
1272,16923519.0,2017-10-28,,,FC UP L@W-TOP EMPLOYER-SOURCE 2-383,10000000.0,550000.0,10550000.0,,18.0,12.0,1.0,13764000.0,,1.0,,1.0,761683.0,M,24.0,,5100000.0,,,19500000.0,4500000.0,,High School,Tỉnh Đồng Nai,Biên Hòa,Tỉnh Đồng Nai
290,16759216.0,2017-10-27,2018-10-26,12.0,FC UP SUR CF - 285,10000000.0,550000.0,10550000.0,60.0,20.0,9.0,0.0,8585590.0,,0.0,0.0,0.0,846559.0,M,,,10000000.0,0.0,12000000.0,20000000.0,,Married,High School,Tỉnh Hưng Yên,Kim Động,Tỉnh Hưng Yên
4827,16845570.0,2017-10-26,2018-10-26,,FC CD MBW SEP IN-1864,,177804.0,2871804.0,0.01,4.0,4.0,,2920000.0,,1.0,1.0,,718000.0,M,21.0,,6000000.0,0.0,800000.0,18000000.0,3000000.0,Single,,TỈNH PHÚ YÊN,Phú Hòa,TỈNH PHÚ YÊN
252,16603240.0,2017-10-14,2018-10-26,12.0,FC UP EVN CLASSIC - 292,14000000.0,770000.0,14770000.0,60.0,12.0,12.0,,20051017.0,,1.0,1.0,,1666431.0,M,41.0,,9000000.0,0.0,7200000.0,20000000.0,4000000.0,Married,Middle School,Tỉnh Tiền Giang,,Tỉnh Tiền Giang
3245,,2017-10-03,2018-10-26,12.0,FC UP L.G 2 TSA SCORE NEW- 617,25000000.0,,26375000.0,,24.0,1.0,0.0,,,0.0,0.0,0.0,1678585.0,M,39.0,,10000000.0,0.0,24000000.0,25000000.0,4000000.0,Single,High School,Thành phố Hà Nội,Tây Hồ,Thành phố Hà Nội
350,16532559.0,2017-10-13,2018-10-26,12.0,FC CD SAMSUNG OCT IN-1914,4543000.0,299838.0,4842838.0,0.01,,,1.0,4920000.0,,1.0,1.0,1.0,808000.0,F,27.0,,8000000.0,0.0,1000000.0,30000000.0,4000000.0,Single,Working Cerfiticate,Tỉnh Nghệ An,Tương Dương,Tỉnh Nghệ An
1187,16400730.0,2017-10-03,2018-10-26,12.0,,3032000.0,200112.0,3232112.0,0.01,4.0,4.0,,3284000.0,,1.0,1.0,,809000.0,M,23.0,1.0,8000000.0,0.0,1500000.0,15000000.0,4000000.0,Married,College,Thành phố Hà Nội,Ba Đình,Thành phố Hà Nội
1961,16853220.0,2017-10-25,2018-10-26,12.0,FC UP CAT B NEW- 610,30000000.0,1650000.0,31650000.0,47.0,35.0,12.0,1.0,20003605.0,,1.0,1.0,1.0,1654605.0,M,31.0,,7014000.0,0.0,8400000.0,20000000.0,5000000.0,,Middle School,TP Hồ Chí Minh,Bình Chánh,TP Hồ Chí Minh
422,,2017-10-06,2018-10-26,,FC CD KEY DEALERS 2 NEW- 1801,,564500.0,11854500.0,35.0,12.0,12.0,1.0,14376000.0,,1.0,,1.0,1186000.0,F,52.0,,16000000.0,0.0,1600000.0,40000000.0,4000000.0,Civil Marriage/live-in,High School,TP Hồ Chí Minh,Quận 5,TP Hồ Chí Minh
90,16457781.0,2017-10-12,2018-10-26,12.0,FC UP DSA TS SCORE 3- 541,15000000.0,825000.0,15825000.0,59.99,15.0,12.0,1.0,18434531.0,,1.0,1.0,,1524531.0,F,44.0,,8000000.0,,12000000.0,16000000.0,4000000.0,Married,Basic School,Tỉnh Ninh Thuận,Ninh Phước,Tỉnh Ninh Thuận
3729,,2017-10-26,2018-10-26,,FC UP L.G 2 TSA SCORE NEW- 617,30000000.0,,31650000.0,44.5,24.0,12.0,1.0,24315624.0,,1.0,,1.0,2014302.0,M,44.0,,12000000.0,0.0,30000000.0,,3500000.0,Married,College,Tỉnh Thái Bình,,Tỉnh Thái Bình
2236,16796685.0,2017-10-21,2018-10-26,12.0,,3913000.0,258258.0,4171258.0,0.01,6.0,6.0,1.0,4248000.0,,1.0,1.0,1.0,696000.0,F,29.0,0.0,6000000.0,0.0,2000000.0,13000000.0,4000000.0,Civil Marriage/live-in,,TP Hồ Chí Minh,Hóc Môn,TP Hồ Chí Minh
670,16940666.0,2017-10-29,2018-10-26,12.0,FC UP L.G 1 TSA SCORE NEW- 616,20000000.0,,21100000.0,33.5,24.0,12.0,1.0,14770000.0,,1.0,1.0,1.0,,M,28.0,,8500000.0,,9600000.0,30000000.0,,Single,Working Cerfiticate,Tỉnh Quảng Ninh,Vân Đồn,Tỉnh Quảng Ninh
3040,16611700.0,2017-10-13,2018-10-26,12.0,FC CD PORT LP NEW-1848,4390000.0,219500.0,4609500.0,65.0,6.0,6.0,1.0,5586000.0,,1.0,,1.0,921000.0,M,25.0,,7000000.0,0.0,1100000.0,,4000000.0,,High School,Tỉnh Thái Nguyên,Phú Bình,Tỉnh Thái Nguyên
26,16931732.0,2017-10-30,2018-10-26,,FC UP CAT B NEW- 610,25000000.0,1375000.0,26375000.0,47.0,26.0,,0.0,17996000.0,,0.0,0.0,0.0,1635265.0,F,,,4800000.0,,9600000.0,10000000.0,2500000.0,Married,High School,Tỉnh Bình Dương,Thuận An,Tỉnh Bình Dương
429,16489339.0,2017-10-10,2018-10-26,,FC CD OPPO JULY OUT-1790,4893000.0,322938.0,5215938.0,0.01,6.0,6.0,1.0,5292000.0,,1.0,1.0,,870000.0,M,35.0,2.0,12000000.0,0.0,1200000.0,20000000.0,7500000.0,Married,High School,Thành phố Hải Phòng,Thuỷ Nguyên,Thành phố Hải Phòng
683,16594463.0,2017-10-13,2018-10-26,12.0,FC UP L.G 2 TSA SCORE NEW- 617,40000000.0,2200000.0,,44.5,24.0,1.0,0.0,2698000.0,,0.0,0.0,0.0,2685736.0,F,48.0,,15000000.0,0.0,12000000.0,30000000.0,5000000.0,Married,,Thành phố Hải Phòng,Lê Chân,Thành phố Hải Phòng
4463,16300164.0,2017-10-10,2018-10-26,12.0,FC UP SUR CF PLUS - 555,30000000.0,0.0,30000000.0,60.0,24.0,12.0,1.0,26232000.0,,1.0,1.0,1.0,2174127.0,M,52.0,,11000000.0,0.0,,25000000.0,5000000.0,Married,Middle School,Tỉnh Sóc Trăng,Long Phú,Tỉnh Sóc Trăng
3945,16852903.0,2017-10-28,,12.0,FC UP DSA TS SCORE 1 NEW- 761,30000000.0,1650000.0,31650000.0,35.0,24.0,13.0,1.0,22369314.0,,1.0,1.0,1.0,1852114.0,M,25.0,,6500000.0,0.0,,6500000.0,600000.0,Single,Master Degree,TP Hồ Chí Minh,Bình Thạnh,TP Hồ Chí Minh
3523,16531775.0,2017-10-10,2018-10-26,12.0,FC CD OPPO JULY OUT-1790,4893000.0,322938.0,5215938.0,0.01,6.0,6.0,1.0,5292000.0,,,1.0,1.0,870000.0,M,24.0,,7000000.0,,1000000.0,30000000.0,5000000.0,Single,Middle School,Tỉnh Cà Mau,,Tỉnh Cà Mau
1541,16728123.0,2017-10-20,2018-10-26,12.0,FC UP DSA TS SCORE 3- 541,,1375000.0,26375000.0,59.99,24.0,12.0,,21211000.0,,0.0,0.0,0.0,1911265.0,F,34.0,,10000000.0,0.0,12000000.0,20000000.0,3000000.0,Married,High School,Tỉnh Điện Biên,Mường Chà,Tỉnh Điện Biên
2031,,2017-10-26,2018-10-26,12.0,FC UP DSA TS SCORE 2 NEW- 762,25000000.0,,26375000.0,45.0,24.0,11.0,0.0,,,0.0,0.0,0.0,1685861.0,F,49.0,,9000000.0,0.0,18000000.0,28000000.0,5000000.0,,Basic School,,Tháp Mười,Tỉnh Đồng Tháp
2232,16621139.0,2017-10-16,2018-10-26,12.0,FC CD DP0 LP NEW-1851,3290000.0,164500.0,3454500.0,65.0,9.0,,,,,,,0.0,,F,45.0,,5000000.0,,500000.0,,1500000.0,Divorced,Middle School,Tỉnh Ninh Thuận,Ninh Phước,
4120,16819924.0,2017-10-29,2018-10-26,12.0,FC CD PORT LP NEW-1848,2000000.0,100000.0,2100000.0,65.0,6.0,6.0,,2634723.0,,1.0,1.0,1.0,420000.0,F,38.0,,6000000.0,,1000000.0,12000000.0,2000000.0,Married,Middle School,Tỉnh Cà Mau,U Minh,Tỉnh Cà Mau
3235,16851157.0,,2018-10-26,12.0,FC UP L.G 1 TSA SCORE NEW- 616,,550000.0,10550000.0,33.5,18.0,11.0,0.0,8415000.0,,,0.0,,753630.0,M,42.0,,6000000.0,0.0,12000000.0,11000000.0,3000000.0,Married,High School,Tỉnh Hậu Giang,Châu Thành A,Tỉnh Hậu Giang
254,16470089.0,2017-10-06,2018-10-26,12.0,FC UP CAT B NEW- 610,30000000.0,1650000.0,31650000.0,47.0,24.0,9.0,0.0,19904000.0,,0.0,0.0,0.0,2058150.0,M,28.0,,6027000.0,0.0,42000000.0,25000000.0,6000000.0,Married,High School,Tỉnh Thanh Hóa,Tĩnh Gia,Tỉnh Thanh Hóa
1029,16804405.0,2017-10-23,2018-10-26,12.0,FC CD KEY DEALERS 2 NEW- 1801,7820000.0,391000.0,8211000.0,35.0,12.0,12.0,1.0,10110000.0,,,1.0,1.0,821000.0,M,37.0,,7000000.0,0.0,1000000.0,15000000.0,5000000.0,Married,Middle School,Tỉnh Sóc Trăng,,Tỉnh Sóc Trăng
4392,16773880.0,2017-10-26,2018-10-26,,,10000000.0,550000.0,,45.0,18.0,12.0,1.0,9932000.0,,1.0,1.0,1.0,816534.0,F,27.0,,6000000.0,0.0,16800000.0,40000000.0,18000000.0,Married,High School,Tỉnh Kiên Giang,,
3800,16853405.0,,2018-10-26,12.0,,10000000.0,550000.0,10550000.0,60.0,14.0,11.0,0.0,11857212.0,,,0.0,0.0,1065803.0,F,30.0,,6000000.0,0.0,18000000.0,,3000000.0,Married,Middle School,Tỉnh Đồng Tháp,Lấp Vò,Tỉnh Đồng Tháp
4310,16704638.0,2017-10-18,2018-10-26,12.0,FC CD VIVO SEP IN-1891,4683000.0,309078.0,4992078.0,,6.0,6.0,1.0,5070000.0,,1.0,1.0,1.0,833000.0,M,33.0,,10000000.0,,2000000.0,15000000.0,,Married,Bachelor,Tỉnh Kiên Giang,Vĩnh Thuận,Tỉnh Kiên Giang
2509,,2017-10-24,,12.0,FC UP SUR BIKE BASIC VNP- 546,12000000.0,660000.0,12660000.0,68.0,,10.0,,9944498.0,,0.0,,0.0,977879.0,F,33.0,,10000000.0,0.0,36000000.0,45000000.0,,,High School,Tỉnh Đồng Nai,Tân Phú,Tỉnh Đồng Nai
2292,16491522.0,2017-10-12,2018-10-26,12.0,FC CD VTA JULY OUT-1692,6392000.0,421872.0,6813872.0,0.01,6.0,6.0,1.0,6887000.0,,,1.0,1.0,,M,25.0,,8000000.0,,1000000.0,40000000.0,8000000.0,Single,High School,TP Hồ Chí Minh,Quận 9,TP Hồ Chí Minh
1323,16852442.0,2017-10-26,2018-10-26,,FC UP DSA TS SCORE 1 NEW- 761,20000000.0,1100000.0,21100000.0,35.0,24.0,12.0,1.0,14973944.0,,1.0,1.0,1.0,1234743.0,M,46.0,,10000000.0,0.0,12000000.0,,6000000.0,Married,Middle School,,Thường Xuân,Tỉnh Thanh Hóa
1550,16894473.0,2017-10-27,,,FC UP SUR BIKE PLUS NEW- 618,20000000.0,1100000.0,21100000.0,47.0,18.0,11.0,0.0,18343450.0,,0.0,0.0,0.0,,F,24.0,,10000000.0,,12000000.0,12000000.0,3000000.0,Single,,TP Hồ Chí Minh,Quận 10,
4647,16891876.0,,2018-10-26,12.0,,30000000.0,1650000.0,31650000.0,45.0,24.0,,0.0,18315000.0,,0.0,0.0,0.0,2023033.0,F,39.0,,7000000.0,0.0,48000000.0,40000000.0,8000000.0,Married,Middle School,Tỉnh Hậu Giang,Vị Thủy,Tỉnh Hậu Giang
315,16475393.0,2017-10-05,2018-10-26,12.0,FC CD OPPO JULY OUT-1790,4893000.0,322938.0,5215938.0,0.01,6.0,3.0,0.0,,,1.0,0.0,,870000.0,F,33.0,2.0,,0.0,1200000.0,15000000.0,4500000.0,Married,High School,Thành phố Hà Nội,Đông Anh,Thành phố Hà Nội
1242,16792832.0,2017-10-23,2018-10-26,12.0,FC CD DMX SEP OUT-1896,3190000.0,210540.0,3400540.0,0.01,6.0,2.0,0.0,3462000.0,,1.0,0.0,1.0,567000.0,F,25.0,,4500000.0,0.0,1000000.0,12000000.0,3000000.0,Married,College,Tỉnh Quảng Ngãi,Quảng Ngãi,Tỉnh Quảng Ngãi
2450,16867612.0,2017-10-28,2018-10-26,12.0,FC CD P DP0 LP - 848,4000000.0,,4200000.0,85.0,6.0,7.0,1.0,5480000.0,,1.0,1.0,1.0,884000.0,M,,,8000000.0,0.0,1000000.0,17000000.0,,Married,High School,Tỉnh Bình Dương,,Tỉnh Bình Dương
1578,,2017-10-20,2018-10-26,12.0,FC CD FPT OCT OUT-1970,8099100.0,534541.0,8633641.0,0.01,6.0,6.0,1.0,,,1.0,1.0,1.0,1439000.0,F,30.0,2.0,7000000.0,0.0,1000000.0,16000000.0,3500000.0,Married,High School,Tỉnh Đồng Nai,Nhơn Trạch,Tỉnh Đồng Nai
4625,16838577.0,2017-10-26,2018-10-26,12.0,FC UP DSA TS SCORE 1 NEW- 761,,2200000.0,42200000.0,35.0,,12.0,1.0,,,1.0,1.0,1.0,,M,30.0,,9000000.0,0.0,12000000.0,15000000.0,3000000.0,Married,Middle School,TP Hồ Chí Minh,Tân Phú,
3116,16568647.0,2017-10-18,2018-10-26,12.0,FC UP CAT B NEW- 610,25000000.0,,26375000.0,47.0,18.0,12.0,1.0,24984000.0,,1.0,1.0,1.0,2069362.0,F,,,6500000.0,,10800000.0,15000000.0,2000000.0,Married,,Tỉnh Đồng Nai,Biên Hòa,Tỉnh Đồng Nai
69,,2017-10-03,2018-10-26,12.0,FC UP DSA TS SCORE 3- 541,15000000.0,825000.0,15825000.0,,12.0,12.0,1.0,22008158.0,,1.0,1.0,1.0,1785378.0,F,53.0,,6000000.0,0.0,,19000000.0,5000000.0,,High School,Tỉnh Trà Vinh,Càng Long,Tỉnh Trà Vinh
859,16756060.0,2017-10-22,2018-10-26,12.0,FC UP L.G 2 TSA SCORE NEW- 617,20000000.0,1100000.0,21100000.0,44.5,,12.0,1.0,24446312.0,0.07834683334781056,0.0,0.0,,2210368.0,M,39.0,,20000000.0,0.0,60000000.0,30000000.0,10000000.0,,Master Degree,,Đông Anh,Thành phố Hà Nội
2753,16355264.0,2017-10-03,2018-10-26,12.0,FC UP L.G 3 LS 50 - 760,15000000.0,825000.0,15825000.0,50.0,18.0,12.0,1.0,15349186.0,,1.0,1.0,1.0,1267062.0,F,23.0,,5000000.0,,12000000.0,5500000.0,,Single,High School,Tỉnh Bình Dương,,
1632,16435483.0,,2018-10-26,,FC CD VIETTEL JULY IN-1742,6293000.0,415338.0,,,6.0,6.0,1.0,6781000.0,,1.0,1.0,1.0,1119000.0,M,41.0,3.0,7000000.0,0.0,,31000000.0,7500000.0,Married,High School,Tỉnh Đăk Lăk,Krông Pắk,Tỉnh Đăk Lăk
1650,,,2018-10-26,12.0,FC CD KEY DEALERS 2 NEW- 1801,3990000.0,199500.0,4189500.0,35.0,,12.0,1.0,5172000.0,,1.0,1.0,1.0,419000.0,F,24.0,0.0,8000000.0,0.0,1000000.0,25000000.0,5000000.0,Single,High School,TP Hồ Chí Minh,Quận 12,TP Hồ Chí Minh
3860,16444862.0,2017-10-06,2018-10-26,12.0,FC UP L.G 2 TSA SCORE NEW- 617,30000000.0,1650000.0,31650000.0,44.5,24.0,,,,,,,0.0,,F,36.0,,7000000.0,0.0,12000000.0,,4000000.0,Married,High School,Tỉnh Hải Dương,Kinh Môn,Tỉnh Hải Dương
3106,16611399.0,2017-10-16,2018-10-26,12.0,FC UP L.G 1 TSA SCORE NEW- 616,25000000.0,1375000.0,26375000.0,33.5,,,1.0,22740888.0,,1.0,1.0,1.0,1884074.0,M,25.0,,9000000.0,0.0,36000000.0,10000000.0,3000000.0,Single,Master Degree,TP Hồ Chí Minh,Quận 2,TP Hồ Chí Minh
1074,16727894.0,2017-10-19,2018-10-26,12.0,FC TW PLATINUM DP -129,17000000.0,850000.0,17850000.0,35.0,12.0,12.0,1.0,,,1.0,1.0,1.0,1785000.0,M,24.0,1.0,6000000.0,0.0,1000000.0,20000000.0,3000000.0,Married,,Tỉnh Phú Thọ,Đoan Hùng,Tỉnh Phú Thọ
4001,16566071.0,2017-10-12,2018-10-26,12.0,FC UP DSA TS SCORE 1 NEW- 761,30000000.0,1650000.0,31650000.0,35.0,30.0,2.0,0.0,3220000.0,,0.0,0.0,0.0,1597414.0,F,38.0,,20000000.0,0.0,24000000.0,45000000.0,6000000.0,Married,College,Tỉnh Thái Nguyên,Đại Từ,Tỉnh Thái Nguyên
787,16485995.0,2017-10-10,2018-10-26,12.0,,10000000.0,550000.0,,45.0,24.0,10.0,0.0,6462000.0,,0.0,0.0,0.0,674344.0,F,45.0,,10000000.0,0.0,18000000.0,46000000.0,6000000.0,Married,Middle School,Tỉnh Kiên Giang,Hà Tiên,Tỉnh Kiên Giang
2605,16600598.0,,2018-10-26,,FC UP L.G 2 TSA SCORE NEW- 617,40000000.0,2200000.0,42200000.0,,24.0,1.0,0.0,45383000.0,,1.0,0.0,1.0,2685736.0,F,25.0,,17000000.0,,,30000000.0,,Married,Working Cerfiticate,Thành phố Hà Nội,Gia Lâm,Thành phố Hà Nội
3630,16672660.0,2017-10-16,2018-10-26,12.0,FC CD PORT LP NEW-1848,7000000.0,350000.0,,65.0,6.0,6.0,1.0,8880000.0,,1.0,1.0,1.0,1468000.0,M,25.0,,8000000.0,0.0,1000000.0,20000000.0,4000000.0,,Middle School,Tỉnh Bình Dương,Bến Cát,Tỉnh Bình Dương
2121,,2017-10-12,2018-10-26,12.0,,15000000.0,825000.0,15825000.0,44.5,18.0,,1.0,14792000.0,,1.0,1.0,1.0,1220616.0,,34.0,,10000000.0,0.0,18000000.0,14000000.0,4000000.0,Married,Middle School,Tỉnh Ninh Bình,Kim Sơn,Tỉnh Ninh Bình
1874,16571063.0,2017-10-10,2018-10-26,12.0,FC CD KEY DEALERS 2 NEW- 1801,,150000.0,3150000.0,35.0,9.0,9.0,1.0,3735000.0,,1.0,1.0,1.0,403000.0,M,31.0,,6500000.0,0.0,900000.0,30000000.0,3000000.0,Single,College,Tỉnh Khánh Hòa,Nha Trang,Tỉnh Khánh Hòa
811,16897546.0,,2018-10-26,12.0,FC UP DSA TS SCORE 2 NEW- 762,30000000.0,,31650000.0,45.0,,11.0,0.0,22388000.0,,0.0,0.0,0.0,2023033.0,F,52.0,,9000000.0,0.0,12000000.0,30000000.0,6000000.0,Married,Middle School,Tỉnh Sóc Trăng,Trần Đề,Tỉnh Sóc Trăng
387,16829143.0,2017-10-24,2018-10-26,12.0,FC CD OPPO F3 LITE-1847,4600000.0,,4600000.0,48.2,6.0,6.0,1.0,5409000.0,,1.0,,,878000.0,M,39.0,2.0,5000000.0,0.0,800000.0,13000000.0,3200000.0,Married,,TP Hồ Chí Minh,Bình Tân,TP Hồ Chí Minh
2882,16663692.0,2017-10-17,2018-10-26,12.0,FC CD KEY DEALERS 1 - 811,7790000.0,389500.0,8179500.0,45.0,,2.0,0.0,,,0.0,0.0,0.0,1548000.0,M,,,,0.0,900000.0,5000000.0,900000.0,Civil Marriage/live-in,Middle School,Tỉnh Đồng Tháp,Tháp Mười,Tỉnh Đồng Tháp
1175,16478884.0,2017-10-09,,,,21600000.0,1425600.0,23025600.0,0.0,12.0,4.0,0.0,9280000.0,,0.0,0.0,0.0,2308000.0,F,25.0,,15000000.0,0.0,1700000.0,40000000.0,4000000.0,Married,High School,,Quận 5,TP Hồ Chí Minh
3197,16649047.0,2017-10-13,2018-10-26,12.0,FC UP DSA TS SCORE 3- 541,,1375000.0,26375000.0,59.99,24.0,12.0,1.0,22932000.0,0.00013865162601733871,0.0,0.0,1.0,1911265.0,M,43.0,,10000000.0,0.0,12000000.0,30000000.0,6500000.0,Married,Middle School,TP Hồ Chí Minh,Tân Phú,TP Hồ Chí Minh
2623,16435211.0,2017-10-04,2018-10-26,,FC UP CAT B NEW- 610,25000000.0,1375000.0,26375000.0,47.0,36.0,13.0,1.0,16691000.0,,1.0,1.0,1.0,,,37.0,,4594000.0,0.0,8400000.0,25000000.0,4000000.0,Single,High School,,Ninh Kiều,Thành phố Cần Thơ
1351,16376823.0,2017-10-02,2018-10-26,12.0,FC UP CAT B NEW- 610,30000000.0,1650000.0,,47.0,,12.0,1.0,24231730.0,,,1.0,1.0,2008173.0,F,34.0,,5700000.0,0.0,,18000000.0,5000000.0,Married,Middle School,TP Hồ Chí Minh,Củ Chi,TP Hồ Chí Minh
410,16830016.0,2017-10-23,2018-10-26,12.0,FC CD DMX SEP OUT-1896,10000000.0,0.0,10000000.0,0.01,6.0,,1.0,10062000.0,,1.0,1.0,1.0,,M,30.0,,6000000.0,0.0,1000000.0,15000000.0,3500000.0,Civil Marriage/live-in,College,Tỉnh Kon Tum,Sa Thầy,
4212,16884907.0,2017-10-26,,12.0,FC CD KEY DEALERS 2 NEW- 1801,5030000.0,251500.0,5281500.0,35.0,9.0,,0.0,2052000.0,,0.0,0.0,0.0,676000.0,M,,,,0.0,1200000.0,18000000.0,4000000.0,Married,Middle School,Tỉnh Cà Mau,Cà Mau,Tỉnh Cà Mau
109,16549471.0,2017-10-12,2018-10-26,12.0,,30000000.0,,31650000.0,37.0,36.0,12.0,1.0,17779000.0,,1.0,1.0,1.0,1467772.0,F,42.0,,10000000.0,0.0,18000000.0,30000000.0,3000000.0,Married,Middle School,,Thoại Sơn,Tỉnh An Giang
4995,16810024.0,2017-10-24,2018-10-26,12.0,FC CD NONKEY MAR SUB4.4-1496,5600000.0,369600.0,5969600.0,0.01,6.0,,1.0,6030000.0,,1.0,1.0,1.0,995000.0,M,23.0,,8000000.0,0.0,,30000000.0,4000000.0,Married,High School,Thành phố Hà Nội,Mê Linh,Thành phố Hà Nội
3429,16701902.0,2017-10-17,2018-10-26,12.0,FC TW ATTRACTIVE NEW - 151,28000000.0,1400000.0,29400000.0,45.0,15.0,12.0,,31332000.0,,1.0,1.0,1.0,2599000.0,M,41.0,,15000000.0,0.0,2000000.0,30000000.0,8000000.0,Married,College,,Bình Thạnh,TP Hồ Chí Minh
2809,16392436.0,2017-10-02,2018-10-26,12.0,FC CD DP0 LP NEW-1851,3900000.0,195000.0,4095000.0,65.0,9.0,3.0,0.0,1773000.0,,0.0,0.0,0.0,,M,39.0,,6500000.0,0.0,1000000.0,30000000.0,5000000.0,Divorced,Middle School,,Tiểu Cần,Tỉnh Trà Vinh
2594,,2017-10-14,2018-10-26,12.0,FC UP L.G 1 TSA SCORE NEW- 616,25000000.0,1375000.0,26375000.0,33.5,,,1.0,18402000.0,,1.0,1.0,1.0,1522633.0,F,43.0,,9000000.0,0.0,18000000.0,9000000.0,1500000.0,Divorced,Middle School,Tỉnh Bắc Ninh,Quế Võ,Tỉnh Bắc Ninh
2836,16401601.0,2017-10-02,2018-10-26,12.0,FC CD PORT NON-KD LP NEW-1850,1950000.0,128700.0,2078700.0,65.0,6.0,6.0,1.0,,,1.0,1.0,1.0,416000.0,F,38.0,,4000000.0,,1000000.0,12000000.0,,Divorced,Basic School,Tỉnh Trà Vinh,Châu Thành,Tỉnh Trà Vinh
2372,16991519.0,2017-10-31,2018-10-26,12.0,FC CD KEY DEALERS 1 - 811,2390000.0,119500.0,2509500.0,45.0,6.0,6.0,1.0,2928165.0,,1.0,,1.0,475000.0,M,46.0,,4000000.0,0.0,800000.0,15000000.0,3000000.0,Married,High School,Thành phố Hà Nội,Thanh Xuân,
1235,16795784.0,2017-10-23,2018-10-26,12.0,FC CD KEY DEALERS 1 - 811,4890000.0,244500.0,5134500.0,45.0,6.0,6.0,1.0,5904000.0,,1.0,1.0,1.0,,M,49.0,,10000000.0,0.0,2500000.0,30000000.0,10000000.0,Married,High School,Thành phố Đà Nẵng,Thanh Khê,Thành phố Đà Nẵng
2146,16364625.0,,2018-10-26,12.0,FC UP DSA TS SCORE 2 NEW- 762,20000000.0,1100000.0,21100000.0,,18.0,12.0,1.0,19760000.0,,1.0,1.0,1.0,1633069.0,F,23.0,,6000000.0,0.0,24000000.0,15000000.0,5000000.0,Single,,,Hồng Ngự,Tỉnh Đồng Tháp
4975,16852305.0,2017-10-25,2018-10-26,12.0,,2994000.0,197604.0,3191604.0,,4.0,4.0,1.0,3240000.0,,1.0,1.0,1.0,798000.0,F,41.0,,20000000.0,0.0,2000000.0,25000000.0,2000000.0,Married,Middle School,Tỉnh Đồng Nai,Trảng Bom,Tỉnh Đồng Nai
599,16628350.0,2017-10-13,2018-10-26,12.0,,2000000.0,100000.0,2100000.0,,6.0,6.0,1.0,,,1.0,1.0,1.0,398000.0,M,31.0,,4000000.0,0.0,900000.0,7500000.0,3900000.0,Married,Middle School,Tỉnh Sơn La,Phù Yên,
1434,16880211.0,2017-10-29,2018-10-26,12.0,FC UP DSA TS SCORE 2 NEW- 762,30000000.0,1650000.0,31650000.0,45.0,24.0,10.0,0.0,20350000.0,,,0.0,,2023033.0,M,59.0,,15000000.0,0.0,,30000000.0,,Married,Middle School,,Biên Hòa,Tỉnh Đồng Nai
4996,16627627.0,2017-10-12,2018-10-26,12.0,FC TW E STANDARD EBIKE-197,6400000.0,,6720000.0,55.0,12.0,12.0,1.0,9036000.0,,1.0,,1.0,741000.0,M,21.0,,6000000.0,,1000000.0,17000000.0,5000000.0,,College,Tỉnh Tây Ninh,Châu Thành,
538,16655112.0,2017-10-16,,12.0,FC CD KEY DEALERS 1 - 811,2690000.0,134500.0,2824500.0,45.0,,10.0,0.0,3708000.0,,1.0,0.0,1.0,297000.0,F,40.0,,,0.0,1000000.0,,6000000.0,Married,High School,Thành phố Cần Thơ,,Thành phố Cần Thơ
721,,2017-10-26,2018-10-26,12.0,FC UP PL GOV EMPLOYEE 1 - 479,18000000.0,990000.0,18990000.0,35.0,24.0,12.0,1.0,13482883.0,,1.0,,1.0,1111269.0,F,26.0,,,0.0,4800000.0,12000000.0,1500000.0,Married,College,Tỉnh Bình Định,Qui Nhơn,Tỉnh Bình Định
4410,16489685.0,2017-10-24,2018-10-26,,,40000000.0,2200000.0,42200000.0,37.0,36.0,12.0,1.0,23630200.0,,1.0,1.0,1.0,1957030.0,M,52.0,,20000000.0,0.0,12000000.0,50000000.0,5000000.0,Married,Middle School,Tỉnh Bến Tre,Giồng Trôm,Tỉnh Bến Tre
1872,,2017-10-26,2018-10-26,12.0,,4940000.0,247000.0,5187000.0,35.0,12.0,8.0,0.0,4248000.0,,0.0,0.0,0.0,519000.0,M,,,10000000.0,0.0,1000000.0,10000000.0,2000000.0,Married,High School,Thành phố Hà Nội,Thanh Xuân,Thành phố Hà Nội
2845,16596264.0,2017-10-13,2018-10-26,12.0,FC CD STAFF LOAN LLA 0% - 853,13000000.0,0.0,13000000.0,0.01,9.0,9.0,1.0,13113000.0,,1.0,1.0,,1445000.0,,27.0,,10000000.0,0.0,1000000.0,35000000.0,6000000.0,Single,Bachelor,Tỉnh Khánh Hòa,Nha Trang,Tỉnh Khánh Hòa
2053,16426266.0,2017-10-03,2018-10-26,12.0,FC UP DSA TS SCORE 1 NEW- 761,30000000.0,,31650000.0,35.0,,,0.0,5594000.0,,0.0,0.0,0.0,1852114.0,F,,,6000000.0,0.0,8400000.0,,,,High School,TP Hồ Chí Minh,Hóc Môn,TP Hồ Chí Minh
2907,16705610.0,2017-10-18,2018-10-26,12.0,FC TW ATTRACTIVE NEW - 151,30200000.0,1510000.0,31710000.0,45.0,12.0,,,,,,,0.0,3330000.0,F,25.0,1.0,8500000.0,2000000.0,,30000000.0,4000000.0,Married,College,Tỉnh Bắc Giang,,Tỉnh Bắc Giang
2254,16983909.0,2017-10-31,2018-10-26,12.0,FC CD P DP0 LP - 848,6990000.0,349500.0,7339500.0,85.0,6.0,5.0,0.0,7792000.0,,0.0,0.0,0.0,1544000.0,F,34.0,3.0,4000000.0,0.0,800000.0,13000000.0,3800000.0,Married,High School,Tỉnh Lâm Đồng,,Tỉnh Lâm Đồng
3912,16357827.0,2017-10-03,2018-10-26,12.0,FC UP DSA TS SCORE 1 NEW- 761,20000000.0,1100000.0,21100000.0,35.0,14.0,12.0,1.0,22440000.0,,1.0,1.0,1.0,1857311.0,F,34.0,,6000000.0,0.0,14400000.0,15000000.0,,Divorced,High School,Tỉnh Long An,Tân Thạnh,Tỉnh Long An
177,16660060.0,2017-10-18,2018-10-26,12.0,FC UP SUR BIKE PLUS NEW- 618,20000000.0,1100000.0,21100000.0,47.0,24.0,12.0,1.0,,,1.0,1.0,1.0,1372100.0,F,31.0,,9000000.0,0.0,12000000.0,27000000.0,7000000.0,Divorced,College,Tỉnh Quảng Ngãi,Bình Sơn,Tỉnh Quảng Ngãi
2890,16487801.0,2017-10-09,2018-10-26,12.0,FC CD UTILITY - 807,,275000.0,5775000.0,60.0,6.0,6.0,1.0,,,1.0,1.0,1.0,1138000.0,M,21.0,,7000000.0,0.0,1000000.0,14000000.0,3000000.0,Single,High School,Thành phố Hải Phòng,Vĩnh Bảo,Thành phố Hải Phòng
3673,16673257.0,2017-10-17,2018-10-26,12.0,FC TW PHASE24 IR21.46 SUB0-506,36300000.0,0.0,36300000.0,21.46,12.0,12.0,1.0,40799398.0,,1.0,1.0,1.0,3389000.0,F,43.0,,12000000.0,0.0,1000000.0,22000000.0,3000000.0,Civil Marriage/live-in,Working Cerfiticate,Tỉnh Kon Tum,Kon Tum,Tỉnh Kon Tum
80,16572762.0,2017-10-12,2018-10-26,12.0,FC UP DSA TS SCORE 1 NEW- 761,20000000.0,1100000.0,,35.0,24.0,11.0,0.0,13655715.0,,0.0,0.0,0.0,1234743.0,,53.0,,6000000.0,0.0,12000000.0,20000000.0,3000000.0,Married,High School,Tỉnh Long An,Thủ Thừa,Tỉnh Long An
2561,,2017-10-21,2018-10-26,12.0,FC UP DSA TS SCORE 1 NEW- 761,10000000.0,550000.0,10550000.0,35.0,24.0,12.0,,,,1.0,,1.0,617371.0,M,51.0,,4000000.0,,6000000.0,20000000.0,6000000.0,Married,Working Cerfiticate,Tỉnh Nam Định,Trực Ninh,Tỉnh Nam Định
1723,16933856.0,2017-10-28,2018-10-26,,FC CD NOKIA JUNE SUB7-1684,2982000.0,196812.0,3178812.0,0.01,6.0,6.0,1.0,3252000.0,,1.0,1.0,1.0,530000.0,,44.0,2.0,6500000.0,0.0,1000000.0,15000000.0,3700000.0,Married,High School,Tỉnh Quảng Ngãi,Sơn Tịnh,Tỉnh Quảng Ngãi
1617,16731101.0,2017-10-19,,12.0,FC CD PORT LP NEW-1848,,279500.0,5869500.0,65.0,6.0,6.0,1.0,7104000.0,,,1.0,1.0,1172000.0,M,21.0,,7000000.0,0.0,1000000.0,20000000.0,5000000.0,Single,Middle School,Tỉnh Bình Phước,,Tỉnh Bình Phước
1654,16928779.0,2017-10-31,2018-10-26,,FC CD KEY DEALERS 2 NEW- 1801,4290000.0,214500.0,4504500.0,35.0,9.0,8.0,0.0,5321000.0,,1.0,0.0,1.0,577000.0,M,31.0,,4000000.0,0.0,1000000.0,18000000.0,2500000.0,Married,Middle School,Tỉnh Bắc Giang,,Tỉnh Bắc Giang
2328,16871040.0,2017-10-26,2018-10-26,,FC CD P DP0 LP - 848,5030000.0,251500.0,5281500.0,85.0,6.0,6.0,1.0,6861000.0,,1.0,1.0,1.0,1111000.0,F,35.0,2.0,7000000.0,0.0,800000.0,12000000.0,3200000.0,Married,Basic School,Tỉnh Đồng Nai,Biên Hòa,Tỉnh Đồng Nai
4613,16758533.0,,2018-10-26,12.0,FC UP DSA TS SCORE 2 NEW- 762,10000000.0,550000.0,10550000.0,45.0,12.0,7.0,0.0,6719000.0,,0.0,0.0,0.0,1107880.0,M,51.0,,6000000.0,0.0,12000000.0,,4000000.0,Married,,Tỉnh Đồng Tháp,Hồng Ngự,Tỉnh Đồng Tháp
221,16620456.0,2017-10-24,,12.0,FC UP SUR INS 37 NEW- 612,30000000.0,1650000.0,31650000.0,37.0,18.0,12.0,1.0,27944000.0,,1.0,1.0,1.0,2317474.0,M,27.0,,11000000.0,0.0,9600000.0,16000000.0,,Married,High School,Tỉnh Đồng Nai,Biên Hòa,Tỉnh Đồng Nai
93,16704197.0,2017-10-21,2018-10-26,12.0,FC UP L.G 2 TSA SCORE NEW- 617,10000000.0,550000.0,10550000.0,44.5,12.0,7.0,0.0,12860000.0,,,0.0,0.0,1105184.0,M,30.0,,9000000.0,0.0,12000000.0,18000000.0,3000000.0,,College,Tỉnh Hà Tĩnh,Kỳ Anh,
2609,16354477.0,2017-10-04,2018-10-26,12.0,FC UP EVN VIP NEW- 622,30000000.0,1650000.0,31650000.0,37.0,28.0,12.0,1.0,20592000.0,,1.0,1.0,1.0,1703962.0,,51.0,,9000000.0,0.0,6000000.0,15000000.0,5000000.0,Married,Middle School,Tỉnh Đồng Nai,Nhơn Trạch,Tỉnh Đồng Nai
3382,,2017-10-21,2018-10-26,12.0,FC UP DSA TS SCORE 2 NEW- 762,,0.0,15000000.0,45.0,24.0,12.0,1.0,11637408.0,,1.0,1.0,1.0,958784.0,F,23.0,,8000000.0,0.0,24000000.0,20000000.0,3000000.0,Married,High School,TP Hồ Chí Minh,Quận 12,
4415,16511366.0,2017-10-10,2018-10-26,12.0,FC UP DSA TS SCORE 2 NEW- 762,40000000.0,2200000.0,42200000.0,45.0,24.0,6.0,0.0,16260000.0,,0.0,0.0,0.0,2697378.0,M,39.0,,10000000.0,0.0,12000000.0,10000000.0,,Divorced,Middle School,Tỉnh Lâm Đồng,Đức Trọng,Tỉnh Lâm Đồng
1397,,2017-10-31,2018-10-26,12.0,FC UP DSA TS SCORE 1 NEW- 761,10000000.0,550000.0,10550000.0,35.0,12.0,11.0,0.0,11721270.0,,0.0,0.0,0.0,,M,26.0,,5000000.0,0.0,12000000.0,15000000.0,3000000.0,Single,,Tỉnh Đắk Lắk,Ea H'leo,Tỉnh Đắk Lắk
4686,16796059.0,2017-10-21,2018-10-26,12.0,FC CD KEY DEALERS 1 - 811,2990000.0,149500.0,3139500.0,,6.0,6.0,1.0,3636000.0,,1.0,1.0,1.0,,M,27.0,,6000000.0,0.0,1000000.0,20000000.0,4000000.0,Single,Basic School,Tỉnh Kiên Giang,Rạch Giá,Tỉnh Kiên Giang
1292,16902639.0,2017-10-31,,12.0,FC UP DSA TS SCORE 1 NEW- 761,15000000.0,825000.0,15825000.0,35.0,12.0,11.0,0.0,,,1.0,0.0,1.0,1581914.0,,54.0,,5000000.0,0.0,36000000.0,12000000.0,5000000.0,Married,High School,Tỉnh Nghệ An,Vinh,Tỉnh Nghệ An
2164,16697792.0,2017-10-21,2018-10-26,12.0,FC UP DSA TS SCORE 2- 535,30000000.0,,31650000.0,42.5,,11.0,0.0,21906570.0,,0.0,0.0,0.0,1979570.0,,34.0,,,0.0,12000000.0,30000000.0,5000000.0,Married,High School,Tỉnh Vĩnh Phúc,Sông Lô,Tỉnh Vĩnh Phúc
2939,16646212.0,2017-10-18,2018-10-26,12.0,FC CD KEY DEALERS 2 NEW- 1801,4940000.0,,5187000.0,35.0,12.0,12.0,1.0,6372000.0,,1.0,1.0,1.0,,F,,,8000000.0,,,,4000000.0,Civil Marriage/live-in,Middle School,,Cà Mau,Tỉnh Cà Mau
3668,,2017-10-10,2018-10-26,12.0,FC CD KEY DEALERS 2 NEW- 1801,5290000.0,264500.0,5554500.0,35.0,9.0,9.0,1.0,,,1.0,1.0,1.0,711000.0,M,,,5200000.0,0.0,700000.0,18000000.0,5000000.0,Single,High School,Tỉnh Quảng Nam,,Tỉnh Quảng Nam
812,,2017-10-26,2018-10-26,12.0,FC UP DSA TS SCORE 2 NEW- 762,,2200000.0,42200000.0,45.0,24.0,2.0,,5396000.0,,0.0,0.0,0.0,2697378.0,F,58.0,,15000000.0,,12000000.0,25500000.0,2200000.0,Divorced,High School,Tỉnh Đồng Tháp,Tân Hồng,Tỉnh Đồng Tháp
1258,16485851.0,,2018-10-26,,FC UP L.G 2 TSA SCORE NEW- 617,15000000.0,825000.0,15825000.0,44.5,18.0,12.0,1.0,14794000.0,,1.0,1.0,1.0,,M,22.0,,6000000.0,0.0,6000000.0,17000000.0,6000000.0,Single,High School,Tỉnh Nghệ An,Thanh Chương,Tỉnh Nghệ An
889,,2017-10-07,,12.0,FC UP L.G 2 TSA SCORE NEW- 617,30000000.0,1650000.0,31650000.0,44.5,24.0,13.0,1.0,26348000.0,,1.0,1.0,1.0,2014302.0,F,31.0,,10000000.0,0.0,18000000.0,17000000.0,4000000.0,Married,High School,Tỉnh Gia Lai,Pleiku,
1451,16438811.0,2017-10-05,,12.0,FC UP L.G 3 TSA SCORE- 541,15000000.0,825000.0,15825000.0,,24.0,13.0,1.0,14291108.0,,1.0,1.0,,1146759.0,F,22.0,,7000000.0,0.0,,20000000.0,5000000.0,Married,Middle School,Tỉnh Bình Dương,Dĩ An,Tỉnh Bình Dương
3316,16389813.0,2017-10-05,2018-10-26,12.0,FC UP L.G 1 TSA SCORE NEW- 616,30000000.0,1650000.0,31650000.0,33.5,30.0,2.0,0.0,3184000.0,,0.0,0.0,0.0,1571579.0,M,38.0,,7000000.0,0.0,84000000.0,,15000000.0,Married,High School,Tỉnh Bắc Giang,Bắc Giang,Tỉnh Bắc Giang
2559,16483676.0,2017-10-12,2018-10-26,12.0,FC UP CAT B NEW- 610,,825000.0,,47.0,24.0,12.0,1.0,12504000.0,,1.0,1.0,,1029075.0,F,,,4899000.0,0.0,24000000.0,89000000.0,9000000.0,Married,High School,,Quận 9,
3574,16963677.0,2017-10-31,2018-10-26,12.0,FC CD NK OCT IN-1925,4072000.0,,4340752.0,,6.0,2.0,0.0,4546000.0,,1.0,0.0,1.0,,,31.0,2.0,15000000.0,0.0,5000000.0,20000000.0,12000000.0,Married,College,TP Hồ Chí Minh,Quận 9,TP Hồ Chí Minh
2680,16429012.0,2017-10-05,2018-10-26,12.0,FC UP DSA TS SCORE 2 NEW- 762,20000000.0,1100000.0,21100000.0,45.0,24.0,12.0,1.0,16328268.0,,1.0,,,1348689.0,M,52.0,,9000000.0,0.0,18000000.0,25000000.0,5000000.0,Married,Middle School,Tỉnh Sóc Trăng,Kế Sách,Tỉnh Sóc Trăng
4651,16815950.0,,2018-10-26,12.0,FC UP DSA TS SCORE 2 NEW- 762,20000000.0,1100000.0,21100000.0,45.0,24.0,11.0,0.0,14962000.0,,0.0,0.0,0.0,1348689.0,M,39.0,,8000000.0,0.0,12000000.0,30000000.0,3000000.0,Single,,Tỉnh Bến Tre,Bến Tre,Tỉnh Bến Tre
4811,16809444.0,2017-10-31,2018-10-26,12.0,FC CD KEY DEALERS 2 NEW- 1801,8999000.0,449950.0,9448950.0,35.0,9.0,10.0,1.0,11111000.0,,1.0,1.0,1.0,1209000.0,M,41.0,,7000000.0,0.0,1000000.0,7000000.0,,Divorced,High School,Tỉnh Đăk Nông,Gia Nghĩa,Tỉnh Đăk Nông
4679,16680933.0,2017-10-20,2018-10-26,12.0,FC CD NONKEY MAR SUB3.4-1495,6650000.0,438900.0,7088900.0,,6.0,,1.0,7164000.0,,,1.0,,1182000.0,F,33.0,,8000000.0,0.0,2000000.0,16000000.0,8000000.0,Married,,Tỉnh Gia Lai,Ia Pa,Tỉnh Gia Lai
2964,16686694.0,2017-10-24,,,FC TW ATTRACTIVE NEW - 151,27500000.0,1375000.0,28875000.0,45.0,18.0,12.0,1.0,26964000.0,,1.0,1.0,,2235000.0,,50.0,,8000000.0,0.0,1200000.0,20000000.0,5500000.0,Married,,Tỉnh Bình Dương,Tân Uyên,Tỉnh Bình Dương
2672,16293974.0,2017-10-01,2018-10-26,13.0,FC UP DSA TS SCORE 1 NEW- 761,30000000.0,1650000.0,31650000.0,35.0,24.0,12.0,0.0,22357254.0,,0.0,0.0,0.0,1852114.0,,37.0,,12000000.0,0.0,12000000.0,25000000.0,6000000.0,Married,Basic School,Tỉnh Bình Thuận,Phan Thiết,Tỉnh Bình Thuận
561,16676228.0,,2018-10-26,12.0,FC CD DP0 LP NEW-1851,2632000.0,131600.0,2763600.0,65.0,6.0,5.0,,3383000.0,,1.0,0.0,1.0,552000.0,F,25.0,1.0,6000000.0,0.0,,15000000.0,2000000.0,Married,Middle School,Tỉnh Bình Phước,Chơn Thành,
2778,,2017-10-27,2018-10-26,12.0,FC CD VTA JULY OUT-1691,4392000.0,289872.0,,,4.0,4.0,1.0,,,1.0,1.0,1.0,1171000.0,,49.0,,4000000.0,0.0,1000000.0,4000000.0,1000000.0,Married,,Tỉnh Ninh Thuận,Phan Rang-Tháp Chàm,
2948,16731095.0,2017-10-18,2018-10-26,12.0,FC CD KEY DEALERS 1 - 811,3990000.0,199500.0,4189500.0,45.0,6.0,5.0,0.0,4863000.0,,1.0,0.0,1.0,,M,24.0,,7000000.0,0.0,,13400000.0,3000000.0,Married,,Tỉnh Gia Lai,,Tỉnh Gia Lai
2817,,2017-10-31,2018-10-26,12.0,FC CD DMX SEP IN-1899,5290000.0,349140.0,5639140.0,0.01,6.0,6.0,1.0,5712000.0,,1.0,1.0,1.0,940000.0,F,34.0,,6000000.0,0.0,1500000.0,12000000.0,,Married,,Tỉnh Kiên Giang,Gò Quao,Tỉnh Kiên Giang
2758,16600646.0,2017-10-28,,12.0,FC UP L.G 1 TSA SCORE NEW- 616,30000000.0,1650000.0,31650000.0,,30.0,12.0,1.0,19007579.0,,1.0,1.0,1.0,1571579.0,F,48.0,,6000000.0,0.0,12000000.0,12000000.0,2000000.0,Married,Middle School,Tỉnh Đồng Nai,Cẩm Mỹ,Tỉnh Đồng Nai
1756,16500296.0,2017-10-12,2018-10-26,12.0,FC CD NOKIA JUNE SUB7-1684,3913000.0,258258.0,4171258.0,0.01,6.0,3.0,0.0,4248000.0,,1.0,0.0,1.0,696000.0,F,36.0,,4500000.0,0.0,500000.0,18000000.0,2500000.0,Married,College,TỈNH PHÚ YÊN,Tuy Hòa,TỈNH PHÚ YÊN
724,16415020.0,2017-10-07,2018-10-26,12.0,FC UP CAT B NEW- 610,30000000.0,1650000.0,31650000.0,47.0,24.0,8.0,0.0,16561200.0,,0.0,,0.0,2058150.0,M,34.0,,9462000.0,0.0,9600000.0,20000000.0,4000000.0,,Middle School,TP Hồ Chí Minh,Thủ Đức,TP Hồ Chí Minh
219,16581423.0,2017-10-13,,12.0,FC UP DSA TS SCORE 3- 541,20000000.0,1100000.0,21100000.0,59.99,18.0,3.0,0.0,5451000.0,,0.0,0.0,0.0,1804908.0,F,32.0,,7000000.0,0.0,8400000.0,22000000.0,2500000.0,Married,Middle School,Tỉnh Ninh Thuận,,Tỉnh Ninh Thuận
4139,16929604.0,2017-10-30,2018-10-26,12.0,FC CD SAMSUNG OCT IN-1914,4543000.0,299838.0,4842838.0,0.01,6.0,6.0,1.0,4920000.0,,1.0,1.0,,808000.0,F,24.0,2.0,5000000.0,0.0,500000.0,14000000.0,4000000.0,Married,College,Tỉnh Thái Bình,Đông Hưng,Tỉnh Thái Bình
3957,16902728.0,2017-10-31,2018-10-26,12.0,FC UP DSA TS SCORE 2 NEW- 762,20000000.0,1100000.0,21100000.0,45.0,18.0,10.0,0.0,,,0.0,0.0,0.0,1633069.0,F,47.0,,5000000.0,0.0,18000000.0,15000000.0,3500000.0,Married,High School,Thành phố Hải Phòng,Ngô Quyền,Thành phố Hải Phòng
1588,16618160.0,2017-10-16,2018-10-26,12.0,FC CD VTA JULY OUT-1691,2793000.0,0.0,2793000.0,0.01,4.0,3.0,0.0,2832000.0,,1.0,0.0,1.0,,M,44.0,,10000000.0,0.0,2000000.0,25000000.0,10000000.0,Married,College,Tỉnh Sơn La,Sơn La,Tỉnh Sơn La
3347,,,2018-10-26,12.0,FC UP CAT B NEW- 610,20000000.0,1100000.0,21100000.0,47.0,24.0,11.0,0.0,,,0.0,0.0,0.0,1372100.0,M,44.0,,5000000.0,0.0,12000000.0,22000000.0,4000000.0,,High School,,Tam Kỳ,Tỉnh Quảng Nam
3970,16851975.0,,2018-10-26,12.0,FC UP DSA TS SCORE 2 NEW- 762,25000000.0,1375000.0,26375000.0,,24.0,10.0,0.0,16985861.0,,0.0,0.0,0.0,1685861.0,M,29.0,,8000000.0,0.0,12000000.0,20000000.0,3700000.0,Married,Working Cerfiticate,Tỉnh Quảng Ngãi,Quảng Ngãi,Tỉnh Quảng Ngãi
4707,16748486.0,2017-10-23,,12.0,FC CD NONKEY FEB SUB7.2-1425,4830000.0,318780.0,5148780.0,0.01,6.0,6.0,1.0,5226000.0,,1.0,1.0,1.0,859000.0,F,49.0,,7000000.0,0.0,550000.0,20000000.0,,Married,High School,,Vũng Tàu,Tỉnh Bà Rịa - Vũng Tàu
43,16492884.0,2017-10-10,2018-10-26,,FC UP DSA TS SCORE 1 NEW- 761,20000000.0,1100000.0,21100000.0,35.0,15.0,,1.0,21226056.0,,1.0,1.0,,1756838.0,M,45.0,,7000000.0,0.0,12000000.0,,5000000.0,Married,Middle School,Tỉnh Ninh Thuận,Ninh Sơn,Tỉnh Ninh Thuận
3001,16324913.0,2017-10-04,2018-10-26,12.0,FC CD DMX SEP OUT-1896,4790000.0,0.0,4790000.0,0.01,6.0,6.0,1.0,4866000.0,,1.0,1.0,1.0,,M,26.0,,9000000.0,0.0,2000000.0,9000000.0,2000000.0,Single,High School,TP Hồ Chí Minh,Quận 12,
210,16925810.0,,2018-10-26,,FC UP CAT B NEW- 610,,550000.0,10550000.0,47.0,12.0,11.0,0.0,12420000.0,,0.0,0.0,,1118697.0,M,,,5500000.0,0.0,6000000.0,,1500000.0,,High School,Tỉnh Bình Dương,Thủ Dầu Một,Tỉnh Bình Dương
677,16642188.0,2017-10-19,2018-10-26,12.0,FC UP CAT B NEW- 610,20000000.0,1100000.0,,47.0,35.0,12.0,1.0,13265770.0,,1.0,1.0,1.0,,F,57.0,,,0.0,7200000.0,17000000.0,4000000.0,Married,High School,Thành phố Đà Nẵng,Thanh Khê,Thành phố Đà Nẵng
354,16878197.0,2017-10-25,2018-10-26,12.0,FC CD OPPO 10 NKD OCT OUT-1944,4221000.0,278586.0,,17.7,10.0,10.0,,5010000.0,,,1.0,1.0,488000.0,M,,,,0.0,2500000.0,5500000.0,2500000.0,Single,High School,TP Hồ Chí Minh,Bình Chánh,TP Hồ Chí Minh
1433,16345541.0,2017-10-04,2018-10-26,12.0,FC UP CAT B NEW- 610,20000000.0,1100000.0,21100000.0,47.0,24.0,12.0,1.0,,,1.0,1.0,1.0,1372100.0,,28.0,,8082000.0,0.0,12000000.0,25000000.0,5000000.0,Single,High School,,Thuận An,Tỉnh Bình Dương
949,16393829.0,2017-10-03,2018-10-26,12.0,FC CD NOKIA JUNE SUB7-1684,2982000.0,196812.0,3178812.0,,6.0,6.0,1.0,3240000.0,,1.0,1.0,1.0,530000.0,M,28.0,0.0,10000000.0,0.0,1500000.0,,4000000.0,Single,College,Tỉnh Ninh Bình,Ninh Bình,Tỉnh Ninh Bình
2843,16325509.0,2017-10-02,2018-10-26,12.0,FC CD PORT NON-KD LP NEW-1850,1200000.0,79200.0,1279200.0,65.0,3.0,3.0,1.0,1467000.0,,,1.0,1.0,474000.0,M,,,7000000.0,0.0,1000000.0,12000000.0,5500000.0,Married,Middle School,,,Tỉnh Bạc Liêu
577,16410742.0,2017-10-11,2018-10-26,,,2290000.0,114500.0,2404500.0,45.0,,1.0,0.0,2627000.0,,0.0,0.0,0.0,,M,30.0,2.0,6000000.0,0.0,900000.0,12000000.0,3500000.0,Married,High School,Tỉnh Hoà Bình,Mai Châu,Tỉnh Hoà Bình
3928,16795324.0,2017-10-25,2018-10-26,12.0,FC UP CAT A NEW- 608,30000000.0,,31650000.0,37.0,20.0,12.0,1.0,25858000.0,,1.0,1.0,1.0,2143801.0,F,21.0,,6542000.0,0.0,10800000.0,40000000.0,9000000.0,Single,High School,Tỉnh Thái Nguyên,Phổ Yên,
544,16973647.0,2017-10-31,2018-10-26,12.0,FC CD DMX SEP IN-1898,4390000.0,289740.0,4679740.0,0.01,4.0,4.0,1.0,4728000.0,,1.0,,,,F,32.0,1.0,6000000.0,0.0,1000000.0,,4000000.0,Married,High School,Tỉnh Bình Dương,Dĩ An,Tỉnh Bình Dương
367,16786566.0,2017-10-23,2018-10-26,12.0,FC CD KEY DEALERS 1 - 811,2632000.0,131600.0,2763600.0,45.0,6.0,6.0,1.0,3210000.0,,,,1.0,523000.0,F,38.0,2.0,5000000.0,0.0,1000000.0,10000000.0,4000000.0,Married,Middle School,Tỉnh Sóc Trăng,Long Phú,Tỉnh Sóc Trăng
1612,16832589.0,2017-10-23,2018-10-26,12.0,FC TW 0% DP - 143,14000000.0,770000.0,14770000.0,45.0,12.0,7.0,0.0,18978000.0,,1.0,,1.0,1552000.0,F,25.0,,6000000.0,0.0,,22000000.0,4000000.0,Married,High School,Tỉnh Nam Định,,Tỉnh Nam Định
3550,16674232.0,2017-10-17,2018-10-26,12.0,FC CD PORT LP NEW-1848,4490000.0,,4714500.0,65.0,6.0,6.0,1.0,5724000.0,,1.0,1.0,1.0,942000.0,M,,1.0,6000000.0,0.0,1000000.0,12000000.0,2500000.0,Civil Marriage/live-in,Middle School,Tỉnh Tây Ninh,Trảng Bàng,Tỉnh Tây Ninh
3716,16688369.0,2017-10-19,2018-10-26,12.0,FC TW ATTRACTIVE NEW - 151,15000000.0,750000.0,15750000.0,45.0,12.0,,0.0,,,1.0,0.0,1.0,1654000.0,M,31.0,2.0,5000000.0,0.0,1000000.0,19000000.0,3000000.0,Married,High School,Tỉnh Quảng Nam,Phú Ninh,Tỉnh Quảng Nam
3779,16661871.0,2017-10-19,2018-10-26,12.0,FC UP DSA TS SCORE 2 NEW- 762,30000000.0,1650000.0,31650000.0,45.0,24.0,12.0,1.0,,,1.0,1.0,1.0,2023033.0,F,27.0,,10000000.0,0.0,36000000.0,,20000000.0,Married,High School,Tỉnh Đắk Lắk,Krông Năng,Tỉnh Đắk Lắk
135,16491745.0,,2018-10-26,12.0,FC UP SUR INS 37 NEW- 612,30000000.0,1650000.0,31650000.0,37.0,,12.0,1.0,22772667.0,,1.0,1.0,1.0,1885667.0,F,49.0,,,0.0,24000000.0,45000000.0,11000000.0,Married,High School,Thành phố Hà Nội,Bắc Từ Liêm,Thành phố Hà Nội
4480,16515957.0,2017-10-11,,12.0,FC UP L.G 2 TSA SCORE NEW- 617,20000000.0,1100000.0,21100000.0,44.5,,12.0,1.0,19669000.0,,1.0,1.0,1.0,1627488.0,M,31.0,,,0.0,,18000000.0,7000000.0,,Middle School,Tỉnh Hậu Giang,Phụng Hiệp,Tỉnh Hậu Giang
1437,16517156.0,2017-10-07,2018-10-26,12.0,FC UP L.G 3 TSA SCORE- 541,25000000.0,1375000.0,26375000.0,59.99,24.0,11.0,0.0,21181000.0,,,0.0,0.0,1911265.0,M,,,10000000.0,0.0,18000000.0,20000000.0,4200000.0,Married,Middle School,Tỉnh Vĩnh Long,Vũng Liêm,Tỉnh Vĩnh Long
47,16658506.0,2017-10-18,2018-10-26,12.0,FC UP EVN STD NEW- 629,25000000.0,,26375000.0,47.0,36.0,12.0,1.0,16710000.0,,1.0,1.0,1.0,1378837.0,F,,,8000000.0,0.0,7200000.0,30000000.0,2000000.0,Married,Middle School,Tỉnh Bến Tre,,Tỉnh Bến Tre
1360,16662979.0,2017-10-17,2018-10-26,12.0,FC UP DSA TS SCORE 2- 535,30000000.0,,31650000.0,,24.0,12.0,1.0,23904000.0,,1.0,1.0,1.0,1979570.0,M,35.0,,15000000.0,0.0,10800000.0,25000000.0,,Married,,Tỉnh Bà Rịa - Vũng Tàu,Xuyên Mộc,Tỉnh Bà Rịa - Vũng Tàu
734,,2017-10-19,2018-10-26,12.0,FC UP DSA TS SCORE 2 NEW- 762,40000000.0,0.0,40000000.0,45.0,,12.0,1.0,30828000.0,,1.0,,1.0,2556756.0,F,45.0,,10000000.0,0.0,12000000.0,40000000.0,5000000.0,Married,High School,TP Hồ Chí Minh,Quận 8,
1534,16754988.0,2017-10-22,2018-10-26,12.0,FC UP L.G 2 TSA SCORE NEW- 617,,1650000.0,31650000.0,44.5,24.0,4.0,0.0,38406000.0,,1.0,0.0,1.0,2014302.0,M,,,9000000.0,0.0,12000000.0,16000000.0,5000000.0,Married,High School,Thành phố Hà Nội,Sóc Sơn,Thành phố Hà Nội
2004,16450184.0,2017-10-06,2018-10-26,12.0,FC UP L.G 2 TSA SCORE NEW- 617,10000000.0,550000.0,10550000.0,44.5,18.0,4.0,0.0,3304000.0,,,0.0,0.0,813744.0,F,33.0,,4200000.0,0.0,6000000.0,11500000.0,2000000.0,Married,Middle School,,TP. Cao Lãnh,Tỉnh Đồng Tháp
3795,16831690.0,2017-10-23,2018-10-26,12.0,FC UP L@W-TOP EMPLOYER-SOURCE 2-383,10000000.0,550000.0,10550000.0,35.0,18.0,12.0,1.0,9288000.0,,1.0,1.0,1.0,761683.0,F,39.0,,3763000.0,0.0,6000000.0,12000000.0,,Married,Middle School,,Tam Bình,Tỉnh Vĩnh Long
2519,16410794.0,2017-10-05,2018-10-26,12.0,FC UP DSA TS SCORE 2 NEW- 762,20000000.0,1100000.0,21100000.0,45.0,24.0,13.0,1.0,17587067.0,,,1.0,,1348689.0,F,49.0,,6000000.0,0.0,12000000.0,18000000.0,4000000.0,,High School,Tỉnh Thanh Hóa,Thạch Thành,Tỉnh Thanh Hóa
1972,16601668.0,2017-10-21,,12.0,FC UP SUR INS 37 NEW- 612,27000000.0,1485000.0,28485000.0,37.0,12.0,11.0,0.0,31748664.0,,0.0,0.0,0.0,2875916.0,M,40.0,,15000000.0,0.0,,25000000.0,4000000.0,Married,High School,,Điện Biên Phủ,Tỉnh Điện Biên
996,16616368.0,2017-10-16,2018-10-26,,FC CD OPPO F3 LITE-1847,4600000.0,0.0,4600000.0,48.2,6.0,6.0,1.0,,,1.0,1.0,1.0,878000.0,,23.0,,5800000.0,0.0,800000.0,25000000.0,6500000.0,Single,Middle School,Tỉnh Bình Dương,Dĩ An,
61,16333002.0,2017-10-03,2018-10-26,12.0,FC UP L.G 3 TSA SCORE- 541,20000000.0,1100000.0,21100000.0,59.99,24.0,13.0,,20086000.0,,,1.0,1.0,1529012.0,M,29.0,,7000000.0,0.0,9600000.0,17000000.0,3100000.0,Married,High School,Tỉnh Khánh Hòa,Vạn Ninh,Tỉnh Khánh Hòa
1108,16450513.0,2017-10-05,2018-10-26,,FC CD DP0 LP NEW-1851,2152000.0,107600.0,2259600.0,65.0,6.0,6.0,1.0,2779000.0,,1.0,1.0,1.0,452000.0,M,35.0,1.0,5000000.0,0.0,1000000.0,,3000000.0,Married,Middle School,,Vũng Liêm,Tỉnh Vĩnh Long
2405,16826346.0,,2018-10-26,12.0,FC CD OPPO 10 KD OCT OUT-1943,,0.0,4221000.0,,10.0,10.0,1.0,4712000.0,,1.0,1.0,,458000.0,M,34.0,,10000000.0,0.0,1500000.0,30000000.0,5000000.0,,,Tỉnh Nam Định,Hải Hậu,Tỉnh Nam Định
95,16729355.0,2017-10-19,2018-10-26,12.0,FC UP L.G 1 TSA SCORE NEW- 616,40000000.0,2200000.0,42200000.0,33.5,30.0,1.0,0.0,2108000.0,,0.0,0.0,0.0,,,30.0,,10000000.0,0.0,12000000.0,,3000000.0,Married,Working Cerfiticate,Tỉnh Điện Biên,Điện Biên,Tỉnh Điện Biên
478,16587995.0,2017-10-11,2018-10-26,12.0,FC CD KEY DEALERS 1 - 811,,252000.0,5292000.0,45.0,12.0,12.0,1.0,,,1.0,1.0,1.0,556000.0,M,37.0,,,,2000000.0,8000000.0,2000000.0,,,TP Hồ Chí Minh,Gò Vấp,TP Hồ Chí Minh
4359,16773075.0,2017-10-21,2018-10-26,12.0,FC UP EVN VIP NEW- 622,40000000.0,2200000.0,42200000.0,37.0,36.0,12.0,1.0,58919000.0,,1.0,1.0,1.0,1957030.0,F,55.0,,20000000.0,0.0,24000000.0,,4000000.0,Married,College,,Móng Cái,Tỉnh Quảng Ninh
4112,16768218.0,2017-10-25,,12.0,FC CD KEY DEALERS 2 NEW- 1801,4000000.0,0.0,4000000.0,35.0,,9.0,1.0,4716000.0,,1.0,1.0,1.0,512000.0,M,25.0,,7000000.0,0.0,1500000.0,21000000.0,4500000.0,Married,High School,Tỉnh Đăk Lăk,Ea Kar,Tỉnh Đăk Lăk
3707,16821257.0,,2018-10-26,,FC CD DMX SEP OUT-1896,5000000.0,330000.0,5330000.0,,6.0,6.0,1.0,5402000.0,,1.0,1.0,,889000.0,M,25.0,,5000000.0,0.0,600000.0,5000000.0,600000.0,Single,,Tỉnh Đồng Tháp,Hồng Ngự,Tỉnh Đồng Tháp
1101,16563706.0,2017-10-13,2018-10-26,12.0,,4893000.0,322938.0,5215938.0,0.01,6.0,6.0,1.0,5292000.0,,1.0,1.0,1.0,870000.0,M,20.0,,7000000.0,0.0,1200000.0,20000000.0,4000000.0,Single,High School,Thành phố Hà Nội,Thạch Thất,Thành phố Hà Nội
2746,,2017-10-15,2018-10-26,,FC UP DSA TS SCORE 2 NEW- 762,20000000.0,1100000.0,21100000.0,45.0,18.0,11.0,0.0,18105000.0,,0.0,0.0,,1633069.0,F,51.0,,7000000.0,0.0,12000000.0,20000000.0,5000000.0,Married,Middle School,Tỉnh Tiền Giang,Gò Công,Tỉnh Tiền Giang
2170,16470015.0,2017-10-10,2018-10-26,12.0,FC UP CAT C 45 NEW - 578,25000000.0,1375000.0,26375000.0,45.0,24.0,4.0,0.0,6792000.0,,0.0,0.0,0.0,1685861.0,M,23.0,,11000000.0,0.0,12000000.0,24000000.0,4000000.0,Married,Middle School,Tỉnh Bình Dương,Tân Uyên,Tỉnh Bình Dương
322,16548340.0,2017-10-13,2018-10-26,12.0,FC CD OPPO F3 LITE-1847,,303600.0,4903600.0,48.2,6.0,5.0,0.0,5688000.0,,1.0,,1.0,936000.0,F,29.0,,6000000.0,0.0,1000000.0,15000000.0,3500000.0,Married,Middle School,Tỉnh Bà Rịa - Vũng Tàu,Tân Thành,Tỉnh Bà Rịa - Vũng Tàu
4254,16725293.0,2017-10-20,2018-10-26,12.0,FC CD PORT LP 10PLUS NEW-1849,8690000.0,434500.0,,65.0,9.0,9.0,1.0,11880000.0,,1.0,1.0,1.0,1308000.0,,21.0,,8000000.0,0.0,1500000.0,30000000.0,5000000.0,Single,High School,TP Hồ Chí Minh,Quận 8,TP Hồ Chí Minh
3142,16670558.0,2017-10-18,2018-10-26,12.0,FC UP DSA TS SCORE 2 NEW- 762,,1100000.0,21100000.0,,24.0,11.0,0.0,14970067.0,,0.0,0.0,0.0,1348689.0,F,21.0,,15000000.0,0.0,12000000.0,25000000.0,5000000.0,Married,Basic School,Tỉnh Bình Thuận,,Tỉnh Bình Thuận
3537,,2017-10-16,2018-10-26,12.0,FC CD NOKIA JUNE SUB7-1684,3913000.0,0.0,3913000.0,0.01,6.0,5.0,0.0,3986000.0,,1.0,0.0,1.0,653000.0,M,26.0,,5000000.0,0.0,1000000.0,,6000000.0,Single,Bachelor,Tỉnh Quảng Nam,,Tỉnh Quảng Nam
4925,16975237.0,2017-10-31,2018-10-26,12.0,FC CD DMX SEP IN-1898,,329340.0,,0.01,4.0,4.0,1.0,5368000.0,,1.0,1.0,1.0,1330000.0,F,40.0,,15000000.0,0.0,2000000.0,15000000.0,2000000.0,Single,Middle School,TP Hồ Chí Minh,Nhà Bè,TP Hồ Chí Minh
2924,16736295.0,2017-10-18,,12.0,FC CD PORT LP NEW-1848,,324500.0,6814500.0,65.0,9.0,9.0,1.0,8901000.0,,1.0,1.0,1.0,977000.0,M,34.0,1.0,6000000.0,,1500000.0,15000000.0,4000000.0,,High School,TP Hồ Chí Minh,Quận 9,TP Hồ Chí Minh
1149,16829307.0,2017-10-23,2018-10-26,12.0,FC CD FPT OCT OUT-1970,4893000.0,322938.0,5215938.0,0.01,6.0,4.0,0.0,5289000.0,,1.0,0.0,1.0,870000.0,,36.0,,12000000.0,0.0,1000000.0,20000000.0,3500000.0,Married,High School,Tỉnh Bà Rịa - Vũng Tàu,Châu Đức,Tỉnh Bà Rịa - Vũng Tàu
3617,16759437.0,2017-10-20,,12.0,FC CD NOKIA JUNE SUB7-1684,2982000.0,196812.0,3178812.0,0.01,6.0,6.0,1.0,3251000.0,,1.0,1.0,1.0,530000.0,M,30.0,,7000000.0,,1000000.0,15000000.0,3500000.0,Married,High School,Tỉnh Cà Mau,Ngọc Hiển,Tỉnh Cà Mau
291,,2017-10-19,2018-10-26,12.0,FC UP L.G 2 TSA SCORE NEW- 617,20000000.0,1100000.0,21100000.0,44.5,24.0,8.0,0.0,10827000.0,,0.0,0.0,,1342868.0,,28.0,,8000000.0,0.0,12000000.0,13000000.0,4000000.0,Married,High School,Tỉnh Bắc Ninh,Từ Sơn,Tỉnh Bắc Ninh
3749,16732903.0,2017-10-20,2018-10-26,12.0,FC UP DSA TS SCORE 3- 541,20000000.0,1100000.0,21100000.0,59.99,24.0,8.0,0.0,14202000.0,,0.0,0.0,,1529012.0,M,35.0,,10000000.0,0.0,12000000.0,25000000.0,3000000.0,Single,Middle School,,Châu Thành,Tỉnh Hậu Giang
3586,16623770.0,2017-10-17,2018-10-26,12.0,FC CD NK OCT IN-1925,6872000.0,453552.0,7325552.0,0.01,6.0,6.0,1.0,7398000.0,,1.0,1.0,1.0,1221000.0,F,32.0,,10000000.0,0.0,1000000.0,20000000.0,3000000.0,Married,High School,Tỉnh Đồng Nai,Biên Hòa,Tỉnh Đồng Nai
533,,2017-10-09,2018-10-26,,FC CD FPT OCT OUT-1935,8100000.0,534600.0,8634600.0,0.01,6.0,6.0,1.0,8712000.0,,1.0,1.0,1.0,1440000.0,F,20.0,,4000000.0,0.0,1500000.0,25000000.0,12000000.0,Single,Bachelor,Thành phố Đà Nẵng,Ngũ Hành Sơn,Thành phố Đà Nẵng
3607,,2017-10-27,2018-10-26,12.0,FC CD NP DMX ECONOMY - 857,3990000.0,,4189500.0,45.0,,10.0,1.0,,,1.0,1.0,1.0,558000.0,F,51.0,3.0,2500000.0,0.0,1000000.0,17000000.0,7000000.0,Civil Marriage/live-in,,TP Hồ Chí Minh,Cần Giờ,TP Hồ Chí Minh
2648,16835124.0,2017-10-26,2018-10-26,12.0,FC UP SUR BIKE PLUS NEW- 618,25000000.0,1375000.0,26375000.0,47.0,35.0,12.0,1.0,16690044.0,,1.0,1.0,1.0,1378837.0,F,,,10000000.0,,24000000.0,25000000.0,7000000.0,,High School,Tỉnh Lạng Sơn,Lạng Sơn,
4810,16566782.0,2017-10-12,2018-10-26,12.0,FC CD DMX SEP OUT-1896,7990000.0,,8517340.0,0.01,6.0,6.0,1.0,8580000.0,,1.0,1.0,1.0,1420000.0,M,,2.0,,0.0,1000000.0,25000000.0,4000000.0,Married,College,Tỉnh Đăk Lăk,Cư M gar,Tỉnh Đăk Lăk
1983,16717377.0,,2018-10-26,12.0,FC UP DSA TS SCORE 2 NEW- 762,40000000.0,2200000.0,42200000.0,45.0,24.0,2.0,0.0,8106000.0,,0.0,0.0,0.0,2697378.0,M,29.0,,11000000.0,0.0,24000000.0,30000000.0,5400000.0,Married,High School,Tỉnh Đồng Nai,Tân Phú,Tỉnh Đồng Nai
2932,16520504.0,2017-10-13,,12.0,FC CD NOKIA JUNE SUB7-1684,3913000.0,258258.0,4171258.0,0.01,6.0,6.0,1.0,4244000.0,,1.0,1.0,1.0,696000.0,M,54.0,,9000000.0,0.0,2000000.0,20000000.0,7500000.0,Married,Bachelor,Tỉnh Hải Dương,Chí Linh,Tỉnh Hải Dương
1536,16759203.0,2017-10-22,2018-10-26,12.0,FC UP DSA TS SCORE 2 NEW- 762,10000000.0,550000.0,10550000.0,45.0,18.0,12.0,1.0,9941874.0,,1.0,,1.0,,F,26.0,,10000000.0,0.0,18000000.0,22000000.0,8000000.0,,High School,Tỉnh Hưng Yên,Khoái Châu,Tỉnh Hưng Yên
4534,16629514.0,2017-10-16,2018-10-26,12.0,FC UP L.G 2 TSA SCORE NEW- 617,30000000.0,1650000.0,31650000.0,44.5,24.0,,,,,,,,2014302.0,F,,,15000000.0,0.0,24000000.0,25000000.0,8000000.0,Married,Middle School,Thành phố Hà Nội,Tây Hồ,Thành phố Hà Nội
4172,16643411.0,,2018-10-26,12.0,FC CD OPPO JULY OUT-1790,4893000.0,322938.0,5215938.0,0.01,6.0,,1.0,5289000.0,,1.0,1.0,1.0,870000.0,,35.0,,,0.0,800000.0,20000000.0,,Civil Marriage/live-in,College,Tỉnh Thanh Hóa,Nông Cống,
3360,16448610.0,2017-10-11,,12.0,FC UP CAT B NEW- 610,50000000.0,,52750000.0,47.0,30.0,9.0,0.0,27297747.0,,0.0,0.0,,3019747.0,M,26.0,,8923000.0,0.0,10800000.0,22000000.0,3000000.0,Married,High School,TP Hồ Chí Minh,Bình Chánh,TP Hồ Chí Minh
3665,16769667.0,2017-10-20,2018-10-26,12.0,FC CD DP0 LP NEW-1851,3140000.0,157000.0,3297000.0,65.0,6.0,4.0,0.0,2684000.0,,0.0,0.0,0.0,659000.0,M,20.0,2.0,,0.0,900000.0,13000000.0,3500000.0,Civil Marriage/live-in,High School,Tỉnh Thanh Hóa,Mường Lát,Tỉnh Thanh Hóa
4005,16746599.0,2017-10-21,2018-10-26,12.0,FC UP DSA TS SCORE 1 NEW- 761,20000000.0,1100000.0,21100000.0,35.0,15.0,12.0,1.0,21264000.0,,1.0,1.0,1.0,1756838.0,M,24.0,,10000000.0,0.0,8400000.0,10000000.0,1500000.0,Single,Middle School,Tỉnh Tây Ninh,Gò Dầu,Tỉnh Tây Ninh
3626,16450981.0,2017-10-16,2018-10-26,12.0,FC TW 0% DP - 143,14000000.0,770000.0,14770000.0,45.0,6.0,6.0,1.0,16842000.0,,1.0,,1.0,2795000.0,M,21.0,,7000000.0,0.0,800000.0,40000000.0,5000000.0,Single,College,Tỉnh Lâm Đồng,Đà Lạt,Tỉnh Lâm Đồng
586,16610243.0,2017-10-13,2018-10-26,12.0,FC CD SAMSUNG JULY IN-1744,3143000.0,207438.0,3350438.0,,4.0,7.0,1.0,3200000.0,0.04534606205250602,0.0,0.0,0.0,838000.0,F,40.0,2.0,,0.0,1000000.0,24000000.0,3300000.0,Married,Basic School,Tỉnh Long An,Vĩnh Hưng,Tỉnh Long An
3256,16840606.0,2017-10-27,2018-10-26,12.0,,30000000.0,,31650000.0,35.0,24.0,11.0,,20515000.0,,0.0,0.0,0.0,1852114.0,,43.0,,7000000.0,0.0,9600000.0,12000000.0,2500000.0,,Middle School,Tỉnh Bình Dương,Thuận An,Tỉnh Bình Dương
2298,16988554.0,2017-10-31,2018-10-26,12.0,FC CD P DP0 LP - 848,7690000.0,384500.0,8074500.0,85.0,9.0,9.0,1.0,11352472.0,,1.0,1.0,1.0,1244000.0,F,34.0,,9000000.0,0.0,1200000.0,24000000.0,4000000.0,Married,Middle School,Tỉnh Bạc Liêu,Hoà Bình,Tỉnh Bạc Liêu
3988,16844936.0,2017-10-26,2018-10-26,12.0,FC UP L.G 2 TSA SCORE NEW- 617,,2200000.0,42200000.0,,24.0,,,,,,,0.0,2685736.0,F,27.0,,12000000.0,0.0,14400000.0,30000000.0,5000000.0,Married,High School,Tỉnh Tiền Giang,Cái Bè,Tỉnh Tiền Giang
584,16861916.0,2017-10-25,2018-10-26,12.0,FC CD KEY DEALERS 2 NEW- 1801,4940000.0,247000.0,5187000.0,35.0,9.0,8.0,0.0,6125000.0,,1.0,0.0,1.0,664000.0,F,56.0,,9000000.0,0.0,1000000.0,15000000.0,3000000.0,Single,High School,TP Hồ Chí Minh,Quận 6,TP Hồ Chí Minh
2423,16781595.0,2017-10-25,2018-10-26,12.0,FC CD PORT LP NEW-1848,2000000.0,100000.0,2100000.0,65.0,6.0,2.0,0.0,864000.0,,0.0,0.0,,420000.0,M,33.0,,6000000.0,0.0,1000000.0,12000000.0,4000000.0,Married,Working Cerfiticate,Tỉnh Quảng Trị,Vĩnh Linh,Tỉnh Quảng Trị
1391,16852822.0,2017-10-31,2018-10-26,12.0,FC UP SUR INS 37 NEW VNP- 612,15000000.0,825000.0,15825000.0,37.0,12.0,11.0,,19701310.0,,1.0,0.0,1.0,1597731.0,M,25.0,,7000000.0,0.0,24000000.0,25000000.0,6000000.0,,High School,Tỉnh Cà Mau,Cà Mau,Tỉnh Cà Mau
4525,16770371.0,,2018-10-26,12.0,FC UP L.G 2 TSA SCORE NEW- 617,15000000.0,825000.0,15825000.0,44.5,,10.0,0.0,15039000.0,,0.0,0.0,,1657776.0,M,,,6000000.0,0.0,,17000000.0,4000000.0,Married,High School,Tỉnh Vĩnh Long,Vĩnh Long,Tỉnh Vĩnh Long
4920,,,2018-10-26,12.0,FC TW PHASE24 IR0 SUB7.4-491,10900000.0,719400.0,11619400.0,0.01,9.0,6.0,0.0,11950000.0,,,0.0,1.0,1292000.0,M,31.0,,,0.0,1000000.0,21000000.0,5000000.0,Married,Middle School,TP Hồ Chí Minh,Củ Chi,TP Hồ Chí Minh
4800,16776881.0,2017-10-25,2018-10-26,12.0,FC CD FPT OCT OUT-1970,5999000.0,395934.0,6394934.0,0.01,6.0,6.0,1.0,6468000.0,,,1.0,1.0,1066000.0,F,23.0,,9000000.0,0.0,3000000.0,9000000.0,3000000.0,Single,Bachelor,TP Hồ Chí Minh,Bình Thạnh,TP Hồ Chí Minh
3240,16629460.0,2017-10-18,2018-10-26,12.0,,30000000.0,1650000.0,31650000.0,35.0,30.0,13.0,1.0,19313726.0,,1.0,1.0,1.0,1597414.0,,,,12000000.0,0.0,18000000.0,40000000.0,5000000.0,Married,High School,Thành phố Hà Nội,Sóc Sơn,Thành phố Hà Nội
4281,16753400.0,2017-10-23,2018-10-26,12.0,FC CD FPT OCT OUT-1935,8099100.0,534541.0,8633641.0,0.01,6.0,5.0,0.0,7255000.0,,0.0,0.0,0.0,1439000.0,M,23.0,,10000000.0,0.0,,10000000.0,500000.0,Single,High School,TP Hồ Chí Minh,Gò Vấp,TP Hồ Chí Minh
3338,16386261.0,,2018-10-26,12.0,FC UP DSA TS SCORE 2 NEW- 762,30000000.0,1650000.0,,45.0,24.0,12.0,1.0,24396396.0,,1.0,1.0,1.0,2023033.0,F,42.0,,10000000.0,0.0,12000000.0,20000000.0,7000000.0,Other,High School,,Hải Hậu,Tỉnh Nam Định
3220,16667927.0,2017-10-20,2018-10-26,12.0,FC UP SUR BIKE PLUS NEW- 618,20000000.0,1100000.0,21100000.0,47.0,24.0,4.0,0.0,5540000.0,,0.0,0.0,0.0,1372100.0,F,43.0,,8000000.0,0.0,12000000.0,18000000.0,,Married,Middle School,Tỉnh Bình Phước,Hớn Quản,
2111,16351263.0,2017-10-03,2018-10-26,,FC UP L.G 2 TSA SCORE NEW- 617,,2200000.0,42200000.0,44.5,24.0,12.0,1.0,32376000.0,,1.0,1.0,1.0,,F,33.0,,12000000.0,0.0,24000000.0,,4000000.0,Married,Basic School,Tỉnh Kiên Giang,,Tỉnh Kiên Giang
1174,16567931.0,2017-10-13,2018-10-26,12.0,FC CD DMX SEP IN-1899,6090000.0,401940.0,,0.01,6.0,,0.0,3285000.0,,0.0,0.0,0.0,1083000.0,F,30.0,,10000000.0,0.0,1000000.0,20000000.0,3000000.0,Married,Basic School,Tỉnh Kiên Giang,Phú Quốc,Tỉnh Kiên Giang
4862,16417715.0,2017-10-10,,12.0,FC TW 0% DP - 143,32000000.0,1760000.0,33760000.0,45.0,15.0,13.0,1.0,35956000.0,,1.0,1.0,1.0,2984000.0,F,25.0,,8000000.0,0.0,300000.0,30000000.0,1500000.0,Single,College,Tỉnh Bà Rịa - Vũng Tàu,Vũng Tàu,Tỉnh Bà Rịa - Vũng Tàu
3811,16711617.0,,2018-10-26,,FC UP CAT B NEW- 610,,1375000.0,26375000.0,47.0,30.0,12.0,,18262000.0,,1.0,1.0,1.0,1509874.0,F,,,4586000.0,0.0,9600000.0,13000000.0,,,Middle School,Tỉnh Đồng Nai,Nhơn Trạch,Tỉnh Đồng Nai
1867,16646709.0,2017-10-16,2018-10-26,12.0,FC CD OPPO 10 NKD OCT OUT-1942,6291000.0,0.0,6291000.0,19.6,10.0,10.0,1.0,6989860.0,,1.0,1.0,1.0,687000.0,F,39.0,,6000000.0,0.0,1000000.0,20000000.0,4000000.0,Married,Working Cerfiticate,Tỉnh Nghệ An,Tân Kỳ,Tỉnh Nghệ An
2614,16636842.0,2017-10-17,2018-10-26,,FC UP L.G 1 TSA SCORE NEW- 616,50000000.0,2750000.0,52750000.0,33.5,30.0,12.0,1.0,31563588.0,,1.0,1.0,1.0,2619299.0,M,39.0,,30000000.0,0.0,12000000.0,38000000.0,,Married,Master Degree,Tỉnh Thái Nguyên,Thái Nguyên,Tỉnh Thái Nguyên
3866,16751345.0,2017-10-19,2018-10-26,12.0,FC UP L.G 1 TSA SCORE NEW- 616,30000000.0,1650000.0,31650000.0,33.5,24.0,4.0,0.0,7357000.0,,0.0,,0.0,1827160.0,F,38.0,,17000000.0,0.0,24000000.0,30000000.0,7000000.0,,High School,Tỉnh Nam Định,Nam Định,Tỉnh Nam Định
4885,16705396.0,2017-10-19,2018-10-26,12.0,FC CD OPPO JULY OUT-1790,4893000.0,322938.0,5215938.0,0.01,6.0,6.0,1.0,5289000.0,,1.0,1.0,1.0,870000.0,F,25.0,,6000000.0,0.0,1100000.0,16000000.0,4000000.0,Married,High School,Tỉnh Hưng Yên,Ân Thi,Tỉnh Hưng Yên
3778,16642012.0,2017-10-18,2018-10-26,12.0,FC UP CAT B NEW- 610,30000000.0,1650000.0,,47.0,18.0,12.0,1.0,29819000.0,,1.0,1.0,1.0,2483234.0,F,,,7000000.0,0.0,7200000.0,14000000.0,2500000.0,Married,Middle School,Tỉnh Bình Dương,Tân Uyên,Tỉnh Bình Dương
3846,16516531.0,2017-10-11,2018-10-26,12.0,FC UP DSA TS SCORE 2 NEW- 762,40000000.0,2200000.0,,45.0,24.0,1.0,0.0,2698000.0,,0.0,0.0,0.0,2697378.0,M,27.0,,9000000.0,,12000000.0,30000000.0,6000000.0,Single,High School,Tỉnh Sóc Trăng,Mỹ Tú,Tỉnh Sóc Trăng
2416,16655180.0,2017-10-24,2018-10-26,12.0,FC CD UTILITY - 807,6890000.0,344500.0,7234500.0,,6.0,6.0,,8624000.0,,1.0,1.0,1.0,1426000.0,M,22.0,,8000000.0,0.0,1000000.0,32000000.0,4000000.0,Single,,Tỉnh Thái Nguyên,Phú Bình,Tỉnh Thái Nguyên
70,16896154.0,2017-10-29,2018-10-26,12.0,FC UP DSA TS SCORE 1 NEW- 761,20000000.0,1100000.0,21100000.0,35.0,24.0,11.0,0.0,13706000.0,,0.0,0.0,0.0,1234743.0,F,53.0,,4000000.0,0.0,18000000.0,38000000.0,6500000.0,Married,Middle School,Tỉnh An Giang,Phú Tân,Tỉnh An Giang
4880,16552052.0,2017-10-11,2018-10-26,12.0,,4893000.0,322938.0,5215938.0,0.01,6.0,6.0,1.0,5289000.0,,1.0,1.0,1.0,870000.0,F,,,6000000.0,0.0,1000000.0,20000000.0,,Married,,,Sơn Hà,Tỉnh Quảng Ngãi
1126,16772281.0,2017-10-28,2018-10-26,12.0,FC CD NEW COSMETIC DP0-70C - 1582,43000000.0,0.0,43000000.0,0.01,24.0,9.0,0.0,18040000.0,,0.0,0.0,0.0,1792000.0,F,38.0,,,,,60000000.0,12000000.0,Married,Bachelor,Thành phố Hà Nội,Đống Đa,
4024,,2017-10-29,2018-10-26,12.0,,10000000.0,550000.0,10550000.0,33.5,30.0,11.0,0.0,5894000.0,,0.0,0.0,0.0,523860.0,M,35.0,,,0.0,,20000000.0,2000000.0,Single,High School,Tỉnh Hưng Yên,,
3250,16562794.0,2017-10-15,2018-10-26,12.0,FC UP CAT B NEW- 610,30000000.0,1650000.0,31650000.0,47.0,30.0,12.0,1.0,21884000.0,,1.0,,,1811848.0,F,29.0,,9147000.0,0.0,21600000.0,25000000.0,5000000.0,Married,High School,Tỉnh Đồng Nai,Biên Hòa,Tỉnh Đồng Nai
3901,,2017-10-13,2018-10-26,12.0,FC UP DSA TS SCORE 3- 541,15000000.0,825000.0,15825000.0,59.99,24.0,,0.0,18907000.0,,1.0,0.0,1.0,1146759.0,M,,,10000000.0,0.0,24000000.0,40000000.0,5000000.0,,High School,Tỉnh Quảng Bình,Đồng Hới,Tỉnh Quảng Bình
1095,16604033.0,2017-10-12,,12.0,FC TW MORA HP NEW IR- 427,26200000.0,1729200.0,27929200.0,0.0,12.0,12.0,1.0,33743000.0,,1.0,1.0,1.0,2800000.0,,,,7000000.0,0.0,700000.0,,3200000.0,Single,Bachelor,Tỉnh Bắc Kạn,,
4545,16796366.0,2017-10-27,,12.0,FC UP CAT B NEW- 610,30000000.0,0.0,30000000.0,47.0,30.0,12.0,1.0,19140000.0,0.07126619898078013,0.0,,0.0,,M,33.0,,9500000.0,0.0,12000000.0,16000000.0,4000000.0,Married,High School,Thành phố Hà Nội,Hoàng Mai,
1212,16442164.0,2017-10-06,2018-10-26,12.0,,,175098.0,,,4.0,4.0,1.0,2877000.0,,,1.0,1.0,708000.0,M,33.0,,9000000.0,0.0,,15000000.0,7000000.0,Married,,Tỉnh Thừa Thiên - Huế,Phú Vang,Tỉnh Thừa Thiên - Huế
3921,16385130.0,2017-10-05,2018-10-26,12.0,,20000000.0,1100000.0,21100000.0,45.0,,10.0,0.0,,,0.0,,0.0,1633069.0,M,52.0,,4500000.0,0.0,7200000.0,30000000.0,5000000.0,Married,Basic School,Tỉnh Tây Ninh,Dương Minh Châu,Tỉnh Tây Ninh
1425,16277119.0,2017-10-03,2018-10-26,12.0,FC UP DSA TS SCORE 2 NEW- 762,30000000.0,1650000.0,31650000.0,45.0,24.0,5.0,0.0,10175033.0,,0.0,0.0,0.0,2023033.0,M,49.0,,8000000.0,0.0,,15000000.0,2000000.0,Married,Middle School,Tỉnh Bến Tre,Bến Tre,Tỉnh Bến Tre
3066,16319312.0,2017-10-02,2018-10-26,,FC TW PLATINUM DP -129,15470000.0,,16243500.0,35.0,12.0,5.0,0.0,18962000.0,,0.0,0.0,0.0,1624000.0,M,,,7000000.0,0.0,1500000.0,49000000.0,15000000.0,Married,High School,Thành phố Cần Thơ,,Thành phố Cần Thơ
4519,16786664.0,2017-10-26,2018-10-26,12.0,FC UP DSA TS SCORE 1 NEW- 761,30000000.0,1650000.0,31650000.0,35.0,30.0,2.0,0.0,3219414.0,,0.0,0.0,0.0,1597414.0,F,35.0,,,0.0,9600000.0,18000000.0,6500000.0,Married,,Tỉnh Lào Cai,Bảo Thắng,Tỉnh Lào Cai
2100,16407293.0,2017-10-02,2018-10-26,12.0,FC UP DSA TS SCORE 1 NEW- 761,15000000.0,,15825000.0,35.0,24.0,12.0,1.0,11244171.0,,1.0,1.0,1.0,926057.0,M,34.0,,7000000.0,0.0,8400000.0,25000000.0,1500000.0,Married,Middle School,TP Hồ Chí Minh,Bình Tân,TP Hồ Chí Minh
807,16915299.0,2017-10-31,2018-10-26,12.0,FC UP DSA TS SCORE 2 NEW- 762,10000000.0,550000.0,10550000.0,45.0,12.0,11.0,0.0,12318680.0,,0.0,0.0,0.0,1107880.0,F,30.0,,5000000.0,0.0,24000000.0,20000000.0,3000000.0,Married,Middle School,Tỉnh Trà Vinh,Duyên Hải,Tỉnh Trà Vinh
4743,16369532.0,2017-10-02,2018-10-26,12.0,FC CD DMX SEP IN-1899,6890000.0,454740.0,7344740.0,0.01,6.0,4.0,0.0,7417000.0,,,0.0,1.0,,M,,2.0,8000000.0,0.0,,15000000.0,4500000.0,,,Tỉnh Sóc Trăng,Vĩnh Châu,
3750,16555410.0,,2018-10-26,12.0,FC UP DSA TS SCORE 1 NEW- 761,30000000.0,1650000.0,31650000.0,35.0,24.0,,1.0,22354000.0,,1.0,1.0,1.0,1852114.0,F,35.0,,,0.0,18000000.0,18000000.0,4000000.0,Married,Middle School,Tỉnh Long An,Tân Hưng,Tỉnh Long An
1362,16835055.0,,2018-10-26,12.0,FC UP L.G 1 TSA SCORE NEW- 616,50000000.0,2750000.0,52750000.0,33.5,30.0,,0.0,28933000.0,,,0.0,0.0,2619299.0,F,37.0,,,0.0,12000000.0,50000000.0,15000000.0,Married,Master Degree,Tỉnh Nghệ An,Quỳnh Lưu,Tỉnh Nghệ An
2317,16605114.0,2017-10-14,2018-10-26,12.0,FC CD KEY DEALERS 1 - 811,2590000.0,129500.0,2719500.0,45.0,6.0,6.0,1.0,3162000.0,,,1.0,,515000.0,M,34.0,,5000000.0,0.0,900000.0,11000000.0,3500000.0,Married,High School,Tỉnh Sơn La,Mai Sơn,Tỉnh Sơn La
4581,16575830.0,2017-10-12,2018-10-26,12.0,,20000000.0,1100000.0,21100000.0,44.5,12.0,12.0,,26707345.0,,,,1.0,,M,,,8000000.0,0.0,9000000.0,17000000.0,,Married,High School,Tỉnh Thừa Thiên - Huế,Phú Lộc,Tỉnh Thừa Thiên - Huế
4741,,2017-10-17,2018-10-26,12.0,FC CD OPPO JULY IN-1793,4893000.0,322938.0,5215938.0,0.01,6.0,,1.0,5292000.0,,1.0,1.0,1.0,870000.0,F,46.0,2.0,4000000.0,0.0,1500000.0,15000000.0,5600000.0,Civil Marriage/live-in,Middle School,Tỉnh Bình Định,Tuy Phước,Tỉnh Bình Định
1025,16771448.0,2017-10-23,2018-10-26,12.0,FC CD NP DMX ECONOMY - 857,3843000.0,192150.0,4035150.0,45.0,,6.0,1.0,4656000.0,,,1.0,1.0,764000.0,F,58.0,,6000000.0,0.0,1000000.0,20000000.0,4000000.0,Married,Middle School,Tỉnh Bình Phước,Bù Đốp,Tỉnh Bình Phước
3109,16344014.0,2017-10-03,2018-10-26,12.0,FC UP L.G 2 TSA SCORE NEW- 617,40000000.0,2200000.0,42200000.0,44.5,24.0,12.0,1.0,32383472.0,,1.0,1.0,1.0,2685736.0,M,32.0,,12000000.0,0.0,12000000.0,19000000.0,3000000.0,Married,Middle School,Tỉnh Đồng Nai,Biên Hòa,
2110,16579197.0,,2018-10-26,12.0,FC UP L@W-TOP EMPLOYER-SOURCE 2-383,35000000.0,1925000.0,36925000.0,35.0,24.0,12.0,,25955600.0,,1.0,1.0,1.0,2160800.0,F,27.0,,,0.0,9600000.0,20000000.0,4000000.0,Married,Middle School,TP Hồ Chí Minh,,TP Hồ Chí Minh
1041,,2017-10-19,2018-10-26,12.0,FC CD FPT OCT OUT-1971,5195000.0,342870.0,5537870.0,0.01,6.0,6.0,1.0,5616000.0,,1.0,1.0,1.0,,M,34.0,,,0.0,1000000.0,35000000.0,4000000.0,Married,College,Tỉnh Quảng Nam,Phú Ninh,Tỉnh Quảng Nam
1876,16661507.0,2017-10-17,2018-10-26,12.0,FC TW 0% DP - 143,,,37980000.0,45.0,12.0,9.0,0.0,48003000.0,,1.0,0.0,1.0,3989000.0,M,32.0,2.0,7000000.0,,800000.0,13000000.0,3500000.0,Married,High School,Tỉnh Hải Dương,Thanh Miện,Tỉnh Hải Dương
881,16765828.0,2017-10-25,2018-10-26,12.0,FC UP SUR INS 37 NEW- 612,40000000.0,2200000.0,42200000.0,37.0,30.0,10.0,0.0,21922000.0,,,0.0,0.0,2176269.0,F,35.0,,10000000.0,0.0,12000000.0,10000000.0,2000000.0,Divorced,High School,Tỉnh Đắk Lắk,Ea Kar,Tỉnh Đắk Lắk
4299,16387644.0,,2018-10-26,12.0,FC TW ATTRACTIVE NEW - 151,15500000.0,0.0,15500000.0,,15.0,13.0,1.0,17966000.0,,1.0,,1.0,1370000.0,F,43.0,,5000000.0,0.0,800000.0,10000000.0,4000000.0,Married,College,Tỉnh Quảng Nam,Đại Lộc,Tỉnh Quảng Nam
1192,16967219.0,2017-10-31,2018-10-26,12.0,FC CD MBW JULY OUT-1721,8990000.0,593340.0,9583340.0,0.01,6.0,,,9656000.0,,1.0,1.0,1.0,1598000.0,M,,3.0,30000000.0,0.0,2000000.0,,8000000.0,Civil Marriage/live-in,High School,TP Hồ Chí Minh,Quận 12,TP Hồ Chí Minh
4587,16740796.0,2017-10-21,2018-10-26,12.0,FC UP CAT B NEW- 610,30000000.0,1650000.0,31650000.0,47.0,36.0,8.0,0.0,,,1.0,0.0,1.0,1654605.0,F,27.0,,5500000.0,0.0,,18000000.0,,Single,Master Degree,TP Hồ Chí Minh,Tân Phú,TP Hồ Chí Minh
4510,16554717.0,2017-10-11,2018-10-26,12.0,FC UP L.G 2 TSA SCORE NEW- 617,35000000.0,1925000.0,36925000.0,44.5,24.0,12.0,1.0,28345000.0,,1.0,1.0,1.0,2350019.0,M,48.0,,7000000.0,0.0,18000000.0,22000000.0,5000000.0,Married,Middle School,Tỉnh Yên Bái,Yên Bái,Tỉnh Yên Bái
3670,16393715.0,2017-10-02,2018-10-26,12.0,FC CD KEY DEALERS 2 NEW- 1801,4390000.0,219500.0,4609500.0,35.0,,9.0,1.0,4721000.0,0.11092278719397364,0.0,0.0,0.0,590000.0,F,33.0,,6200000.0,0.0,,15900000.0,3350000.0,Married,College,Tỉnh Nam Định,Nghĩa Hưng,Tỉnh Nam Định
624,16536902.0,2017-10-09,2018-10-26,12.0,FC CD OPPO 10 NKD OCT OUT-1944,4221000.0,0.0,4221000.0,17.7,10.0,10.0,1.0,,,1.0,,1.0,458000.0,M,,,8000000.0,0.0,,20000000.0,4000000.0,Civil Marriage/live-in,Working Cerfiticate,Tỉnh Kon Tum,Đắk Hà,Tỉnh Kon Tum
2796,16736629.0,2017-10-26,2018-10-26,12.0,FC CD FPT OCT OUT-1970,7999000.0,,8526934.0,0.01,6.0,6.0,1.0,8588000.0,,1.0,1.0,,1422000.0,M,45.0,2.0,10000000.0,0.0,600000.0,35000000.0,4000000.0,Married,Working Cerfiticate,Tỉnh Hải Dương,Hải Dương,
4291,16545275.0,2017-10-09,2018-10-26,12.0,FC CD FPT OCT OUT-1935,8099100.0,,8633641.0,0.01,6.0,6.0,,,,1.0,1.0,1.0,1439000.0,F,25.0,,7000000.0,0.0,,14000000.0,5000000.0,Married,College,Tỉnh Hải Dương,Chí Linh,Tỉnh Hải Dương
4968,16461648.0,2017-10-06,2018-10-26,12.0,FC CD KEY DEALERS 2 NEW- 1801,14990000.0,749500.0,15739500.0,,12.0,,1.0,19028000.0,,1.0,1.0,1.0,1574000.0,F,42.0,3.0,10000000.0,0.0,1000000.0,,,Married,Middle School,Tỉnh Tiền Giang,Châu Thành,Tỉnh Tiền Giang
233,16422926.0,2017-10-10,2018-10-26,12.0,FC UP DSA TS SCORE 3- 541,10000000.0,550000.0,10550000.0,59.99,24.0,14.0,1.0,11342000.0,,1.0,1.0,1.0,764506.0,F,44.0,,10000000.0,0.0,24000000.0,27000000.0,6000000.0,Divorced,College,Thành phố Hà Nội,Long Biên,Thành phố Hà Nội
4566,16750775.0,2017-10-19,,12.0,FC UP DSA TS SCORE 2 NEW- 762,40000000.0,2200000.0,42200000.0,45.0,24.0,9.0,0.0,24390000.0,,0.0,0.0,0.0,2697378.0,,21.0,,8000000.0,0.0,9600000.0,40000000.0,3000000.0,Single,Working Cerfiticate,Tỉnh Tiền Giang,Mỹ Tho,Tỉnh Tiền Giang
1662,16520101.0,2017-10-09,2018-10-26,12.0,FC CD DMX SEP OUT-1896,,,6641180.0,0.01,6.0,6.0,1.0,6716000.0,,1.0,1.0,1.0,1107000.0,M,34.0,,8000000.0,0.0,1500000.0,,7000000.0,Single,College,Tỉnh Đăk Lăk,Buôn Ma Thuột,Tỉnh Đăk Lăk
415,16589170.0,2017-10-13,2018-10-26,12.0,FC CD PORT LP NEW-1848,2997000.0,149850.0,3146850.0,65.0,6.0,6.0,1.0,3841000.0,,1.0,1.0,1.0,629000.0,M,36.0,,8000000.0,0.0,3000000.0,18000000.0,6000000.0,Married,Middle School,TP Hồ Chí Minh,Thủ Đức,TP Hồ Chí Minh
4246,16615341.0,2017-10-13,2018-10-26,12.0,FC CD SAMSUNG JULY IN-1745,4893000.0,322938.0,5215938.0,0.01,6.0,6.0,,5292000.0,,,1.0,1.0,870000.0,,29.0,3.0,,0.0,1000000.0,15000000.0,5000000.0,Married,High School,Tỉnh Nam Định,Nam Trực,
2173,16858272.0,2017-10-28,,12.0,,30000000.0,1650000.0,31650000.0,45.0,24.0,7.0,0.0,14246033.0,,0.0,0.0,0.0,2023033.0,M,54.0,,7000000.0,0.0,12000000.0,27000000.0,7000000.0,Married,Middle School,Tỉnh Long An,KIẾN TƯỜNG,Tỉnh Long An
1456,16492568.0,2017-10-18,2018-10-26,,,,,10550000.0,45.0,24.0,12.0,1.0,8206000.0,,1.0,1.0,1.0,674344.0,F,50.0,,10000000.0,0.0,9600000.0,20000000.0,4000000.0,Married,High School,Tỉnh Trà Vinh,,Tỉnh Trà Vinh
746,16524819.0,2017-10-14,2018-10-26,12.0,FC UP CAT B NEW- 610,30000000.0,1650000.0,31650000.0,47.0,36.0,12.0,1.0,,,1.0,1.0,1.0,1654605.0,M,,,7025000.0,0.0,12000000.0,18000000.0,5000000.0,Married,High School,,Bắc Giang,Tỉnh Bắc Giang
17,16435149.0,2017-10-05,,12.0,FC UP DSA TS SCORE 2 NEW- 762,30000000.0,1650000.0,31650000.0,45.0,24.0,12.0,1.0,24424264.0,,1.0,1.0,1.0,2023033.0,F,39.0,,10000000.0,0.0,18000000.0,25000000.0,5000000.0,Married,High School,,Vạn Ninh,Tỉnh Khánh Hòa
1200,16796751.0,2017-10-21,2018-10-26,12.0,FC CD NOKIA JUNE SUB7-1684,,196812.0,3178812.0,0.01,6.0,6.0,1.0,3250905.0,,1.0,1.0,1.0,530000.0,M,27.0,,8000000.0,0.0,1000000.0,8000000.0,1000000.0,Single,Bachelor,Tỉnh Đồng Tháp,Tân Hồng,Tỉnh Đồng Tháp
1699,16823757.0,2017-10-24,2018-10-26,12.0,FC CD KEY DEALERS 2 NEW- 1801,4990000.0,249500.0,,35.0,,12.0,1.0,6497000.0,,1.0,1.0,1.0,524000.0,M,46.0,,10000000.0,0.0,1500000.0,20000000.0,6000000.0,Married,College,Thành phố Hải Phòng,Ngô Quyền,Thành phố Hải Phòng
3253,16837745.0,2017-10-26,2018-10-26,,FC UP DSA TS SCORE 1 NEW- 761,25000000.0,1375000.0,26375000.0,35.0,24.0,14.0,1.0,18666000.0,,1.0,1.0,1.0,1543429.0,F,26.0,,12000000.0,0.0,16800000.0,60000000.0,10000000.0,,High School,Tỉnh Gia Lai,Pleiku,Tỉnh Gia Lai
596,16748680.0,2017-10-20,2018-10-26,12.0,FC CD KEY DEALERS 2 NEW- 1801,7000000.0,350000.0,7350000.0,35.0,9.0,9.0,1.0,8577000.0,,1.0,1.0,1.0,941000.0,M,44.0,,7000000.0,0.0,1800000.0,25600000.0,,Married,High School,Tỉnh Bình Định,Phù Mỹ,Tỉnh Bình Định
3226,16409396.0,2017-10-10,2018-10-26,,FC UP SUR BIKE PLUS VNP- 547,20000000.0,1100000.0,21100000.0,,24.0,12.0,1.0,16320000.0,,,,,1348689.0,F,33.0,,4300000.0,0.0,6000000.0,18000000.0,2000000.0,Married,,Tỉnh Long An,Cần Đước,Tỉnh Long An
4405,16478731.0,2017-10-13,,12.0,FC UP EVN STD NEW- 629,15000000.0,825000.0,15825000.0,47.0,12.0,12.0,,20233000.0,,1.0,1.0,1.0,1678045.0,M,58.0,,7000000.0,0.0,12000000.0,18000000.0,5000000.0,Married,High School,,,Tỉnh Bình Định
4719,,2017-10-30,2018-10-26,12.0,FC CD KEY DEALERS 1 - 811,2420000.0,121000.0,2541000.0,45.0,6.0,6.0,1.0,2958000.0,,1.0,1.0,1.0,,M,49.0,,7000000.0,0.0,1000000.0,20000000.0,2000000.0,,Basic School,,Tuy Phong,Tỉnh Bình Thuận
1505,16428463.0,2017-10-10,2018-10-26,12.0,FC UP L.G 2 TSA SCORE NEW- 617,30000000.0,1650000.0,31650000.0,44.5,24.0,12.0,1.0,,,,1.0,1.0,2014302.0,,43.0,,10000000.0,0.0,24000000.0,20000000.0,6000000.0,Married,High School,Thành phố Hà Nội,Ba Đình,
1412,16444769.0,2017-10-06,2018-10-26,,FC UP DSA TS SCORE 2 NEW- 762,40000000.0,2200000.0,42200000.0,45.0,24.0,4.0,0.0,10840000.0,,0.0,0.0,0.0,2697378.0,F,39.0,,9000000.0,0.0,12000000.0,40000000.0,8000000.0,Single,High School,Tỉnh Thừa Thiên - Huế,Hương Trà,Tỉnh Thừa Thiên - Huế
1965,16832193.0,2017-10-25,,12.0,,25000000.0,1375000.0,26375000.0,59.99,24.0,8.0,,14377000.0,,,0.0,0.0,1911265.0,M,49.0,,9000000.0,0.0,12000000.0,40000000.0,,Married,Middle School,TP Hồ Chí Minh,Tân Bình,TP Hồ Chí Minh
371,16396337.0,2017-10-06,2018-10-26,,FC TW 0% DP - 143,,929500.0,17829500.0,45.0,18.0,13.0,1.0,18096000.0,,1.0,1.0,1.0,1380000.0,M,44.0,,7000000.0,0.0,1000000.0,19000000.0,3000000.0,,High School,Tỉnh Đồng Tháp,Cao Lãnh,Tỉnh Đồng Tháp
1340,16252187.0,2017-10-03,2018-10-26,12.0,FC UP CAT A NEW- 608,,1375000.0,26375000.0,37.0,18.0,12.0,1.0,23318912.0,,1.0,1.0,1.0,1931228.0,M,,,,0.0,12000000.0,30000000.0,5000000.0,Single,High School,Tỉnh Quảng Ninh,Cẩm Phả,Tỉnh Quảng Ninh
598,16641517.0,2017-10-17,2018-10-26,12.0,FC CD KEY DEALERS 2 NEW- 1801,6990000.0,349500.0,7339500.0,35.0,12.0,12.0,1.0,8948000.0,,1.0,1.0,1.0,,F,26.0,,,0.0,800000.0,30000000.0,4000000.0,Single,High School,TP Hồ Chí Minh,Tân Phú,TP Hồ Chí Minh
238,16429066.0,2017-10-03,2018-10-26,12.0,,20000000.0,1100000.0,21100000.0,44.5,24.0,11.0,0.0,29244944.0,,1.0,0.0,,1342868.0,M,24.0,,10000000.0,0.0,24000000.0,10000000.0,,Single,High School,Thành phố Hà Nội,Gia Lâm,
3400,16793035.0,2017-10-20,2018-10-26,12.0,FC CD KEY DEALERS 1 - 811,2514000.0,125700.0,2639700.0,45.0,,,1.0,3072000.0,,1.0,1.0,1.0,500000.0,M,26.0,,,0.0,1000000.0,18000000.0,4000000.0,Married,,Tỉnh Quảng Nam,Tiên Phước,Tỉnh Quảng Nam
2067,16920129.0,2017-10-29,2018-10-26,12.0,FC UP DSA TS SCORE 2 NEW- 762,10000000.0,550000.0,10550000.0,45.0,,5.0,0.0,,,1.0,0.0,,674344.0,M,21.0,,,0.0,15600000.0,30000000.0,7500000.0,Single,High School,Tỉnh Đắk Lắk,,Tỉnh Đắk Lắk
810,,2017-10-11,2018-10-26,12.0,FC UP DSA TS SCORE 2 NEW- 762,20000000.0,0.0,20000000.0,45.0,18.0,11.0,0.0,17160000.0,,0.0,0.0,0.0,1547932.0,M,25.0,,8000000.0,0.0,6000000.0,30000000.0,2000000.0,Married,Middle School,TP Hồ Chí Minh,Hóc Môn,TP Hồ Chí Minh
1094,16958171.0,2017-10-30,2018-10-26,12.0,FC CD P DP0 LP - 848,,194500.0,4084500.0,85.0,6.0,6.0,1.0,5232000.0,,1.0,,1.0,860000.0,M,21.0,,,0.0,500000.0,7500000.0,1000000.0,Single,Middle School,Tỉnh Long An,Cần Giuộc,Tỉnh Long An
4324,16896803.0,2017-10-27,2018-10-26,12.0,FC CD DP0 LP NEW-1851,3290000.0,164500.0,3454500.0,65.0,9.0,,0.0,4617000.0,,1.0,0.0,1.0,496000.0,F,25.0,,9000000.0,0.0,1000000.0,18000000.0,2000000.0,Married,,Tỉnh An Giang,Tịnh Biên,Tỉnh An Giang
4760,16647717.0,2017-10-19,2018-10-26,12.0,,6090000.0,304500.0,6394500.0,35.0,,,,640000.0,,0.0,0.0,0.0,640000.0,F,27.0,2.0,5000000.0,0.0,,12000000.0,3200000.0,Married,,Tỉnh Lào Cai,Bảo Thắng,Tỉnh Lào Cai
3676,16735748.0,2017-10-19,2018-10-26,12.0,FC CD DP0 LP NEW-1851,3290000.0,164500.0,,65.0,6.0,6.0,,4212000.0,,1.0,1.0,1.0,690000.0,F,39.0,2.0,6500000.0,0.0,1000000.0,19000000.0,4000000.0,Married,Middle School,Tỉnh Bình Dương,Dĩ An,Tỉnh Bình Dương
3464,,2017-10-06,2018-10-26,12.0,FC CD OPPO F3 LITE NK-1900,4600000.0,303600.0,4903600.0,48.2,6.0,6.0,1.0,,,1.0,1.0,1.0,936000.0,,22.0,,8000000.0,,1200000.0,30000000.0,7000000.0,,High School,Tỉnh Bắc Ninh,Yên Phong,Tỉnh Bắc Ninh
3103,16379305.0,2017-10-10,2018-10-26,12.0,FC UP DSA TS SCORE 2 NEW- 762,20000000.0,1100000.0,21100000.0,,18.0,12.0,1.0,19741000.0,,1.0,1.0,1.0,1633069.0,M,23.0,,8800000.0,0.0,10800000.0,25000000.0,4500000.0,Single,Working Cerfiticate,Tỉnh Bình Dương,Bến Cát,Tỉnh Bình Dương
2749,16604457.0,,2018-10-26,12.0,FC UP DSA TS SCORE 2 NEW- 762,30000000.0,1650000.0,31650000.0,45.0,,11.0,,22387066.0,,0.0,0.0,0.0,2023033.0,M,38.0,,18000000.0,0.0,24000000.0,26000000.0,8000000.0,Married,Middle School,Tỉnh Cao Bằng,Cao Bằng,Tỉnh Cao Bằng
2295,16896771.0,2017-10-26,2018-10-26,12.0,FC CD MBW JULY OUT-1721,8393000.0,,8946938.0,0.01,6.0,6.0,1.0,9012000.0,,1.0,1.0,1.0,1492000.0,M,,2.0,10000000.0,,1200000.0,16000000.0,4500000.0,Married,High School,Thành phố Hà Nội,Sóc Sơn,Thành phố Hà Nội
4192,16915451.0,,2018-10-26,12.0,FC CD SAMSUNG OCT IN-1914,4543000.0,299838.0,,0.01,6.0,6.0,1.0,4915000.0,,1.0,1.0,1.0,808000.0,F,32.0,,6000000.0,0.0,800000.0,,3000000.0,Married,Middle School,Tỉnh Đồng Nai,Xuân Lộc,Tỉnh Đồng Nai
3708,16832814.0,2017-10-25,2018-10-26,12.0,FC CD KEY DEALERS 2 NEW- 1801,6470000.0,323500.0,6793500.0,35.0,9.0,,,8002000.0,,1.0,1.0,1.0,870000.0,M,36.0,,8000000.0,0.0,1100000.0,,,Married,Bachelor,Tỉnh Ninh Bình,Kim Sơn,Tỉnh Ninh Bình
3018,16482775.0,2017-10-06,2018-10-26,12.0,FC TW LIGHT START 3 - 139,15900000.0,795000.0,16695000.0,,12.0,12.0,1.0,23616000.0,,1.0,1.0,1.0,1956000.0,M,28.0,1.0,7000000.0,0.0,800000.0,15000000.0,3000000.0,Married,Basic School,Tỉnh Bình Dương,Tân Uyên,Tỉnh Bình Dương
4252,16787350.0,2017-10-21,2018-10-26,,FC CD PORT LP NEW-1848,5590000.0,279500.0,,65.0,12.0,12.0,1.0,6810000.0,0.16297935103244843,,0.0,0.0,678000.0,F,20.0,,6000000.0,0.0,900000.0,6000000.0,,Single,High School,Tỉnh Hậu Giang,Ngã Bảy (Tân Hiệp cũ),Tỉnh Hậu Giang
803,16678583.0,2017-10-25,2018-10-26,12.0,FC UP CAT B NEW- 610,25000000.0,1375000.0,26375000.0,47.0,35.0,10.0,0.0,13790000.0,,0.0,0.0,0.0,1378837.0,F,,,7300000.0,0.0,,15000000.0,5000000.0,Single,Middle School,Tỉnh Đồng Nai,Long Thành,Tỉnh Đồng Nai
4190,16590186.0,2017-10-13,2018-10-26,12.0,FC CD DMX SEP OUT-1896,2990000.0,197340.0,,,6.0,6.0,1.0,3264000.0,,1.0,1.0,1.0,532000.0,F,32.0,,7000000.0,0.0,1200000.0,19000000.0,3500000.0,Married,Middle School,Tỉnh Trà Vinh,Càng Long,Tỉnh Trà Vinh
3705,16735227.0,2017-10-21,2018-10-26,12.0,FC CD DMX SEP OUT-1896,4790000.0,316140.0,5106140.0,0.01,6.0,,1.0,5184000.0,,1.0,1.0,1.0,852000.0,M,23.0,,12000000.0,0.0,1800000.0,21000000.0,4000000.0,,High School,TP Hồ Chí Minh,Quận 7,TP Hồ Chí Minh
751,16939600.0,2017-10-31,2018-10-26,12.0,FC UP DSA TS SCORE 2 NEW- 762,40000000.0,,42200000.0,45.0,24.0,1.0,0.0,46570000.0,,1.0,0.0,1.0,2697378.0,M,36.0,,10000000.0,0.0,24000000.0,30000000.0,10000000.0,,High School,Tỉnh Nghệ An,Vinh,
4644,16766088.0,2017-10-22,2018-10-26,12.0,FC UP DSA TS SCORE 1 NEW- 761,30000000.0,1650000.0,31650000.0,35.0,24.0,,0.0,39839000.0,,1.0,0.0,1.0,1852114.0,M,35.0,,15000000.0,0.0,12000000.0,25000000.0,4000000.0,Married,High School,,An Biên,Tỉnh Kiên Giang
2531,16486059.0,2017-10-10,2018-10-26,,FC UP DSA TS SCORE 2 NEW- 762,30000000.0,1650000.0,31650000.0,45.0,24.0,,,,,,,0.0,2023033.0,,39.0,,14000000.0,0.0,,20000000.0,8000000.0,Single,High School,Thành phố Cần Thơ,Ô Môn,Thành phố Cần Thơ
621,16770527.0,,2018-10-26,12.0,,4490000.0,224500.0,4714500.0,,12.0,12.0,1.0,5824000.0,,1.0,1.0,1.0,472000.0,F,23.0,,5500000.0,0.0,750000.0,14000000.0,4000000.0,Married,High School,Tỉnh Thái Bình,Vũ Thư,Tỉnh Thái Bình
2297,16555680.0,2017-10-16,2018-10-26,,FC CD NOKIA JUNE SUB7-1684,2982000.0,196812.0,3178812.0,0.01,6.0,5.0,,3240000.0,,1.0,0.0,1.0,530000.0,M,29.0,,9000000.0,0.0,1000000.0,18000000.0,3000000.0,Married,High School,TP Hồ Chí Minh,Bình Tân,TP Hồ Chí Minh
3828,16505600.0,2017-10-10,2018-10-26,12.0,FC UP DSA TS SCORE 1 NEW- 761,,550000.0,10550000.0,35.0,,12.0,1.0,7555000.0,,1.0,1.0,1.0,617371.0,,39.0,,5000000.0,0.0,10800000.0,20000000.0,3000000.0,Married,Middle School,,,Tỉnh An Giang
566,16534163.0,2017-10-10,2018-10-26,12.0,FC TW 0% DP - 143,40000000.0,2200000.0,42200000.0,45.0,,4.0,0.0,30568000.0,,0.0,0.0,0.0,3556000.0,,27.0,,11000000.0,0.0,4000000.0,20000000.0,3500000.0,Single,,Tỉnh Quảng Ninh,Cẩm Phả,Tỉnh Quảng Ninh
1135,16846366.0,,2018-10-26,12.0,FC CD NON-PORTABLE HIGH PRICE - 802,15250000.0,762500.0,16012500.0,50.0,9.0,9.0,,19906033.0,,1.0,1.0,1.0,2170000.0,F,22.0,,9000000.0,0.0,900000.0,42000000.0,15000000.0,,Bachelor,Thành phố Hà Nội,NAM TỪ LIÊM,Thành phố Hà Nội
1204,16785370.0,2017-10-24,2018-10-26,12.0,FC CD DMX SEP OUT-1896,10390000.0,685740.0,11075740.0,0.01,6.0,6.0,1.0,11154000.0,,,1.0,1.0,1847000.0,M,44.0,4.0,,0.0,1600000.0,24000000.0,6500000.0,Married,,Thành phố Hà Nội,,Thành phố Hà Nội
1047,16550303.0,2017-10-11,2018-10-26,12.0,FC CD KEY DEALERS 1 - 811,5490000.0,274500.0,5764500.0,45.0,6.0,6.0,1.0,6618000.0,,1.0,1.0,1.0,,M,44.0,,6000000.0,0.0,1000000.0,20000000.0,3000000.0,Married,Middle School,Tỉnh Đồng Nai,Thống Nhất,Tỉnh Đồng Nai
51,16739633.0,2017-10-21,2018-10-26,12.0,FC UP DSA TS SCORE 2 NEW- 762,25000000.0,1375000.0,26375000.0,45.0,,12.0,1.0,20376000.0,,1.0,1.0,1.0,1685861.0,M,55.0,,7000000.0,0.0,,25000000.0,5000000.0,Married,Basic School,Tỉnh Sóc Trăng,Trần Đề,Tỉnh Sóc Trăng
3651,16887794.0,2017-10-26,2018-10-26,12.0,FC CD KEY DEALERS 1 - 811,2400000.0,120000.0,2520000.0,45.0,6.0,6.0,1.0,,,1.0,1.0,1.0,477000.0,M,42.0,,10000000.0,0.0,1000000.0,39000000.0,4000000.0,Other,Middle School,Tỉnh Bình Thuận,Tuy Phong,Tỉnh Bình Thuận
1044,16876271.0,2017-10-27,2018-10-26,12.0,FC CD KEY DEALERS 2 NEW- 1801,4080000.0,0.0,4080000.0,,,9.0,1.0,4840000.0,,1.0,1.0,1.0,522000.0,F,25.0,1.0,7000000.0,0.0,,17000000.0,3500000.0,Married,College,Tỉnh Nam Định,,Tỉnh Nam Định
2181,16356699.0,,2018-10-26,,FC UP DSA TS SCORE 3- 541,,550000.0,10550000.0,,12.0,11.0,0.0,14769000.0,,1.0,0.0,1.0,1190252.0,F,23.0,,8000000.0,0.0,9600000.0,25000000.0,,,College,Tỉnh Bình Dương,Thuận An,Tỉnh Bình Dương
2688,16809258.0,2017-10-21,2018-10-26,12.0,FC UP DSA TS SCORE 3- 541,25000000.0,1375000.0,26375000.0,59.99,24.0,7.0,0.0,13456000.0,,0.0,0.0,0.0,1911265.0,M,29.0,,10000000.0,0.0,12000000.0,39000000.0,6000000.0,Married,Middle School,Tỉnh An Giang,Châu Đốc,Tỉnh An Giang
534,16768324.0,2017-10-20,,12.0,FC CD KEY DEALERS 1 - 811,6290000.0,,6604500.0,45.0,6.0,6.0,,,,1.0,1.0,1.0,1250000.0,M,39.0,,6000000.0,0.0,700000.0,24000000.0,2800000.0,Married,Middle School,Tỉnh Bình Thuận,Đức Linh,Tỉnh Bình Thuận
3184,16551319.0,,,12.0,FC UP DSA TS SCORE 3- 541,25000000.0,1375000.0,,59.99,24.0,5.0,0.0,6361000.0,,0.0,0.0,0.0,1911265.0,F,49.0,,6000000.0,0.0,18000000.0,15000000.0,5000000.0,Married,,Tỉnh An Giang,Chợ Mới,Tỉnh An Giang
3857,16762173.0,2017-10-22,2018-10-26,12.0,FC UP L.G 1 TSA SCORE NEW- 616,30000000.0,1650000.0,31650000.0,33.5,30.0,12.0,1.0,19008000.0,,1.0,1.0,1.0,1571579.0,M,48.0,,10000000.0,0.0,18000000.0,19000000.0,4000000.0,Married,High School,Tỉnh Hải Dương,Ninh Giang,Tỉnh Hải Dương
443,16527838.0,2017-10-12,2018-10-26,12.0,FC CD KEY DEALERS 2 NEW- 1801,4312000.0,215600.0,4527600.0,35.0,9.0,9.0,1.0,5321000.0,,1.0,1.0,1.0,580000.0,M,,1.0,,0.0,1000000.0,15000000.0,3000000.0,Married,Middle School,Tỉnh Đăk Lăk,Buôn Ma Thuột,Tỉnh Đăk Lăk
3604,16394163.0,2017-10-04,2018-10-26,,FC TW 0% DP - 143,12000000.0,660000.0,,45.0,6.0,6.0,1.0,14450000.0,,1.0,1.0,1.0,2396000.0,M,27.0,,8000000.0,0.0,400000.0,,1800000.0,Married,Middle School,Tỉnh Tuyên Quang,Yên Sơn,Tỉnh Tuyên Quang
195,16365182.0,2017-10-02,2018-10-26,12.0,FC UP SUR INS 37 NEW- 612,40000000.0,,,37.0,36.0,2.0,,45630000.0,,,0.0,1.0,,M,29.0,,15000000.0,0.0,18000000.0,30000000.0,,Single,Master Degree,Tỉnh Quảng Ninh,Cẩm Phả,Tỉnh Quảng Ninh
1115,16456167.0,2017-10-05,2018-10-26,12.0,FC CD NOKIA JUNE SUB7-1684,3913000.0,258258.0,4171258.0,0.01,6.0,6.0,1.0,4248000.0,,1.0,1.0,,,,23.0,,4000000.0,,1000000.0,,4000000.0,Single,,Tỉnh Bình Định,,Tỉnh Bình Định
765,16617030.0,2017-10-14,2018-10-26,12.0,FC UP L@W-TOP EMPLOYER-SOURCE 2-383,15000000.0,825000.0,15825000.0,35.0,24.0,12.0,1.0,11256000.0,,1.0,1.0,1.0,926057.0,M,28.0,,3928000.0,0.0,7200000.0,10200000.0,2900000.0,,Middle School,,TP. Cao Lãnh,Tỉnh Đồng Tháp
1945,16513686.0,2017-10-10,2018-10-26,12.0,FC UP DSA TS SCORE 3- 541,20000000.0,1100000.0,21100000.0,59.99,24.0,13.0,1.0,20046000.0,,1.0,1.0,1.0,1529012.0,M,36.0,,8000000.0,0.0,12000000.0,17000000.0,2500000.0,Married,Middle School,Tỉnh Lâm Đồng,Bảo Lâm,Tỉnh Lâm Đồng
3247,16737008.0,2017-10-25,2018-10-26,12.0,,27000000.0,1485000.0,28485000.0,47.0,24.0,12.0,1.0,,9.087629037585199e-05,0.0,0.0,1.0,1852335.0,M,31.0,,5316000.0,0.0,9600000.0,20000000.0,2500000.0,,Middle School,Tỉnh Đồng Nai,Nhơn Trạch,Tỉnh Đồng Nai
3002,16711205.0,2017-10-19,,12.0,FC TW PLATINUM DP SUPER - 141,25500000.0,0.0,,35.0,12.0,7.0,0.0,30321000.0,,0.0,,0.0,2550000.0,F,23.0,1.0,12000000.0,0.0,1000000.0,,5000000.0,Civil Marriage/live-in,High School,Tỉnh Tây Ninh,Châu Thành,
1432,16845408.0,2017-10-26,2018-10-26,12.0,FC UP CAT B NEW- 610,50000000.0,2750000.0,52750000.0,47.0,30.0,11.0,0.0,33391000.0,,0.0,0.0,0.0,3019747.0,F,35.0,,11751000.0,0.0,18000000.0,30000000.0,6000000.0,Divorced,Master Degree,Thành phố Hà Nội,Chương Mỹ,Thành phố Hà Nội
4200,16538973.0,2017-10-13,2018-10-26,12.0,FC CD NK OCT IN-1925,7432000.0,490512.0,7922512.0,0.01,6.0,6.0,1.0,7995000.0,,1.0,1.0,1.0,,F,25.0,,8000000.0,0.0,3000000.0,25000000.0,6000000.0,Married,College,TP Hồ Chí Minh,Quận 2,TP Hồ Chí Minh
3095,16627944.0,2017-10-13,2018-10-26,,FC UP SUR INS 37 NEW- 612,20000000.0,1100000.0,,37.0,24.0,13.0,1.0,16497000.0,,1.0,1.0,1.0,1257111.0,M,50.0,,7000000.0,0.0,7200000.0,42000000.0,5000000.0,Married,Middle School,Tỉnh Tiền Giang,,Tỉnh Tiền Giang
2922,16945724.0,2017-10-30,2018-10-26,12.0,FC CD SAMSUNG OCT IN-1914,4543000.0,,4842838.0,0.01,6.0,6.0,1.0,4920000.0,,1.0,1.0,1.0,808000.0,M,40.0,,9000000.0,0.0,1000000.0,20000000.0,1800000.0,Divorced,High School,TP Hồ Chí Minh,Củ Chi,TP Hồ Chí Minh
644,16863683.0,2017-10-28,2018-10-26,12.0,FC UP L.G 2 TSA SCORE NEW- 617,10000000.0,550000.0,10550000.0,44.5,24.0,11.0,0.0,7506000.0,,0.0,0.0,0.0,671434.0,M,27.0,,8000000.0,0.0,9600000.0,,6500000.0,Married,High School,Tỉnh Phú Thọ,Việt Trì,Tỉnh Phú Thọ
1049,16766801.0,2017-10-21,2018-10-26,12.0,,4893000.0,322938.0,5215938.0,0.01,6.0,6.0,1.0,5280000.0,,1.0,1.0,1.0,870000.0,F,27.0,,5000000.0,0.0,700000.0,12000000.0,3200000.0,Married,High School,Tỉnh Thái Bình,Thái Thụy,Tỉnh Thái Bình
3745,16407249.0,2017-10-06,2018-10-26,12.0,FC UP L.G 1 TSA SCORE NEW- 616,15000000.0,825000.0,15825000.0,33.5,30.0,12.0,1.0,9576000.0,,1.0,1.0,1.0,785790.0,F,46.0,,,0.0,6000000.0,35000000.0,5000000.0,Married,Middle School,Tỉnh Sóc Trăng,Sóc Trăng,Tỉnh Sóc Trăng
4093,16628744.0,2017-10-20,2018-10-26,12.0,FC CD NONKEY MAR SUB4.4-1496,8000000.0,528000.0,8528000.0,0.01,6.0,7.0,1.0,8574000.0,,,1.0,,1422000.0,F,44.0,4.0,6000000.0,0.0,600000.0,30000000.0,4000000.0,Married,High School,Tỉnh Nghệ An,Yên Thành,Tỉnh Nghệ An
4403,16387999.0,2017-10-03,2018-10-26,12.0,FC UP L.G 2 TSA SCORE NEW- 617,10000000.0,550000.0,10550000.0,44.5,12.0,4.0,0.0,10223000.0,,0.0,,0.0,1105184.0,,45.0,,12000000.0,0.0,18000000.0,,5000000.0,Other,High School,Tỉnh Bắc Ninh,Từ Sơn,
120,16555458.0,2017-10-12,2018-10-26,12.0,FC UP DSA TS SCORE 1 NEW- 761,30000000.0,1650000.0,31650000.0,35.0,24.0,4.0,0.0,5592000.0,,0.0,,0.0,1852114.0,M,28.0,,7000000.0,0.0,7200000.0,25000000.0,3000000.0,Married,High School,Tỉnh Bến Tre,,Tỉnh Bến Tre
2052,16513625.0,2017-10-10,2018-10-26,12.0,FC UP DSA TS SCORE 1 NEW- 761,50000000.0,2750000.0,52750000.0,35.0,30.0,12.0,1.0,,0.0763197172029646,0.0,0.0,0.0,2662357.0,M,,,25000000.0,0.0,12000000.0,40000000.0,5000000.0,Married,Master Degree,Tỉnh Phú Thọ,Tam Nông,Tỉnh Phú Thọ
4258,16757860.0,,2018-10-26,12.0,FC CD NOKIA JUNE SUB7-1684,3913000.0,258258.0,4171258.0,,6.0,6.0,1.0,4243380.0,,1.0,1.0,1.0,696000.0,,29.0,1.0,5825000.0,0.0,1000000.0,20000000.0,2500000.0,Married,College,Tỉnh Lào Cai,Lào Cai,Tỉnh Lào Cai
4888,16884831.0,2017-10-26,2018-10-26,12.0,FC CD DMX SEP OUT-1896,8622000.0,569052.0,9191052.0,0.01,6.0,6.0,1.0,9266000.0,,1.0,1.0,1.0,1532000.0,M,20.0,,7000000.0,0.0,900000.0,,3600000.0,Single,College,Tỉnh Thái Nguyên,Thái Nguyên,Tỉnh Thái Nguyên
4334,16443240.0,,2018-10-26,12.0,FC CD N-PORT DP0 LP NEW-1852,3200000.0,160000.0,3360000.0,65.0,12.0,12.0,1.0,,,1.0,1.0,1.0,389000.0,M,28.0,,5000000.0,0.0,1000000.0,14000000.0,4000000.0,Married,,Tỉnh Cà Mau,Cà Mau,Tỉnh Cà Mau
4691,16664740.0,2017-10-17,2018-10-26,12.0,FC CD OPPO JULY OUT-1790,4893000.0,322938.0,5215938.0,0.01,6.0,,1.0,5332000.0,,1.0,,1.0,870000.0,F,40.0,,10000000.0,0.0,1000000.0,18000000.0,4500000.0,Married,High School,Thành phố Hà Nội,Mê Linh,Thành phố Hà Nội
134,16353849.0,2017-10-03,,12.0,FC UP DSA TS SCORE 2 NEW- 762,20000000.0,1100000.0,21100000.0,45.0,18.0,13.0,1.0,21373897.0,,1.0,1.0,1.0,1633069.0,M,39.0,,7000000.0,0.0,18000000.0,12000000.0,6000000.0,Divorced,Middle School,Tỉnh Sóc Trăng,Châu Thành,
2460,16837340.0,,2018-10-26,12.0,,4000000.0,200000.0,4200000.0,35.0,9.0,9.0,1.0,4985000.0,,1.0,1.0,1.0,538000.0,,20.0,,5000000.0,0.0,1500000.0,25000000.0,10000000.0,Single,High School,Tỉnh Tiền Giang,,Tỉnh Tiền Giang
1954,16365121.0,2017-10-04,2018-10-26,12.0,FC UP SUR BIKE PLUS NEW- 618,20000000.0,1100000.0,21100000.0,47.0,24.0,6.0,0.0,8310000.0,,0.0,0.0,0.0,1372100.0,M,26.0,,8000000.0,0.0,,25000000.0,,Single,High School,Tỉnh Bạc Liêu,Vĩnh Lợi,Tỉnh Bạc Liêu
2463,,2017-10-03,2018-10-26,12.0,FC CD OPPO JULY OUT-1791,5994000.0,395604.0,6389604.0,0.01,6.0,6.0,1.0,6474000.0,,1.0,1.0,1.0,1065000.0,M,35.0,1.0,10000000.0,0.0,1500000.0,22000000.0,6000000.0,Married,High School,TP Hồ Chí Minh,Bình Chánh,TP Hồ Chí Minh
184,,2017-10-03,2018-10-26,12.0,FC UP L.G 1 TSA SCORE NEW- 616,40000000.0,2200000.0,42200000.0,33.5,30.0,7.0,0.0,12948000.0,,0.0,,0.0,2095439.0,M,53.0,,15000000.0,,36000000.0,35000000.0,9000000.0,Married,High School,Tỉnh Bắc Giang,Bắc Giang,Tỉnh Bắc Giang
1392,,2017-10-31,2018-10-26,12.0,FC UP SUR BIKE PLUS NEW- 618,20000000.0,1100000.0,21100000.0,,12.0,11.0,0.0,24750000.0,,0.0,0.0,0.0,2237394.0,,25.0,,7000000.0,0.0,18000000.0,18000000.0,,,High School,Tỉnh Khánh Hòa,Nha Trang,Tỉnh Khánh Hòa
2276,16976095.0,2017-10-31,2018-10-26,,FC CD DMX SEP IN-1899,8490000.0,560340.0,9050340.0,0.01,,6.0,1.0,9126000.0,,,1.0,1.0,1509000.0,F,31.0,,7500000.0,0.0,1000000.0,16000000.0,5000000.0,Civil Marriage/live-in,Middle School,TP Hồ Chí Minh,Quận 12,TP Hồ Chí Minh
511,16587893.0,2017-10-12,2018-10-26,12.0,FC CD NONKEY FEB SUB7.2-1425,8000000.0,528000.0,8528000.0,0.01,6.0,4.0,0.0,8601000.0,,1.0,0.0,1.0,1422000.0,M,,,7000000.0,0.0,800000.0,12000000.0,2000000.0,Married,High School,Thành phố Hải Phòng,Vĩnh Bảo,
4729,16792584.0,,2018-10-26,12.0,FC CD PORT LP NEW-1848,6600000.0,330000.0,6930000.0,65.0,9.0,,1.0,9032508.0,,1.0,1.0,1.0,994000.0,F,26.0,,6000000.0,0.0,700000.0,13000000.0,,Civil Marriage/live-in,College,,Thanh Hóa,Tỉnh Thanh Hóa
4054,16764542.0,2017-10-23,2018-10-26,12.0,FC CD KEY DEALERS 2 NEW- 1801,,174500.0,3664500.0,35.0,9.0,9.0,1.0,4329000.0,,,1.0,1.0,469000.0,M,23.0,,9000000.0,0.0,1000000.0,20000000.0,3000000.0,,College,TP Hồ Chí Minh,Quận 12,TP Hồ Chí Minh
3137,16446690.0,2017-10-06,2018-10-26,12.0,FC UP L.G 3 TSA SCORE- 541,10000000.0,,10550000.0,59.99,,10.0,0.0,14483764.0,,1.0,0.0,1.0,1190252.0,F,40.0,,6000000.0,0.0,12000000.0,,3500000.0,Married,,Tỉnh An Giang,Long Xuyên,Tỉnh An Giang
2669,16487007.0,2017-10-10,2018-10-26,12.0,FC UP DSA TS SCORE 2 NEW- 762,30000000.0,1650000.0,31650000.0,45.0,,,1.0,29538603.0,,1.0,1.0,1.0,2449603.0,F,24.0,,9000000.0,,12000000.0,20000000.0,4000000.0,Married,High School,Tỉnh Gia Lai,Chư Prông,Tỉnh Gia Lai
4773,16783780.0,2017-10-23,2018-10-26,12.0,FC TW PLATINUM DP SUPER - 141,40000000.0,0.0,40000000.0,35.0,12.0,12.0,1.0,48126000.0,,1.0,,1.0,3999000.0,F,36.0,2.0,20000000.0,0.0,1000000.0,20000000.0,,Divorced,High School,,Tân Biên,Tỉnh Tây Ninh
4861,16674042.0,2017-10-19,2018-10-26,12.0,FC CD KEY DEALERS 1 - 811,2400000.0,120000.0,2520000.0,45.0,6.0,6.0,1.0,2934000.0,,1.0,1.0,1.0,477000.0,M,41.0,2.0,7000000.0,0.0,1000000.0,23000000.0,5000000.0,Civil Marriage/live-in,High School,Tỉnh Tây Ninh,Tân Châu,Tỉnh Tây Ninh
2117,16978105.0,2017-10-30,2018-10-26,12.0,FC UP L.G 2 TSA SCORE NEW- 617,15000000.0,825000.0,15825000.0,44.5,24.0,,1.0,12220000.0,,1.0,1.0,1.0,,,25.0,,9000000.0,0.0,12000000.0,20000000.0,4000000.0,,Working Cerfiticate,Tỉnh Bắc Ninh,Tiên Du,Tỉnh Bắc Ninh
251,16777378.0,,2018-10-26,12.0,FC UP DSA TS SCORE 2 NEW- 762,,2200000.0,42200000.0,45.0,24.0,12.0,1.0,32520000.0,,1.0,1.0,1.0,2697378.0,F,32.0,,12000000.0,0.0,12000000.0,22000000.0,4000000.0,Married,Middle School,Tỉnh Bình Phước,Lộc Ninh,Tỉnh Bình Phước
3526,16747473.0,2017-10-19,2018-10-26,12.0,FC TW ATTRACTIVE NEW - 151,,1650000.0,,45.0,24.0,12.0,1.0,26724000.0,,1.0,1.0,1.0,2215000.0,F,,,8000000.0,0.0,500000.0,,2000000.0,Divorced,High School,,Bình Đại,Tỉnh Bến Tre
3559,16965341.0,2017-10-31,2018-10-26,12.0,FC CD DMX SEP OUT-1896,3234000.0,213444.0,3447444.0,,6.0,6.0,1.0,3522000.0,,1.0,1.0,1.0,575000.0,F,39.0,,6000000.0,0.0,1000000.0,20000000.0,3000000.0,Married,Basic School,Tỉnh Trà Vinh,Cầu Ngang,Tỉnh Trà Vinh
4011,,2017-10-10,2018-10-26,12.0,FC UP DSA TS SCORE 1 NEW- 761,50000000.0,2750000.0,52750000.0,35.0,24.0,12.0,1.0,37200000.0,,1.0,1.0,1.0,3086857.0,M,54.0,,13000000.0,0.0,18000000.0,33000000.0,3500000.0,Married,Middle School,,Buôn Ma Thuột,Tỉnh Đắk Lắk
1507,16625630.0,2017-10-19,,,FC UP CAT B NEW- 610,30000000.0,1650000.0,31650000.0,,,,0.0,21240381.0,,0.0,,0.0,1920127.0,F,38.0,,,0.0,12000000.0,20000000.0,5000000.0,Married,High School,Tỉnh Tiền Giang,Chợ Gạo,Tỉnh Tiền Giang
122,16558875.0,2017-10-15,,12.0,,10000000.0,550000.0,10550000.0,47.0,12.0,12.0,1.0,13556667.0,,1.0,1.0,1.0,1118697.0,M,27.0,,7692000.0,0.0,9600000.0,17000000.0,4000000.0,Married,High School,Tỉnh Tiền Giang,Gò Công Đông,Tỉnh Tiền Giang
4259,,2017-10-17,2018-10-26,12.0,FC CD MBW OCT OUT-1916,4495000.0,,4791670.0,0.01,9.0,9.0,1.0,4905000.0,,1.0,1.0,1.0,533000.0,M,28.0,,10000000.0,0.0,2000000.0,10000000.0,2000000.0,Married,Middle School,Tỉnh Đồng Tháp,Thanh Bình,Tỉnh Đồng Tháp
3333,16850156.0,2017-10-26,2018-10-26,,FC UP DSA TS SCORE 2 NEW- 762,25000000.0,1375000.0,26375000.0,45.0,24.0,12.0,1.0,20378722.0,,1.0,,1.0,1685861.0,F,43.0,,6000000.0,,12000000.0,20000000.0,5000000.0,Married,Working Cerfiticate,Tỉnh Yên Bái,Yên Bình,
1871,16699730.0,2017-10-18,2018-10-26,12.0,FC CD KEY DEALERS 1 - 811,2890000.0,144500.0,3034500.0,45.0,,2.0,0.0,,,0.0,0.0,0.0,575000.0,F,46.0,,5000000.0,,800000.0,15000000.0,2400000.0,Married,College,Tỉnh Thái Bình,Thái Bình,Tỉnh Thái Bình
3692,16816436.0,2017-10-23,2018-10-26,12.0,FC TW 0% DP - 143,26300000.0,1446500.0,27746500.0,45.0,12.0,12.0,1.0,35576000.0,,1.0,1.0,1.0,2914000.0,F,33.0,3.0,5000000.0,0.0,1500000.0,19000000.0,9000000.0,Married,High School,Thành phố Cần Thơ,Thốt Nốt,Thành phố Cần Thơ
567,,2017-10-13,2018-10-26,12.0,FC CD OPPO JULY OUT-1790,4893000.0,322938.0,5215938.0,0.01,6.0,6.0,1.0,5288000.0,,1.0,,1.0,870000.0,M,26.0,,7000000.0,0.0,,22000000.0,,Married,High School,Tỉnh Quảng Trị,Đông Hà,Tỉnh Quảng Trị
1371,,2017-10-15,2018-10-26,12.0,FC UP EVN CLASSIC - 292,12000000.0,660000.0,12660000.0,60.0,18.0,12.0,1.0,,,1.0,1.0,1.0,1083015.0,F,54.0,,5000000.0,0.0,8400000.0,16000000.0,2300000.0,Civil Marriage/live-in,Middle School,Tỉnh Bình Dương,Thuận An,Tỉnh Bình Dương
3185,16526042.0,2017-10-11,2018-10-26,12.0,FC UP SUR BIKE PLUS NEW- 618,20000000.0,1100000.0,21100000.0,47.0,24.0,12.0,1.0,16612000.0,,1.0,1.0,1.0,1372100.0,M,20.0,,,,12000000.0,25000000.0,3000000.0,Single,High School,Tỉnh Đồng Nai,Biên Hòa,Tỉnh Đồng Nai
3955,16638411.0,2017-10-20,2018-10-26,12.0,FC UP DSA TS SCORE 2 NEW- 762,15000000.0,0.0,15000000.0,45.0,18.0,,,,,,,,1160949.0,M,21.0,,9000000.0,0.0,12000000.0,20000000.0,7000000.0,Single,High School,,Trảng Bom,Tỉnh Đồng Nai
1056,16879302.0,2017-10-27,2018-10-26,12.0,FC CD KEY DEALERS 2 NEW- 1801,4940000.0,247000.0,5187000.0,,9.0,5.0,0.0,3380000.0,,0.0,0.0,0.0,664000.0,M,45.0,,,0.0,1000000.0,20000000.0,5000000.0,Civil Marriage/live-in,High School,Tỉnh Quảng Trị,Đông Hà,Tỉnh Quảng Trị
856,16441503.0,2017-10-05,2018-10-26,12.0,FC UP L.G 2 TSA SCORE- 535,15000000.0,825000.0,,42.5,18.0,13.0,1.0,15799000.0,,1.0,1.0,1.0,1203950.0,M,31.0,,9000000.0,0.0,24000000.0,,3000000.0,Single,High School,Tỉnh Trà Vinh,Càng Long,Tỉnh Trà Vinh
3838,16804639.0,2017-10-28,2018-10-26,,FC UP L.G 1 TSA SCORE NEW- 616,15000000.0,825000.0,15825000.0,33.5,24.0,12.0,,11110000.0,,1.0,1.0,1.0,913580.0,M,24.0,,10000000.0,0.0,36000000.0,10000000.0,3000000.0,Single,Middle School,,Tiên Du,Tỉnh Bắc Ninh
2860,16885961.0,2017-10-29,2018-10-26,12.0,FC CD PORT LP NEW-1848,6990000.0,349500.0,7339500.0,65.0,6.0,6.0,1.0,,,1.0,1.0,1.0,1465335.0,M,22.0,,9000000.0,0.0,6000000.0,20000000.0,500000.0,Single,College,TP Hồ Chí Minh,Tân Bình,TP Hồ Chí Minh
4769,16659677.0,2017-10-17,2018-10-26,,FC CD NON-PORTABLE LOW PRICE - 801,5490000.0,274500.0,5764500.0,65.0,,5.0,0.0,5815000.0,,,0.0,0.0,1151000.0,,24.0,0.0,7500000.0,0.0,,28000000.0,3500000.0,Single,Middle School,TP Hồ Chí Minh,Hóc Môn,TP Hồ Chí Minh
776,16332644.0,2017-10-09,2018-10-26,12.0,FC UP CAT B NEW- 610,40000000.0,2200000.0,,47.0,30.0,12.0,1.0,29135798.0,,1.0,1.0,,2415798.0,F,32.0,,8800000.0,0.0,9600000.0,15000000.0,4000000.0,Married,Middle School,Tỉnh Bình Dương,Thuận An,Tỉnh Bình Dương
720,16527664.0,2017-10-12,2018-10-26,12.0,FC UP DSA TS SCORE 1 NEW- 761,30000000.0,1650000.0,31650000.0,,24.0,12.0,1.0,22357368.0,,1.0,1.0,1.0,1852114.0,F,24.0,,10000000.0,0.0,24000000.0,22000000.0,6000000.0,Married,College,Tỉnh Hải Dương,Kim Thành,Tỉnh Hải Dương
2710,16310601.0,2017-10-03,2018-10-26,12.0,FC UP DSA TS SCORE 2 NEW- 762,,,26375000.0,45.0,24.0,13.0,1.0,,,1.0,1.0,,1685861.0,F,28.0,,15000000.0,0.0,24000000.0,40000000.0,8000000.0,Married,Middle School,Tỉnh Tây Ninh,Châu Thành,Tỉnh Tây Ninh
2654,16572914.0,,2018-10-26,12.0,FC UP SUR INS 37 NEW- 612,30000000.0,0.0,30000000.0,37.0,36.0,13.0,1.0,18282000.0,,1.0,1.0,1.0,1391253.0,F,36.0,,15000000.0,0.0,18000000.0,,5000000.0,Married,Master Degree,TP Hồ Chí Minh,Tân Bình,
4877,16690407.0,2017-10-24,2018-10-26,12.0,FC CD KEY DEALERS 2 NEW- 1801,14490000.0,724500.0,15214500.0,35.0,12.0,,0.0,16863000.0,,0.0,0.0,0.0,,F,40.0,1.0,8500000.0,,,25000000.0,5000000.0,Married,Middle School,TP Hồ Chí Minh,Quận 11,TP Hồ Chí Minh
602,16505802.0,2017-10-17,2018-10-26,12.0,FC CD OPPO 10 KD OCT OUT-1943,4221000.0,0.0,4221000.0,17.7,10.0,10.0,1.0,,,1.0,1.0,1.0,,F,52.0,,5000000.0,0.0,,20000000.0,4000000.0,Married,Middle School,Tỉnh Đồng Nai,Định Quán,Tỉnh Đồng Nai
3822,16754876.0,2017-10-21,2018-10-26,12.0,FC UP DSA TS SCORE 1 NEW- 761,40000000.0,2200000.0,42200000.0,35.0,24.0,,1.0,29775000.0,,1.0,1.0,1.0,2469486.0,M,35.0,,8000000.0,0.0,18000000.0,25000000.0,5000000.0,Single,Basic School,,Long Phú,Tỉnh Sóc Trăng
1244,16822314.0,2017-10-25,2018-10-26,12.0,FC CD KEY DEALERS 2 NEW- 1801,6990000.0,349500.0,7339500.0,35.0,9.0,9.0,1.0,8646000.0,,1.0,1.0,,939000.0,F,36.0,2.0,9000000.0,0.0,600000.0,20000000.0,3000000.0,Married,Middle School,Tỉnh Bà Rịa - Vũng Tàu,Vũng Tàu,
4845,16612174.0,2017-10-12,2018-10-26,12.0,FC CD PORT LP NEW-1848,2400000.0,120000.0,2520000.0,65.0,6.0,,1.0,3090000.0,,1.0,1.0,1.0,504000.0,M,55.0,1.0,,0.0,1000000.0,20000000.0,4000000.0,Married,Basic School,Tỉnh An Giang,Phú Tân,Tỉnh An Giang
4841,16723518.0,2017-10-19,2018-10-26,12.0,FC TW UB 1 - 156,8000000.0,400000.0,8400000.0,80.0,12.0,12.0,1.0,12612000.0,,1.0,1.0,1.0,,,34.0,,8000000.0,0.0,1000000.0,25000000.0,3000000.0,Single,College,Thành phố Đà Nẵng,Thanh Khê,Thành phố Đà Nẵng
318,16832146.0,,2018-10-26,12.0,,10000000.0,500000.0,10500000.0,68.0,6.0,6.0,1.0,12947000.0,,1.0,1.0,1.0,,F,38.0,,9000000.0,0.0,700000.0,25000000.0,1500000.0,Married,Middle School,Tỉnh Bình Dương,Dĩ An,Tỉnh Bình Dương
828,16737526.0,,,12.0,FC UP DSA TS SCORE 2 NEW- 762,25000000.0,1375000.0,26375000.0,45.0,24.0,14.0,,20374861.0,,1.0,1.0,1.0,1685861.0,M,24.0,,8000000.0,,12000000.0,18000000.0,5000000.0,Single,High School,Tỉnh Gia Lai,Chư Prông,Tỉnh Gia Lai
3263,16767708.0,2017-10-27,2018-10-26,12.0,FC UP PL GOV EMPLOYEE 2 - 480,25000000.0,1375000.0,26375000.0,35.0,24.0,11.0,,17110432.0,,0.0,0.0,0.0,1543429.0,M,28.0,,4955000.0,0.0,18000000.0,40000000.0,6000000.0,Married,College,Tỉnh Phú Yên,Sơn Hòa,Tỉnh Phú Yên
274,16635637.0,2017-10-19,2018-10-26,12.0,,40000000.0,0.0,40000000.0,37.0,36.0,11.0,0.0,20537000.0,,0.0,0.0,0.0,1855004.0,M,41.0,,12000000.0,0.0,12000000.0,20000000.0,3000000.0,Civil Marriage/live-in,Middle School,Tỉnh Đắk Lắk,Krông Pắk,
2664,,2017-10-06,2018-10-26,12.0,FC UP DSA TS SCORE 2 NEW- 762,40000000.0,2200000.0,42200000.0,45.0,24.0,,1.0,32380000.0,,1.0,1.0,1.0,2697378.0,M,34.0,,12000000.0,0.0,8400000.0,20000000.0,,Married,Middle School,Tỉnh Đồng Nai,Tân Phú,Tỉnh Đồng Nai
549,16530043.0,2017-10-14,2018-10-26,12.0,FC CD NOKIA JUNE SUB7-1684,2982000.0,196812.0,3178812.0,0.01,6.0,6.0,1.0,3252000.0,,1.0,1.0,1.0,530000.0,M,48.0,,12000000.0,0.0,2400000.0,18000000.0,8000000.0,Married,Working Cerfiticate,Thành phố Đà Nẵng,,Thành phố Đà Nẵng
3641,16949313.0,2017-10-31,,12.0,,2630000.0,131500.0,2761500.0,45.0,6.0,6.0,1.0,3223000.0,,1.0,1.0,1.0,523000.0,M,,,7560000.0,0.0,1230000.0,14320000.0,5630000.0,Married,College,Thành phố Hải Phòng,Đồ Sơn,Thành phố Hải Phòng
4053,16510490.0,2017-10-10,2018-10-26,12.0,FC CD VTA JULY OUT-1692,5243000.0,346038.0,5589038.0,0.01,6.0,6.0,1.0,5664000.0,,1.0,,,932000.0,M,,,10000000.0,0.0,900000.0,20000000.0,4000000.0,Single,High School,Tỉnh Hải Dương,Kim Thành,Tỉnh Hải Dương
4892,16465952.0,2017-10-09,2018-10-26,12.0,FC TW LIGHT START 2 -118,15500000.0,775000.0,16275000.0,61.8,9.0,9.0,1.0,20852000.0,,1.0,1.0,1.0,2306000.0,F,46.0,,7000000.0,0.0,1200000.0,,4800000.0,Married,High School,Tỉnh Bình Định,Qui Nhơn,Tỉnh Bình Định
2934,16729723.0,2017-10-24,2018-10-26,12.0,FC CD OPPO JULY IN-1793,4893000.0,322938.0,5215938.0,0.01,6.0,6.0,1.0,5292000.0,,1.0,1.0,1.0,870000.0,F,,,7000000.0,0.0,1000000.0,23000000.0,4000000.0,Civil Marriage/live-in,College,Tỉnh Kon Tum,,Tỉnh Kon Tum
605,16708893.0,,2018-10-26,12.0,FC TW ATTRACTIVE NEW - 151,22000000.0,,,45.0,24.0,7.0,0.0,29690000.0,,1.0,0.0,1.0,1477000.0,F,27.0,,10000000.0,0.0,1000000.0,22000000.0,5000000.0,Other,High School,Tỉnh Bình Thuận,Phan Thiết,Tỉnh Bình Thuận
896,16711655.0,2017-10-17,2018-10-26,12.0,FC UP DSA TS SCORE 1 NEW- 761,,825000.0,15825000.0,35.0,18.0,,0.0,10390668.0,,0.0,0.0,0.0,1142524.0,F,52.0,,15000000.0,0.0,12000000.0,40000000.0,5000000.0,Married,High School,Thành phố Hà Nội,Hoàng Mai,Thành phố Hà Nội
527,16978931.0,2017-10-31,2018-10-26,12.0,FC CD KEY DEALERS 2 NEW- 1801,3490000.0,174500.0,3664500.0,35.0,9.0,8.0,0.0,4332000.0,,,0.0,1.0,469000.0,M,34.0,,10000000.0,,1100000.0,35000000.0,,Married,College,Tỉnh Khánh Hòa,Nha Trang,Tỉnh Khánh Hòa
4607,16561226.0,2017-10-12,2018-10-26,12.0,FC UP L.G 3 TSA SCORE- 541,25000000.0,1375000.0,26375000.0,59.99,24.0,8.0,0.0,37373000.0,,1.0,,1.0,1911265.0,M,44.0,,,,12000000.0,27000000.0,,Married,Middle School,Tỉnh Long An,Châu Thành,Tỉnh Long An
2347,16636796.0,2017-10-17,2018-10-26,12.0,FC CD VIETTEL JULY IN-1741,2793000.0,184338.0,2977338.0,0.01,6.0,6.0,1.0,3054000.0,,1.0,1.0,,497000.0,F,36.0,,,0.0,1500000.0,10000000.0,3000000.0,Divorced,High School,Tỉnh Quảng Nam,Điện Bàn,Tỉnh Quảng Nam
3439,16586013.0,2017-10-12,2018-10-26,,FC CD NONKEY MAR SUB9.7-1516,36000000.0,0.0,36000000.0,0.01,9.0,9.0,1.0,36148000.0,,1.0,1.0,1.0,4001000.0,,26.0,,,0.0,1000000.0,8000000.0,1000000.0,Single,Bachelor,Tỉnh Thừa Thiên - Huế,Huế,Tỉnh Thừa Thiên - Huế
4998,16410127.0,2017-10-03,2018-10-26,12.0,,2550000.0,127500.0,,65.0,6.0,6.0,1.0,3282000.0,,1.0,,1.0,535000.0,F,35.0,3.0,6000000.0,0.0,2000000.0,15000000.0,5000000.0,Married,Basic School,Tỉnh Bạc Liêu,,Tỉnh Bạc Liêu
4826,16692726.0,2017-10-18,2018-10-26,12.0,FC CD PORT LP NEW-1848,6040000.0,302000.0,6342000.0,65.0,6.0,6.0,1.0,7674000.0,,,1.0,1.0,1267000.0,M,33.0,1.0,,0.0,2000000.0,16000000.0,4000000.0,,Middle School,TP Hồ Chí Minh,Quận 9,TP Hồ Chí Minh
3922,16519405.0,2017-10-11,2018-10-26,12.0,FC UP L.G 1 TSA SCORE NEW- 616,10000000.0,550000.0,10550000.0,33.5,12.0,12.0,,12707000.0,,1.0,1.0,1.0,1046737.0,F,49.0,,4000000.0,0.0,,19000000.0,4000000.0,Civil Marriage/live-in,Working Cerfiticate,Tỉnh Quảng Trị,Vĩnh Linh,Tỉnh Quảng Trị
298,16918086.0,2017-10-27,2018-10-26,12.0,FC CD DMX SEP IN-1899,5310000.0,350460.0,5660460.0,,6.0,6.0,,5736000.0,,1.0,1.0,,944000.0,M,42.0,,11000000.0,0.0,900000.0,20000000.0,4500000.0,,,Tỉnh Lâm Đồng,Đà Lạt,Tỉnh Lâm Đồng
2119,16379252.0,2017-10-02,2018-10-26,12.0,FC UP L.G 1 TSA SCORE NEW- 616,20000000.0,1100000.0,21100000.0,33.5,24.0,12.0,1.0,14772000.0,,1.0,1.0,1.0,1218107.0,,26.0,,9000000.0,0.0,12000000.0,18000000.0,5000000.0,Married,Middle School,Tỉnh Bình Dương,Tân Uyên,Tỉnh Bình Dương
2536,16568685.0,2017-10-12,2018-10-26,12.0,FC UP DSA TS SCORE 2 NEW- 762,20000000.0,1100000.0,,45.0,18.0,12.0,,19729000.0,,1.0,1.0,1.0,1633069.0,F,,,7000000.0,0.0,12000000.0,25000000.0,,Married,,Tỉnh Long An,Tân An,Tỉnh Long An
4203,16693438.0,2017-10-18,2018-10-26,12.0,FC CD MBW JULY OUT-1721,5593000.0,,5962138.0,0.01,6.0,6.0,1.0,6034000.0,,1.0,1.0,1.0,994000.0,M,39.0,3.0,9000000.0,,1000000.0,20000000.0,6000000.0,Married,Middle School,TP Hồ Chí Minh,Thủ Đức,TP Hồ Chí Minh
3254,16492686.0,2017-10-10,2018-10-26,12.0,FC UP DSA TS SCORE 1 NEW- 761,30000000.0,,31650000.0,35.0,24.0,11.0,0.0,18533000.0,,0.0,0.0,0.0,1852114.0,,59.0,,8000000.0,0.0,24000000.0,20000000.0,6000000.0,Married,Basic School,Tỉnh Sóc Trăng,Long Phú,Tỉnh Sóc Trăng
3725,16881934.0,2017-10-31,2018-10-26,12.0,FC UP L.G 2 TSA SCORE NEW- 617,30000000.0,,31650000.0,44.5,24.0,11.0,0.0,22464114.0,,0.0,0.0,,2014302.0,F,25.0,,9000000.0,0.0,21600000.0,25000000.0,,Married,Working Cerfiticate,,An Lão,Thành phố Hải Phòng
1260,16479826.0,2017-10-05,2018-10-26,12.0,FC UP DSA TS SCORE 1 NEW- 761,20000000.0,1100000.0,21100000.0,35.0,24.0,12.0,1.0,14969229.0,,1.0,1.0,1.0,1234743.0,M,31.0,,,0.0,12000000.0,20000000.0,5000000.0,Married,Master Degree,Tỉnh Hải Dương,Ninh Giang,Tỉnh Hải Dương
1558,16307223.0,2017-10-03,2018-10-26,12.0,FC UP DSA TS SCORE 3- 541,25000000.0,1375000.0,26375000.0,59.99,24.0,12.0,1.0,,,1.0,1.0,,1911265.0,F,42.0,,,0.0,12000000.0,16000000.0,3000000.0,Married,Basic School,Tỉnh Bình Dương,Bến Cát,Tỉnh Bình Dương
3269,16580503.0,2017-10-15,2018-10-26,12.0,FC UP EVN VIP BUSINESS NEW- 627,40000000.0,2200000.0,42200000.0,37.0,36.0,4.0,0.0,7880000.0,,0.0,,0.0,1957030.0,M,45.0,,8000000.0,0.0,12000000.0,20000000.0,,Married,Middle School,Tỉnh Nam Định,Nam Trực,Tỉnh Nam Định
4046,16402076.0,2017-10-09,2018-10-26,12.0,FC CD STAFF LOAN LLA 0% - 853,7990000.0,0.0,7990000.0,,9.0,9.0,,8100000.0,,1.0,1.0,,888000.0,M,,,7000000.0,0.0,1000000.0,14000000.0,4000000.0,Civil Marriage/live-in,College,Tỉnh Hải Dương,,Tỉnh Hải Dương
756,16549818.0,2017-10-17,2018-10-26,12.0,,10000000.0,550000.0,10550000.0,35.0,13.0,12.0,1.0,11996000.0,,,1.0,1.0,,M,,,3000000.0,0.0,6000000.0,,500000.0,Single,High School,Tỉnh Đồng Nai,Long Khánh,Tỉnh Đồng Nai
1010,16970156.0,,2018-10-26,12.0,FC CD PORT LP NEW-1848,3500000.0,175000.0,3675000.0,65.0,6.0,6.0,1.0,4496000.0,,1.0,1.0,,734000.0,F,47.0,1.0,,0.0,1000000.0,18000000.0,4000000.0,Married,,Tỉnh Bình Dương,Bến Cát,Tỉnh Bình Dương
2794,16956121.0,2017-10-30,2018-10-26,12.0,FC TW ATTRACTIVE NEW - 151,15200000.0,760000.0,,45.0,,11.0,0.0,18568000.0,,0.0,0.0,0.0,1676000.0,M,,,9000000.0,0.0,8400000.0,20000000.0,2000000.0,,Basic School,Tỉnh Tiền Giang,Cái Bè,Tỉnh Tiền Giang
2905,16988438.0,2017-10-31,2018-10-26,12.0,FC CD DMX SEP OUT-1896,7990000.0,527340.0,8517340.0,0.01,6.0,5.0,,8720000.0,,,0.0,1.0,1420000.0,F,45.0,,10000000.0,0.0,1000000.0,20000000.0,2000000.0,Married,High School,Tỉnh Bến Tre,Ba Tri,Tỉnh Bến Tre
1870,16424730.0,2017-10-06,,12.0,FC CD KEY DEALERS 2 NEW- 1801,10490000.0,524500.0,11014500.0,35.0,9.0,9.0,1.0,12798000.0,,1.0,1.0,1.0,1410000.0,F,21.0,,7000000.0,0.0,1000000.0,19000000.0,4000000.0,Single,High School,Tỉnh Lạng Sơn,Hữu Lũng,Tỉnh Lạng Sơn
2229,16533614.0,2017-10-10,2018-10-26,12.0,,8090000.0,533940.0,8623940.0,0.01,6.0,6.0,1.0,8700000.0,,1.0,1.0,1.0,1438000.0,M,37.0,,9000000.0,0.0,700000.0,30000000.0,4000000.0,Married,High School,,Thạnh Hóa,Tỉnh Long An
1173,,,2018-10-26,12.0,,4490000.0,224500.0,4714500.0,,,8.0,0.0,5613000.0,,1.0,0.0,1.0,604000.0,M,21.0,,6000000.0,,800000.0,20000000.0,,Single,High School,Tỉnh Thái Bình,Thái Bình,Tỉnh Thái Bình
1832,16471917.0,2017-10-09,2018-10-26,12.0,FC CD NONKEY MAR SUB3.4-1495,6480000.0,,6907680.0,0.01,6.0,6.0,1.0,6984000.0,,1.0,1.0,1.0,1152000.0,,28.0,,9000000.0,0.0,1000000.0,30000000.0,5000000.0,Married,Middle School,Tỉnh Bình Thuận,,Tỉnh Bình Thuận
376,16817300.0,,2018-10-26,12.0,,17900000.0,895000.0,18795000.0,68.0,24.0,,1.0,17568000.0,,1.0,1.0,1.0,1452000.0,,32.0,,6000000.0,0.0,800000.0,21000000.0,5000000.0,Married,Basic School,Tỉnh Trà Vinh,Châu Thành,Tỉnh Trà Vinh
3853,16860663.0,2017-10-24,,12.0,FC UP DSA TS SCORE 2 NEW- 762,10000000.0,,10550000.0,45.0,13.0,12.0,1.0,12624000.0,,1.0,1.0,1.0,1040192.0,F,30.0,,3000000.0,0.0,7200000.0,25000000.0,3000000.0,Divorced,Middle School,Tỉnh An Giang,Châu Đốc,Tỉnh An Giang
3616,16979202.0,2017-10-30,2018-10-26,12.0,FC CD KEY DEALERS 1 - 811,3000000.0,150000.0,,,6.0,6.0,1.0,3654000.0,,1.0,1.0,1.0,597000.0,M,28.0,,6000000.0,0.0,1000000.0,12000000.0,4000000.0,Married,,Tỉnh Khánh Hòa,Ninh Hòa,Tỉnh Khánh Hòa
798,16617532.0,2017-10-14,,12.0,FC UP L.G 1 TSA SCORE NEW- 616,30000000.0,,31650000.0,33.5,24.0,12.0,1.0,22080000.0,,1.0,,1.0,1827160.0,M,33.0,,7000000.0,0.0,,15000000.0,5000000.0,,,Tỉnh Bình Dương,Thuận An,Tỉnh Bình Dương
378,16687091.0,2017-10-31,2018-10-26,12.0,FC CD UTILITY - 807,12000000.0,600000.0,12600000.0,60.0,8.0,4.0,0.0,7848000.0,,0.0,0.0,,1950000.0,,20.0,,9000000.0,0.0,1000000.0,,8000000.0,Single,High School,TP Hồ Chí Minh,Quận 8,TP Hồ Chí Minh
1158,16799443.0,2017-10-23,2018-10-26,12.0,FC TW 0% DP - 143,19200000.0,1056000.0,20256000.0,45.0,12.0,6.0,0.0,12840000.0,,0.0,0.0,0.0,2128000.0,F,29.0,,8000000.0,0.0,1000000.0,15000000.0,3000000.0,,,Tỉnh Yên Bái,Văn Chấn,Tỉnh Yên Bái
3819,16410854.0,,2018-10-26,,FC UP DSA TS SCORE 2 NEW- 762,40000000.0,2200000.0,42200000.0,,24.0,6.0,0.0,16256268.0,,0.0,0.0,0.0,2697378.0,M,53.0,,,0.0,13200000.0,,12000000.0,Married,High School,TP Hồ Chí Minh,Quận 6,TP Hồ Chí Minh
2792,16799945.0,2017-10-25,,12.0,FC CD FPT OCT OUT-1970,6390000.0,,6811740.0,0.01,6.0,,1.0,6884000.0,,1.0,1.0,1.0,1136000.0,,20.0,,7500000.0,0.0,,20000000.0,3500000.0,Single,High School,Tỉnh Đồng Nai,,Tỉnh Đồng Nai
2240,16825609.0,2017-10-23,2018-10-26,12.0,FC TW 0% DP - 143,38000000.0,2090000.0,40090000.0,45.0,18.0,12.0,1.0,37380000.0,,1.0,1.0,1.0,3103000.0,M,36.0,,10000000.0,0.0,,,4000000.0,Married,Basic School,Tỉnh Bình Dương,Tân Uyên,Tỉnh Bình Dương
4035,16965869.0,2017-10-31,2018-10-26,12.0,,3290000.0,,,65.0,12.0,13.0,1.0,5387000.0,,1.0,1.0,1.0,,M,42.0,,4000000.0,0.0,1000000.0,15000000.0,,Married,High School,Tỉnh Tiền Giang,Mỹ Tho,Tỉnh Tiền Giang
2662,16429159.0,2017-10-03,,12.0,FC UP L.G 1 TSA SCORE NEW- 616,30000000.0,1650000.0,,33.5,30.0,12.0,1.0,19003000.0,,1.0,,1.0,1571579.0,M,,,,0.0,24000000.0,20000000.0,5000000.0,Married,Middle School,Thành phố Hà Nội,Hoài Đức,Thành phố Hà Nội
4012,16584685.0,2017-10-13,2018-10-26,12.0,,10000000.0,550000.0,10550000.0,44.5,12.0,14.0,1.0,13218000.0,0.003333381590757689,0.0,0.0,1.0,1105184.0,,36.0,,5000000.0,0.0,10800000.0,10000000.0,5000000.0,Married,Working Cerfiticate,Tỉnh Vĩnh Long,Vĩnh Long,Tỉnh Vĩnh Long
2957,16782085.0,2017-10-20,2018-10-26,,FC CD MBW JULY OUT-1721,4683000.0,309078.0,4992078.0,0.01,6.0,6.0,1.0,5070000.0,,1.0,1.0,1.0,833000.0,F,21.0,,6500000.0,0.0,1000000.0,50000000.0,7000000.0,Single,College,Tỉnh Quảng Ngãi,Quảng Ngãi,Tỉnh Quảng Ngãi
3927,16869596.0,2017-10-29,2018-10-26,12.0,FC UP L.G 2 TSA SCORE NEW- 617,20000000.0,1100000.0,21100000.0,44.5,,11.0,0.0,18039000.0,,0.0,0.0,0.0,1627488.0,M,28.0,,7000000.0,0.0,9600000.0,11000000.0,5000000.0,Married,High School,Tỉnh Thái Bình,Vũ Thư,Tỉnh Thái Bình
1038,16475801.0,2017-10-06,2018-10-26,12.0,FC CD NK OCT IN-1925,5192000.0,342672.0,5534672.0,0.01,6.0,6.0,,5607000.0,,1.0,1.0,1.0,923000.0,M,38.0,2.0,7000000.0,0.0,800000.0,15000000.0,2000000.0,Married,High School,TP Hồ Chí Minh,Thủ Đức,TP Hồ Chí Minh
3259,16791682.0,2017-10-24,2018-10-26,12.0,FC UP DSA TS SCORE 2 NEW- 762,20000000.0,1100000.0,21100000.0,45.0,24.0,,0.0,13490000.0,,0.0,0.0,0.0,1348689.0,M,59.0,,6000000.0,,,27000000.0,,,Middle School,Tỉnh Tây Ninh,Gò Dầu,Tỉnh Tây Ninh
1344,16388064.0,2017-10-03,2018-10-26,12.0,FC UP DSA TS SCORE 2 NEW- 762,10000000.0,550000.0,10550000.0,45.0,12.0,4.0,0.0,4479520.0,,0.0,0.0,0.0,1107880.0,M,46.0,,6000000.0,,10800000.0,50000000.0,12500000.0,Married,College,Tỉnh Vĩnh Long,Long Hồ,Tỉnh Vĩnh Long
2505,16642138.0,2017-10-18,2018-10-26,12.0,FC UP EVN VIP NEW- 622,50000000.0,2750000.0,,37.0,24.0,12.0,1.0,37859778.0,,1.0,1.0,1.0,3142778.0,,48.0,,3000000.0,0.0,12000000.0,,10000000.0,Married,High School,Tỉnh Đồng Nai,Thống Nhất,Tỉnh Đồng Nai
1721,,2017-10-17,2018-10-26,12.0,FC CD KEY DEALERS 2 NEW- 1801,7990000.0,399500.0,8389500.0,35.0,,9.0,1.0,9774000.0,,1.0,,1.0,1074000.0,M,21.0,1.0,,,2000000.0,20000000.0,5000000.0,Married,High School,Tỉnh Kiên Giang,Rạch Giá,Tỉnh Kiên Giang
4663,16629384.0,2017-10-17,2018-10-26,12.0,FC UP L.G 1 TSA SCORE NEW- 616,20000000.0,1100000.0,,33.5,24.0,,1.0,14760214.0,,1.0,1.0,,,,32.0,,6000000.0,0.0,9600000.0,30000000.0,6000000.0,Single,High School,Tỉnh Đồng Nai,Định Quán,Tỉnh Đồng Nai
175,16943612.0,2017-10-29,2018-10-26,12.0,,25000000.0,1375000.0,26375000.0,44.5,24.0,11.0,0.0,18610000.0,,0.0,0.0,0.0,1678585.0,M,24.0,,10000000.0,0.0,18000000.0,20000000.0,,Single,College,Tỉnh Thanh Hóa,Tĩnh Gia,Tỉnh Thanh Hóa
4893,,2017-10-10,2018-10-26,12.0,FC CD DMX SEP IN-1899,9750000.0,,,0.01,6.0,6.0,1.0,10470000.0,,1.0,1.0,1.0,,,,1.0,10000000.0,,1000000.0,30000000.0,10000000.0,Married,Bachelor,TP Hồ Chí Minh,Bình Chánh,TP Hồ Chí Minh
1909,16429033.0,,2018-10-26,12.0,FC UP L.G 2 TSA SCORE NEW- 617,,1650000.0,31650000.0,44.5,24.0,3.0,0.0,6080000.0,,0.0,0.0,0.0,2014302.0,M,28.0,,6000000.0,0.0,24000000.0,24000000.0,4500000.0,Married,,,Mỹ Hào,Tỉnh Hưng Yên
45,,2017-10-13,2018-10-26,12.0,FC UP DSA TS SCORE 2 NEW- 762,30000000.0,,31650000.0,45.0,18.0,12.0,1.0,,,1.0,1.0,1.0,2449603.0,M,32.0,,8000000.0,0.0,12000000.0,38000000.0,2000000.0,Single,High School,Tỉnh Khánh Hòa,Ninh Hòa,Tỉnh Khánh Hòa
3409,16586170.0,2017-10-11,2018-10-26,12.0,FC CD MBW OCT OUT-1916,4495000.0,296670.0,4791670.0,0.01,,9.0,1.0,4905000.0,,1.0,1.0,1.0,533000.0,F,29.0,2.0,,,1000000.0,16000000.0,2000000.0,Married,High School,Tỉnh Đăk Nông,Đăk R Lấp,Tỉnh Đăk Nông
4674,16431889.0,2017-10-05,2018-10-26,12.0,FC TW ATTRACTIVE NEW - 151,31780000.0,1589000.0,33369000.0,45.0,24.0,2.0,0.0,4278000.0,,0.0,0.0,0.0,,F,28.0,,9000000.0,0.0,1000000.0,20000000.0,3000000.0,Divorced,Middle School,Tỉnh Bến Tre,Ba Tri,Tỉnh Bến Tre
1075,16493088.0,2017-10-06,2018-10-26,12.0,FC CD PORT LP NEW-1848,4300000.0,215000.0,4515000.0,65.0,10.0,10.0,1.0,6072909.0,,1.0,1.0,1.0,597000.0,,25.0,,10000000.0,0.0,3000000.0,25000000.0,5500000.0,Married,Middle School,Tỉnh Trà Vinh,Trà Cú,Tỉnh Trà Vinh
2829,16697254.0,2017-10-17,2018-10-26,12.0,FC CD OPPO JULY OUT-1790,4893000.0,322938.0,5215938.0,0.01,6.0,6.0,,5288090.0,,1.0,1.0,1.0,870000.0,M,39.0,2.0,12000000.0,0.0,1500000.0,18000000.0,5000000.0,Married,Working Cerfiticate,Tỉnh Bình Dương,Dĩ An,Tỉnh Bình Dương
1504,16809268.0,,2018-10-26,,FC UP DSA TS SCORE 1 NEW- 761,15000000.0,825000.0,15825000.0,,18.0,11.0,0.0,12705000.0,,,0.0,0.0,1142524.0,F,26.0,,6000000.0,0.0,,13000000.0,3000000.0,Married,Middle School,,Châu Thành,Tỉnh Tây Ninh
2309,16721655.0,,2018-10-26,12.0,FC TW PLATINUM DP -129,39000000.0,0.0,39000000.0,35.0,18.0,12.0,1.0,,,1.0,1.0,1.0,,M,47.0,,15000000.0,0.0,800000.0,30000000.0,3000000.0,Married,College,TỈNH PHÚ YÊN,Tuy Hòa,TỈNH PHÚ YÊN
1436,16433497.0,2017-10-06,2018-10-26,12.0,FC UP DSA TS SCORE 2 NEW- 762,30000000.0,1650000.0,,45.0,18.0,12.0,1.0,29400000.0,,1.0,1.0,1.0,2449603.0,M,37.0,,10000000.0,0.0,18000000.0,30000000.0,5000000.0,Married,High School,Tỉnh An Giang,Thoại Sơn,Tỉnh An Giang
2418,16849664.0,2017-10-26,2018-10-26,12.0,FC CD DMX SEP OUT-1896,3200000.0,211200.0,3411200.0,0.01,6.0,5.0,0.0,3486000.0,,1.0,0.0,1.0,569000.0,F,21.0,,6000000.0,0.0,800000.0,14000000.0,3500000.0,Married,College,Tỉnh Đồng Nai,Long Thành,Tỉnh Đồng Nai
3986,16594493.0,2017-10-13,2018-10-26,12.0,FC UP DSA TS SCORE 2 NEW- 762,15000000.0,825000.0,15825000.0,45.0,,,,19828460.0,,0.0,,1.0,1661820.0,F,56.0,,7000000.0,0.0,9600000.0,,3000000.0,,Middle School,Tỉnh Bình Định,Hoài Ân,Tỉnh Bình Định
3098,,2017-10-19,2018-10-26,12.0,FC UP L.G 2 TSA SCORE NEW- 617,15000000.0,825000.0,15825000.0,44.5,12.0,,0.0,8800000.0,,0.0,0.0,0.0,,F,21.0,,6000000.0,0.0,18000000.0,20000000.0,4500000.0,Single,High School,Tỉnh An Giang,Châu Thành,Tỉnh An Giang
4588,,2017-10-17,2018-10-26,,FC UP L.G 2 TSA SCORE NEW- 617,30000000.0,1650000.0,31650000.0,44.5,24.0,3.0,0.0,6079000.0,,0.0,0.0,0.0,2014302.0,F,58.0,,15000000.0,0.0,18000000.0,25000000.0,3000000.0,Married,High School,Thành phố Hà Nội,Phúc Thọ,
283,16660429.0,2017-10-17,2018-10-26,12.0,FC UP L.G 2 TSA SCORE NEW- 617,25000000.0,1375000.0,26375000.0,44.5,18.0,12.0,1.0,24556000.0,,,1.0,,2034360.0,F,29.0,,15000000.0,0.0,12000000.0,15000000.0,3500000.0,Divorced,College,Tỉnh Gia Lai,Pleiku,Tỉnh Gia Lai
4918,16527047.0,2017-10-10,,12.0,FC TW ATTRACTIVE NEW - 151,31000000.0,0.0,31000000.0,45.0,12.0,12.0,,39207000.0,,1.0,1.0,,,F,28.0,,9000000.0,0.0,2500000.0,46000000.0,15000000.0,Married,College,TP Hồ Chí Minh,Quận 8,TP Hồ Chí Minh
842,16842555.0,2017-10-23,2018-10-26,12.0,FC UP L.G 1 TSA SCORE NEW- 616,30000000.0,1650000.0,31650000.0,,30.0,11.0,0.0,17424000.0,,0.0,,0.0,1571579.0,M,31.0,,12000000.0,,12000000.0,,,Married,High School,Thành phố Đà Nẵng,Liên Chiểu,Thành phố Đà Nẵng
1513,16349076.0,2017-10-07,,12.0,FC UP L.G 2 TSA SCORE NEW- 617,30000000.0,,,44.5,24.0,2.0,0.0,4053302.0,,,0.0,0.0,2014302.0,F,,,,0.0,30000000.0,,7000000.0,Married,,Tỉnh Hà Nam,Thanh Liêm,Tỉnh Hà Nam
1168,16671833.0,2017-10-16,2018-10-26,12.0,FC CD KEY DEALERS 1 - 811,2290000.0,114500.0,2404500.0,45.0,6.0,6.0,1.0,2802000.0,,,1.0,1.0,455000.0,F,38.0,,5000000.0,0.0,1000000.0,10000000.0,3000000.0,Divorced,High School,Tỉnh Sơn La,Sơn La,Tỉnh Sơn La
1592,16450540.0,2017-10-05,2018-10-26,12.0,FC CD DMX SEP OUT-1896,,263472.0,4255472.0,0.01,6.0,6.0,,4332000.0,,1.0,1.0,1.0,710000.0,M,37.0,,7000000.0,,,7000000.0,800000.0,Civil Marriage/live-in,Middle School,Tỉnh Đồng Tháp,Cao Lãnh,Tỉnh Đồng Tháp
3460,16818432.0,2017-10-23,2018-10-26,12.0,,,124500.0,,65.0,6.0,6.0,1.0,3260000.0,,1.0,1.0,1.0,522000.0,M,29.0,1.0,4000000.0,0.0,1000000.0,16000000.0,4000000.0,Married,Basic School,Tỉnh Long An,Tân Hưng,Tỉnh Long An
3165,16250003.0,2017-10-03,2018-10-26,12.0,FC UP CAT B NEW- 610,30000000.0,1650000.0,,47.0,,12.0,1.0,,,1.0,1.0,1.0,1654605.0,F,,,8200000.0,0.0,12000000.0,8200000.0,1000000.0,Single,High School,Tỉnh Bình Dương,,Tỉnh Bình Dương
2284,16973432.0,,,12.0,FC CD OPPO 10 NKD OCT OUT-1944,4221000.0,278586.0,4499586.0,17.7,10.0,10.0,1.0,5000000.0,,1.0,,,488000.0,F,27.0,,7000000.0,0.0,1000000.0,13000000.0,,Married,Middle School,Tỉnh Trà Vinh,,Tỉnh Trà Vinh
3575,16677793.0,,2018-10-26,12.0,FC CD DP0 LP NEW-1851,,,3559500.0,65.0,6.0,6.0,1.0,,,1.0,1.0,1.0,711000.0,,41.0,,9000000.0,0.0,1000000.0,18000000.0,4000000.0,Married,Middle School,Tỉnh Bình Dương,Thuận An,Tỉnh Bình Dương
4870,16725382.0,2017-10-19,2018-10-26,12.0,FC CD OPPO JULY OUT-1791,6414000.0,0.0,6414000.0,0.01,,6.0,1.0,6487000.0,,1.0,1.0,1.0,1070000.0,M,21.0,,10000000.0,0.0,2000000.0,30000000.0,5000000.0,Married,College,,Krông Bông,Tỉnh Đăk Lăk
2305,16899393.0,2017-10-30,2018-10-26,12.0,FC TW PLATINUM DP EASY - 142,9000000.0,,9000000.0,45.0,12.0,11.0,0.0,11496000.0,,1.0,,1.0,,M,,,9000000.0,,1000000.0,35000000.0,15000000.0,Single,High School,TP Hồ Chí Minh,Quận 8,TP Hồ Chí Minh
952,16562482.0,2017-10-14,2018-10-26,12.0,FC CD NK OCT IN-1925,4080000.0,269280.0,4349280.0,,6.0,6.0,1.0,4422000.0,,1.0,1.0,1.0,725000.0,M,28.0,,,0.0,1000000.0,30000000.0,4000000.0,Single,,Tỉnh Bạc Liêu,Bạc Liêu,Tỉnh Bạc Liêu
4942,16398419.0,2017-10-05,,12.0,FC CD OPPO JULY OUT-1790,4893000.0,322938.0,5215938.0,0.01,6.0,6.0,1.0,5292000.0,,1.0,1.0,1.0,870000.0,F,33.0,3.0,6000000.0,0.0,,20000000.0,6000000.0,Civil Marriage/live-in,High School,TP Hồ Chí Minh,Quận 12,TP Hồ Chí Minh
3053,,2017-10-04,2018-10-26,12.0,FC CD P DP0 LP - 848,3290000.0,164500.0,3454500.0,85.0,6.0,6.0,1.0,4434000.0,,1.0,1.0,1.0,727000.0,M,45.0,2.0,6300000.0,0.0,1000000.0,14000000.0,2000000.0,Married,,Tỉnh Đồng Nai,Nhơn Trạch,Tỉnh Đồng Nai
4559,16649053.0,2017-10-18,2018-10-26,12.0,FC UP L@W-TOP EMPLOYER-SOURCE 2-383,,550000.0,10550000.0,35.0,12.0,12.0,1.0,12802050.0,,1.0,1.0,1.0,1054610.0,M,29.0,,4300000.0,0.0,9600000.0,14300000.0,2500000.0,Married,Middle School,Tỉnh Đồng Nai,Biên Hòa,Tỉnh Đồng Nai
2685,16659408.0,2017-10-18,2018-10-26,12.0,FC UP L.G 2 TSA SCORE NEW- 617,20000000.0,1100000.0,21100000.0,44.5,24.0,13.0,1.0,16246736.0,,,1.0,1.0,1342868.0,M,37.0,,9000000.0,0.0,24000000.0,15000000.0,5000000.0,Married,Middle School,Thành phố Hà Nội,Chương Mỹ,Thành phố Hà Nội
1489,16529464.0,2017-10-12,2018-10-26,12.0,FC UP DSA TS SCORE 1 NEW- 761,40000000.0,2200000.0,,35.0,30.0,,1.0,26223000.0,,1.0,1.0,1.0,2129886.0,F,36.0,,12000000.0,0.0,30000000.0,,6000000.0,Single,,Tỉnh An Giang,,Tỉnh An Giang
927,16438794.0,2017-10-04,2018-10-26,12.0,FC UP L.G 2 TSA SCORE NEW- 617,20000000.0,1100000.0,21100000.0,44.5,24.0,12.0,1.0,16264076.0,,,1.0,1.0,1342868.0,M,,,12000000.0,0.0,18000000.0,23000000.0,8000000.0,,Master Degree,Thành phố Hà Nội,Ba Đình,Thành phố Hà Nội
1209,16735657.0,2017-10-21,2018-10-26,12.0,FC CD NK OCT IN-1925,,,6643312.0,0.01,6.0,6.0,1.0,,,1.0,1.0,,1108000.0,M,,2.0,8300000.0,0.0,1000000.0,15000000.0,4000000.0,Married,High School,TP Hồ Chí Minh,Tân Phú,
3973,16570523.0,2017-10-17,2018-10-26,,FC UP L@W-TOP EMPLOYER-SOURCE 2-383,40000000.0,2200000.0,42200000.0,35.0,36.0,12.0,1.0,,,1.0,1.0,1.0,1908961.0,M,32.0,,6329000.0,,12000000.0,14000000.0,,Married,Middle School,Tỉnh Long An,Cần Giuộc,Tỉnh Long An
3545,16701062.0,2017-10-19,,12.0,FC CD P DP0 LP - 848,9989000.0,499450.0,10488450.0,85.0,12.0,1.0,0.0,1339000.0,,0.0,0.0,0.0,1327000.0,F,20.0,,6500000.0,0.0,1000000.0,12000000.0,6000000.0,Single,Middle School,Tỉnh Đồng Nai,Biên Hòa,Tỉnh Đồng Nai
4361,16720817.0,2017-10-19,2018-10-26,12.0,FC UP DSA TS SCORE 2 NEW- 762,30000000.0,1650000.0,31650000.0,45.0,,1.0,0.0,2035033.0,,0.0,0.0,0.0,2023033.0,F,38.0,,16000000.0,0.0,18000000.0,35000000.0,6000000.0,Married,High School,Tỉnh Lạng Sơn,Cao Lộc,Tỉnh Lạng Sơn
1921,16437407.0,2017-10-05,2018-10-26,12.0,FC UP CAT B NEW- 610,30000000.0,,31650000.0,47.0,24.0,11.0,,22776750.0,,0.0,,0.0,2058150.0,M,37.0,,6000000.0,0.0,7200000.0,20000000.0,3000000.0,Married,Middle School,TP Hồ Chí Minh,Quận 9,TP Hồ Chí Minh
351,16680343.0,2017-10-18,2018-10-26,12.0,FC CD PORT LP NEW-1848,2290000.0,114500.0,2404500.0,65.0,6.0,6.0,1.0,2958000.0,,1.0,1.0,1.0,481000.0,M,40.0,2.0,6000000.0,0.0,800000.0,24000000.0,4500000.0,Married,High School,,Yên Phong,Tỉnh Bắc Ninh
4898,16624284.0,2017-10-14,2018-10-26,12.0,FC CD OPPO JULY OUT-1790,4893000.0,322938.0,5215938.0,0.01,6.0,6.0,1.0,5289000.0,,,,1.0,870000.0,F,50.0,2.0,5000000.0,0.0,1000000.0,15000000.0,3000000.0,Married,High School,TP Hồ Chí Minh,Quận 11,
3393,16870314.0,,2018-10-26,12.0,,24000000.0,1320000.0,25320000.0,45.0,12.0,8.0,,21673648.0,,0.0,0.0,0.0,2658912.0,M,26.0,,,0.0,9600000.0,20000000.0,5000000.0,Single,High School,Tỉnh Nam Định,Ý Yên,Tỉnh Nam Định
2721,16871750.0,2017-10-25,,12.0,,20000000.0,1100000.0,21100000.0,35.0,18.0,12.0,1.0,,,1.0,1.0,1.0,1523365.0,,25.0,,,0.0,12000000.0,27000000.0,10000000.0,Single,College,Thành phố Đà Nẵng,Cẩm Lệ,Thành phố Đà Nẵng
4981,16624068.0,2017-10-14,2018-10-26,12.0,FC CD MBW JULY OUT-1721,5243000.0,346038.0,5589038.0,0.01,6.0,4.0,0.0,5664000.0,,,,1.0,932000.0,,22.0,,5000000.0,0.0,1500000.0,5000000.0,1500000.0,,Bachelor,Tỉnh Long An,Tân Hưng,Tỉnh Long An
718,16335857.0,2017-10-03,2018-10-26,12.0,FC UP DSA TS SCORE 2 NEW- 762,,550000.0,10550000.0,45.0,12.0,8.0,0.0,13342880.0,,1.0,0.0,1.0,,M,23.0,,,0.0,24000000.0,20000000.0,6000000.0,Single,High School,Tỉnh Bình Phước,Phú Riềng,
2702,16859527.0,2017-10-28,2018-10-26,12.0,FC UP SUR BIKE PLUS NEW- 618,20000000.0,1100000.0,21100000.0,47.0,24.0,11.0,0.0,15235000.0,,0.0,0.0,0.0,1372100.0,F,41.0,,,0.0,12000000.0,22000000.0,7000000.0,Married,High School,,Vạn Ninh,Tỉnh Khánh Hòa
2722,16431608.0,2017-10-05,2018-10-26,12.0,FC UP DSA TS SCORE 1 NEW- 761,35000000.0,,36925000.0,35.0,30.0,12.0,1.0,22368000.0,,1.0,1.0,1.0,1863650.0,F,41.0,,20000000.0,0.0,48000000.0,40000000.0,8000000.0,Married,Middle School,Tỉnh Hậu Giang,Vị Thủy,Tỉnh Hậu Giang
4561,16919803.0,2017-10-31,2018-10-26,12.0,FC UP DSA TS SCORE 2 NEW- 762,20000000.0,1100000.0,21100000.0,45.0,,11.0,0.0,,,0.0,0.0,0.0,1348689.0,F,52.0,,5000000.0,0.0,6000000.0,60000000.0,15000000.0,Married,High School,Tỉnh Nghệ An,Diễn Châu,Tỉnh Nghệ An
308,16676065.0,2017-10-18,2018-10-26,12.0,FC CD OPPO 10 KD OCT OUT-1941,6291000.0,0.0,6291000.0,19.6,10.0,10.0,1.0,6990000.0,,1.0,1.0,1.0,687000.0,F,24.0,,8000000.0,0.0,1000000.0,15000000.0,4000000.0,Married,High School,Thành phố Hải Phòng,An Lão,Thành phố Hải Phòng
1675,16458001.0,,2018-10-26,,FC TW LIGHT START 3 - 139,7700000.0,385000.0,8085000.0,68.0,6.0,6.0,1.0,9840000.0,,1.0,,1.0,1628000.0,M,31.0,1.0,7000000.0,0.0,500000.0,9000000.0,2500000.0,Married,Middle School,,Krông Bông,Tỉnh Đăk Lăk
833,16504411.0,2017-10-17,2018-10-26,12.0,FC UP CAT C 45 NEW - 578,25000000.0,1375000.0,26375000.0,45.0,24.0,,0.0,13590000.0,,0.0,0.0,0.0,1685861.0,M,27.0,,5993000.0,0.0,12000000.0,,4000000.0,Married,,Tỉnh Đồng Nai,,Tỉnh Đồng Nai
366,16543335.0,2017-10-10,2018-10-26,12.0,FC CD NOKIA JUNE SUB7-1684,3913000.0,258258.0,4171258.0,0.01,6.0,6.0,1.0,4248000.0,,1.0,1.0,1.0,696000.0,M,36.0,,7000000.0,0.0,2000000.0,7000000.0,2000000.0,,High School,Thành phố Cần Thơ,Ninh Kiều,
4506,16659903.0,2017-10-18,,12.0,FC UP L.G 2 TSA SCORE- 535,10000000.0,550000.0,10550000.0,42.5,12.0,6.0,0.0,12586000.0,,0.0,0.0,,1094435.0,M,25.0,,6000000.0,0.0,9600000.0,20000000.0,3000000.0,Single,High School,Tỉnh Hà Tĩnh,Can Lộc,
2078,16618551.0,2017-10-25,2018-10-26,12.0,,,1100000.0,21100000.0,47.0,,10.0,0.0,13732200.0,,0.0,0.0,0.0,1372100.0,F,40.0,,5322000.0,0.0,3600000.0,11780000.0,3300000.0,Married,Middle School,,Thuận An,
4038,16611610.0,2017-10-12,2018-10-26,12.0,,9351000.0,617166.0,9968166.0,0.01,6.0,,0.0,10266000.0,,1.0,0.0,1.0,1662000.0,M,41.0,,20000000.0,0.0,1000000.0,30000000.0,,Civil Marriage/live-in,High School,TP Hồ Chí Minh,Quận 11,TP Hồ Chí Minh
4846,16591378.0,2017-10-13,2018-10-26,12.0,FC CD FPT OCT OUT-1933,4491000.0,296406.0,4787406.0,,6.0,8.0,1.0,4860000.0,,,1.0,1.0,798000.0,,21.0,,7000000.0,0.0,1500000.0,27000000.0,4600000.0,Single,College,TP Hồ Chí Minh,Bình Tân,TP Hồ Chí Minh
4479,16716268.0,2017-10-19,2018-10-26,,FC UP DSA TS SCORE 1 NEW- 761,10000000.0,550000.0,10550000.0,35.0,12.0,12.0,1.0,12596220.0,0.004669972786148446,0.0,,1.0,1054610.0,F,31.0,,5000000.0,0.0,6000000.0,15000000.0,5000000.0,,Working Cerfiticate,Tỉnh Đắk Nông,Đắk Mil,Tỉnh Đắk Nông
1746,16816755.0,2017-10-26,2018-10-26,12.0,FC CD KEY DEALERS 2 NEW- 1801,7490000.0,,7864500.0,35.0,,10.0,1.0,9395000.0,,1.0,1.0,1.0,919000.0,F,24.0,1.0,5000000.0,0.0,,10000000.0,3000000.0,Married,College,Tỉnh Phú Thọ,Thanh Sơn,Tỉnh Phú Thọ
19,16810716.0,2017-10-23,2018-10-26,12.0,FC UP CAT B NEW- 610,50000000.0,,52750000.0,47.0,24.0,14.0,1.0,30881008.0,0.24978745481501696,,0.0,0.0,3430251.0,F,28.0,,,,24000000.0,25000000.0,4500000.0,Single,Master Degree,TP Hồ Chí Minh,,TP Hồ Chí Minh
1322,16531474.0,2017-10-13,2018-10-26,12.0,FC UP DSA TS SCORE 1 NEW- 761,10000000.0,550000.0,10550000.0,,,3.0,0.0,11796000.0,,0.0,0.0,0.0,1054610.0,M,25.0,,6700000.0,0.0,18000000.0,22000000.0,5500000.0,Single,Master Degree,Tỉnh Thừa Thiên - Huế,Phú Lộc,
3567,16851574.0,2017-10-25,2018-10-26,12.0,FC CD VTA JULY OUT-1740,5645000.0,372570.0,6017570.0,0.01,9.0,,1.0,6126000.0,,1.0,1.0,1.0,669000.0,,37.0,2.0,20000000.0,0.0,,20000000.0,1000000.0,Married,College,Tỉnh Khánh Hòa,,Tỉnh Khánh Hòa
2521,16853625.0,2017-10-26,2018-10-26,12.0,FC UP L.G 1 TSA SCORE NEW- 616,10000000.0,550000.0,10550000.0,33.5,18.0,4.0,0.0,12036000.0,,1.0,0.0,1.0,753630.0,M,,,5000000.0,0.0,18000000.0,11000000.0,4500000.0,Married,High School,Tỉnh Hưng Yên,Văn Giang,Tỉnh Hưng Yên
218,16382577.0,2017-10-05,2018-10-26,12.0,FC UP DSA TS SCORE 3- 541,10000000.0,550000.0,,,,12.0,1.0,14414772.0,,1.0,1.0,,1190252.0,F,44.0,,,0.0,12000000.0,36000000.0,6000000.0,Married,Middle School,Tỉnh Gia Lai,Chư Pưh,Tỉnh Gia Lai
1487,,2017-10-13,2018-10-26,12.0,FC UP DSA TS SCORE 2 NEW- 762,,550000.0,10550000.0,45.0,15.0,13.0,,13985000.0,,,1.0,1.0,932366.0,M,51.0,,4000000.0,0.0,8400000.0,16000000.0,,Married,Basic School,Tỉnh Bến Tre,Mỏ Cày Nam,Tỉnh Bến Tre
438,16560224.0,2017-10-11,2018-10-26,12.0,FC CD DP0 LP NEW-1851,2690000.0,134500.0,2824500.0,65.0,6.0,6.0,1.0,3456000.0,,1.0,1.0,1.0,564000.0,M,,,4000000.0,0.0,600000.0,14000000.0,4000000.0,Married,Middle School,,Núi Thành,Tỉnh Quảng Nam
4174,16762138.0,2017-10-23,,12.0,FC CD KEY DEALERS 2 NEW- 1801,11990000.0,0.0,11990000.0,35.0,9.0,9.0,1.0,14069000.0,,1.0,1.0,,1534000.0,F,22.0,,8000000.0,0.0,1000000.0,20000000.0,3500000.0,Single,College,Tỉnh Quảng Ninh,QUẢNG YÊN,Tỉnh Quảng Ninh
2750,16549776.0,2017-10-12,2018-10-26,12.0,FC UP DSA TS SCORE 3- 541,,1375000.0,26375000.0,59.99,24.0,12.0,1.0,23088000.0,,1.0,1.0,1.0,1911265.0,F,28.0,,8000000.0,,7200000.0,,2000000.0,Married,,Tỉnh Tiền Giang,Cai Lậy,Tỉnh Tiền Giang
3288,16704856.0,2017-10-19,2018-10-26,12.0,FC UP L.G 2 TSA SCORE NEW- 617,30000000.0,1650000.0,,44.5,24.0,8.0,0.0,16209000.0,,0.0,0.0,0.0,2014302.0,F,33.0,,8000000.0,0.0,,,15000000.0,Single,Middle School,Tỉnh Kiên Giang,Rạch Giá,Tỉnh Kiên Giang
3433,16641859.0,2017-10-17,2018-10-26,,FC UP DSA TS SCORE 1 NEW- 761,20000000.0,0.0,20000000.0,35.0,24.0,12.0,1.0,14189000.0,,1.0,1.0,1.0,1170372.0,F,26.0,,10000000.0,,12000000.0,,3000000.0,Married,,Tỉnh Thái Nguyên,Thái Nguyên,Tỉnh Thái Nguyên
2525,16385018.0,2017-10-04,2018-10-26,12.0,FC UP DSA TS SCORE 2 NEW- 762,10000000.0,550000.0,10550000.0,45.0,24.0,10.0,,8922472.0,,1.0,0.0,1.0,674344.0,M,53.0,,20000000.0,0.0,,35000000.0,9000000.0,Married,High School,Thành phố Hà Nội,Phú Xuyên,Thành phố Hà Nội
4650,16853188.0,2017-10-26,2018-10-26,12.0,FC UP DSA TS SCORE 1 NEW- 761,30000000.0,1650000.0,31650000.0,35.0,,12.0,,38264968.0,,1.0,1.0,1.0,1597414.0,M,43.0,,15000000.0,0.0,30000000.0,25000000.0,8000000.0,Married,Working Cerfiticate,Tỉnh Lào Cai,,Tỉnh Lào Cai
3688,16646639.0,2017-10-17,2018-10-26,12.0,FC CD KEY DEALERS 2 NEW- 1801,12140000.0,607000.0,12747000.0,35.0,9.0,9.0,1.0,14775000.0,,1.0,1.0,,1631000.0,F,22.0,,5000000.0,0.0,500000.0,15000000.0,1000000.0,,High School,Tỉnh An Giang,,Tỉnh An Giang
2763,16426314.0,2017-10-05,2018-10-26,,FC UP L.G 3 LS 45 - 579,20000000.0,1100000.0,,,24.0,1.0,0.0,1361000.0,,0.0,0.0,0.0,1348689.0,,49.0,,6000000.0,0.0,36000000.0,60000000.0,6000000.0,Married,Middle School,Tỉnh Kiên Giang,Rạch Giá,Tỉnh Kiên Giang
802,16616352.0,2017-10-14,2018-10-26,12.0,FC UP L.G 2 TSA SCORE NEW- 617,25000000.0,1375000.0,26375000.0,44.5,24.0,1.0,0.0,26500000.0,,1.0,0.0,1.0,1678585.0,,22.0,,5000000.0,0.0,,25000000.0,3500000.0,Married,Middle School,,,Tỉnh Bến Tre
2997,16414429.0,2017-10-04,2018-10-26,12.0,FC CD NP DMX ECONOMY - 857,6872000.0,343600.0,7215600.0,45.0,6.0,6.0,1.0,8268000.0,,,1.0,1.0,1366000.0,,42.0,1.0,10000000.0,0.0,,20000000.0,8000000.0,Married,High School,TP Hồ Chí Minh,Bình Tân,TP Hồ Chí Minh
2228,,2017-10-24,2018-10-26,12.0,FC CD NONKEY MAR SUB4.4-1496,6930000.0,457380.0,7387380.0,0.01,6.0,1.0,0.0,,,0.0,0.0,0.0,1232000.0,M,21.0,,6000000.0,0.0,1000000.0,20000000.0,4000000.0,Married,High School,Thành phố Hà Nội,Đông Anh,Thành phố Hà Nội
4785,16775794.0,,2018-10-26,12.0,FC CD MBW SEP IN-1864,2394000.0,158004.0,2552004.0,0.01,4.0,4.0,1.0,,,1.0,1.0,1.0,639000.0,M,41.0,,7300000.0,,2000000.0,14000000.0,5000000.0,Married,Bachelor,Tỉnh Sơn La,Sơn La,Tỉnh Sơn La
2077,16950736.0,,2018-10-26,12.0,FC UP DSA TS SCORE 1 NEW- 761,20000000.0,1100000.0,21100000.0,35.0,24.0,12.0,1.0,14964000.0,,1.0,,1.0,1234743.0,F,41.0,,9000000.0,0.0,7200000.0,21000000.0,1500000.0,Married,Middle School,Tỉnh An Giang,Thoại Sơn,Tỉnh An Giang
582,16636253.0,,2018-10-26,12.0,FC CD P DP0 LP - 848,5990000.0,299500.0,6289500.0,85.0,9.0,,,981000.0,,0.0,0.0,0.0,969000.0,M,32.0,1.0,7000000.0,0.0,,,2000000.0,Divorced,Middle School,,Quận 7,TP Hồ Chí Minh
203,16527656.0,2017-10-11,2018-10-26,12.0,,25000000.0,1375000.0,26375000.0,,12.0,12.0,1.0,36001520.0,,1.0,,1.0,2975630.0,,30.0,,12000000.0,0.0,21600000.0,30000000.0,5400000.0,Single,High School,Tỉnh Quảng Ngãi,Lý Sơn,Tỉnh Quảng Ngãi
4346,16873916.0,2017-10-27,2018-10-26,12.0,FC TW ATTRACTIVE NEW - 151,30000000.0,0.0,30000000.0,45.0,,12.0,1.0,38328000.0,,1.0,,1.0,3151000.0,M,29.0,,8000000.0,0.0,800000.0,16000000.0,4000000.0,,High School,Tỉnh Tuyên Quang,Sơn Dương,Tỉnh Tuyên Quang
3478,16809142.0,2017-10-25,2018-10-26,12.0,FC TW MORA HP NEW IR- 427,28000000.0,1848000.0,29848000.0,0.0,18.0,,0.0,25224000.0,,0.0,0.0,0.0,2281000.0,,34.0,,,0.0,1000000.0,20000000.0,4700000.0,Married,High School,Tỉnh Hải Dương,Nam Sách,Tỉnh Hải Dương
2929,16438135.0,2017-10-04,2018-10-26,12.0,FC CD OPPO JULY OUT-1790,4893000.0,322938.0,5215938.0,0.01,6.0,6.0,,5292000.0,,1.0,1.0,1.0,870000.0,F,42.0,,6000000.0,0.0,1000000.0,15000000.0,4000000.0,Married,Middle School,,Định Quán,Tỉnh Đồng Nai
3085,16491646.0,2017-10-13,2018-10-26,12.0,FC UP DSA TS SCORE 1 NEW- 761,20000000.0,1100000.0,21100000.0,35.0,24.0,12.0,1.0,14960000.0,,1.0,1.0,1.0,1234743.0,M,57.0,,8000000.0,,10800000.0,30000000.0,,Married,High School,Tỉnh Thái Nguyên,Sông Công,
1018,16533628.0,2017-10-09,2018-10-26,,FC CD KEY DEALERS 2 NEW- 1801,4040000.0,202000.0,4242000.0,,12.0,12.0,1.0,5244000.0,,1.0,1.0,1.0,425000.0,F,35.0,,6000000.0,,800000.0,12000000.0,2400000.0,Married,High School,Tỉnh Tiền Giang,Gò Công,Tỉnh Tiền Giang
1583,16748645.0,2017-10-23,2018-10-26,12.0,FC CD OPPO JULY IN-1793,,322938.0,5215938.0,,6.0,6.0,1.0,5292000.0,,1.0,1.0,1.0,870000.0,F,32.0,,6000000.0,0.0,1000000.0,25000000.0,4000000.0,Married,,Tỉnh Thừa Thiên - Huế,Nam Đông,Tỉnh Thừa Thiên - Huế
1032,16468658.0,2017-10-06,2018-10-26,12.0,FC CD KEY DEALERS 2 NEW- 1801,,209500.0,4399500.0,35.0,,2.0,0.0,904000.0,,0.0,0.0,0.0,440000.0,M,47.0,2.0,15000000.0,0.0,5000000.0,31000000.0,10000000.0,Married,High School,TP Hồ Chí Minh,Quận 10,TP Hồ Chí Minh
1718,16452701.0,2017-10-05,2018-10-26,12.0,FC CD NONKEY FEB SUB7.2-1425,8000000.0,528000.0,8528000.0,0.01,6.0,6.0,1.0,8532000.0,0.0,0.0,0.0,1.0,,F,20.0,,6000000.0,0.0,,18000000.0,4000000.0,Single,High School,Tỉnh Cà Mau,Ngọc Hiển,Tỉnh Cà Mau
1281,16777229.0,2017-10-27,2018-10-26,12.0,,20000000.0,1100000.0,21100000.0,47.0,24.0,11.0,0.0,15212900.0,,0.0,0.0,0.0,,F,32.0,,15000000.0,0.0,12000000.0,25000000.0,3000000.0,Married,High School,Tỉnh Quảng Nam,Tam Kỳ,Tỉnh Quảng Nam
2498,16699236.0,2017-10-20,2018-10-26,12.0,FC UP DSA TS SCORE 1 NEW- 761,20000000.0,1100000.0,21100000.0,35.0,24.0,11.0,0.0,13717000.0,,0.0,0.0,0.0,1234743.0,F,34.0,,8000000.0,0.0,12000000.0,30000000.0,10000000.0,Married,High School,Tỉnh Thanh Hóa,Hoằng Hóa,Tỉnh Thanh Hóa
3350,16205043.0,2017-10-14,2018-10-26,12.0,FC UP DSA TS SCORE 2 NEW- 762,10000000.0,550000.0,,,24.0,12.0,1.0,8122000.0,,,1.0,1.0,674344.0,M,,,10000000.0,0.0,12000000.0,20000000.0,3500000.0,Married,High School,Tỉnh Thái Nguyên,Phổ Yên,Tỉnh Thái Nguyên
517,16471939.0,2017-10-06,2018-10-26,12.0,FC TW LIGHT START 3 - 139,13700000.0,685000.0,14385000.0,68.0,6.0,1.0,0.0,,,0.0,0.0,0.0,2895000.0,M,34.0,2.0,10000000.0,0.0,1500000.0,15000000.0,3500000.0,Married,High School,Tỉnh Phú Thọ,Tam Nông,Tỉnh Phú Thọ
1747,16931530.0,,2018-10-26,12.0,FC CD DP0 LP NEW-1851,2490000.0,124500.0,2614500.0,,12.0,12.0,1.0,3768000.0,,1.0,1.0,,302000.0,F,28.0,1.0,6000000.0,0.0,1000000.0,20000000.0,5000000.0,Civil Marriage/live-in,Middle School,Tỉnh Tây Ninh,Châu Thành,Tỉnh Tây Ninh
4652,16568740.0,2017-10-10,2018-10-26,12.0,FC UP L.G 1 TSA SCORE NEW- 616,20000000.0,1100000.0,21100000.0,33.5,30.0,10.0,,10600000.0,,0.0,0.0,,1047720.0,M,,,,0.0,42000000.0,18000000.0,3500000.0,Single,College,Thành phố Hà Nội,Ứng Hòa,Thành phố Hà Nội
3732,16669343.0,2017-10-17,2018-10-26,12.0,,30000000.0,1650000.0,31650000.0,60.0,24.0,12.0,1.0,27665632.0,,1.0,1.0,,2293704.0,M,48.0,,10000000.0,0.0,18000000.0,25000000.0,4000000.0,Married,High School,TP Hồ Chí Minh,Bình Chánh,TP Hồ Chí Minh
668,16611387.0,2017-10-15,,12.0,FC UP DSA TS SCORE 2 NEW- 762,30000000.0,1650000.0,31650000.0,45.0,24.0,12.0,,24420000.0,,1.0,1.0,1.0,2023033.0,F,23.0,,7000000.0,0.0,8400000.0,15000000.0,4000000.0,Married,High School,Tỉnh Thái Bình,Thái Bình,
4059,16647220.0,2017-10-19,2018-10-26,,FC CD NP DMX ECONOMY - 857,,189500.0,3979500.0,45.0,6.0,6.0,1.0,,,1.0,1.0,1.0,753000.0,M,52.0,,7000000.0,0.0,1000000.0,28000000.0,5000000.0,Married,,,Vĩnh Châu,Tỉnh Sóc Trăng
3026,16414014.0,2017-10-02,2018-10-26,12.0,FC CD KEY DEALERS 1 - 811,2000000.0,100000.0,2100000.0,45.0,6.0,2.0,0.0,2296000.0,,0.0,0.0,0.0,398000.0,M,45.0,2.0,8000000.0,0.0,1000000.0,14000000.0,,Married,College,,Bình Sơn,Tỉnh Quảng Ngãi
4932,,2017-10-06,2018-10-26,,FC TW LIGHT START 3 - 139,11750000.0,0.0,11750000.0,68.0,6.0,,1.0,14262000.0,,1.0,1.0,1.0,2365000.0,M,21.0,,,0.0,1000000.0,,4000000.0,Single,High School,TP Hồ Chí Minh,Tân Bình,
3286,16701193.0,2017-10-21,2018-10-26,12.0,FC UP L@W-TOP EMPLOYER-SOURCE 2-383,10000000.0,550000.0,10550000.0,35.0,12.0,,0.0,12728610.0,,1.0,,,1054610.0,M,23.0,,5200000.0,0.0,8400000.0,20000000.0,3500000.0,Single,High School,Tỉnh Tiền Giang,Châu Thành,Tỉnh Tiền Giang
2650,,,,12.0,FC UP CAT B NEW- 610,30000000.0,1650000.0,31650000.0,47.0,,13.0,1.0,29956000.0,,1.0,1.0,1.0,2483234.0,M,,,8500000.0,0.0,12000000.0,30000000.0,10000000.0,Married,High School,Tỉnh Khánh Hòa,Nha Trang,Tỉnh Khánh Hòa
4453,16355288.0,2017-10-04,,12.0,FC UP L.G 2 TSA SCORE NEW- 617,25000000.0,1375000.0,26375000.0,44.5,24.0,12.0,,15215000.0,0.24465149714392376,0.0,0.0,,1678585.0,F,51.0,,5000000.0,0.0,18000000.0,25000000.0,6000000.0,Other,,Tỉnh Quảng Trị,,Tỉnh Quảng Trị
3192,16504651.0,2017-10-06,2018-10-26,,,20000000.0,,21100000.0,45.0,24.0,8.0,0.0,10831000.0,,0.0,0.0,0.0,1348689.0,M,27.0,,8000000.0,0.0,12000000.0,25000000.0,4000000.0,Married,High School,,Chương Mỹ,Thành phố Hà Nội
2124,16485928.0,2017-10-11,2018-10-26,,FC UP DSA TS SCORE 1 NEW- 761,25000000.0,1375000.0,26375000.0,35.0,24.0,,1.0,18672000.0,,1.0,1.0,1.0,1543429.0,M,31.0,,7000000.0,0.0,10800000.0,35000000.0,4500000.0,Divorced,Middle School,,Thủ Thừa,Tỉnh Long An
3375,16775017.0,2017-10-25,2018-10-26,12.0,,15000000.0,825000.0,15825000.0,35.0,12.0,7.0,0.0,18608000.0,,,0.0,0.0,1581914.0,M,28.0,,4000000.0,0.0,12000000.0,13000000.0,4000000.0,Single,Middle School,Tỉnh Trà Vinh,Tiểu Cần,Tỉnh Trà Vinh
3392,16470142.0,2017-10-08,,12.0,FC UP DSA TS SCORE 1 NEW- 761,25000000.0,1375000.0,26375000.0,35.0,24.0,12.0,1.0,18667000.0,,1.0,1.0,1.0,1543429.0,M,24.0,,10000000.0,0.0,,20000000.0,3000000.0,Single,Working Cerfiticate,Tỉnh Ninh Bình,Yên Mô,Tỉnh Ninh Bình
3485,16566646.0,2017-10-16,2018-10-26,12.0,FC CD OPPO 10 KD OCT OUT-1941,6291000.0,415206.0,6706206.0,19.6,10.0,10.0,1.0,7450000.0,,,1.0,1.0,733000.0,M,49.0,2.0,12000000.0,0.0,800000.0,30000000.0,3000000.0,Married,Middle School,Tỉnh Bình Dương,Phú Giáo,Tỉnh Bình Dương
759,16506682.0,2017-10-10,,12.0,FC UP DSA TS SCORE 1 NEW- 761,20000000.0,1100000.0,21100000.0,35.0,30.0,9.0,0.0,9691715.0,,0.0,0.0,0.0,1064943.0,F,21.0,,8000000.0,0.0,,35000000.0,7000000.0,Married,College,,An Dương,Thành phố Hải Phòng
3379,16447737.0,2017-10-07,2018-10-26,12.0,,10000000.0,0.0,10000000.0,45.0,24.0,8.0,0.0,5186000.0,,0.0,0.0,0.0,639189.0,M,55.0,,3000000.0,0.0,12000000.0,20000000.0,5000000.0,Married,,Tỉnh Thanh Hóa,Ngọc Lặc,Tỉnh Thanh Hóa
4440,16858412.0,2017-10-28,2018-10-26,12.0,FC UP SUR BIKE PLUS NEW- 618,20000000.0,1100000.0,,47.0,24.0,12.0,1.0,16609200.0,,1.0,1.0,1.0,1372100.0,M,34.0,,15000000.0,0.0,12000000.0,50000000.0,5000000.0,Married,College,TP Hồ Chí Minh,Gò Vấp,TP Hồ Chí Minh
2526,16645882.0,,2018-10-26,12.0,FC UP L.G 1 TSA SCORE NEW- 616,30000000.0,1650000.0,31650000.0,33.5,,12.0,1.0,22057920.0,,1.0,1.0,1.0,1827160.0,F,40.0,,10000000.0,0.0,12000000.0,30000000.0,5000000.0,Married,High School,Tỉnh Nghệ An,,Tỉnh Nghệ An
4858,16769975.0,2017-10-20,2018-10-26,12.0,FC CD PORT LP NEW-1848,3360000.0,168000.0,3528000.0,65.0,6.0,6.0,1.0,4297648.0,,1.0,1.0,1.0,705000.0,M,22.0,,7000000.0,,,12000000.0,3000000.0,Single,High School,Tỉnh Thừa Thiên - Huế,Nam Đông,Tỉnh Thừa Thiên - Huế
907,,2017-10-17,2018-10-26,12.0,FC UP DSA TS SCORE 2 NEW- 762,35000000.0,1925000.0,36925000.0,45.0,24.0,11.0,0.0,26092000.0,,0.0,0.0,0.0,2360206.0,F,33.0,,16000000.0,0.0,12000000.0,32000000.0,4500000.0,Married,Basic School,Tỉnh An Giang,,Tỉnh An Giang
2683,16878998.0,2017-10-30,2018-10-26,12.0,FC UP CAT A NEW- 608,20000000.0,,21100000.0,,,12.0,1.0,15270000.0,,1.0,1.0,1.0,1257111.0,F,27.0,,5471000.0,0.0,12000000.0,20000000.0,5000000.0,,Working Cerfiticate,Tỉnh Thái Bình,Tiền Hải,Tỉnh Thái Bình
214,16725804.0,2017-10-20,2018-10-26,12.0,FC UP DSA TS SCORE 2 NEW- 762,30000000.0,1650000.0,31650000.0,45.0,20.0,12.0,1.0,27516000.0,,1.0,1.0,1.0,2277600.0,F,50.0,,7000000.0,0.0,7200000.0,13000000.0,2500000.0,,,,Gò Dầu,
3331,16386230.0,2017-10-07,2018-10-26,12.0,FC UP SUR CF PLUS - 555,11000000.0,605000.0,11605000.0,60.0,15.0,12.0,1.0,13572000.0,,1.0,1.0,1.0,,M,,,15000000.0,,24000000.0,,2000000.0,Married,Middle School,Tỉnh Bến Tre,Mỏ Cày Bắc,Tỉnh Bến Tre
4458,16375248.0,2017-10-03,2018-10-26,12.0,FC UP DSA TS SCORE 1 NEW- 761,30000000.0,1650000.0,31650000.0,35.0,12.0,12.0,1.0,38109942.0,,1.0,1.0,1.0,3163829.0,M,42.0,,20000000.0,0.0,24000000.0,40000000.0,5000000.0,Married,Middle School,Tỉnh Đắk Lắk,Krông Năng,Tỉnh Đắk Lắk
693,,,2018-10-26,12.0,FC UP DSA TS SCORE 1 NEW- 761,40000000.0,,42200000.0,35.0,24.0,8.0,0.0,51171000.0,,1.0,0.0,1.0,2469486.0,M,37.0,,10000000.0,0.0,12000000.0,,3000000.0,Married,High School,Tỉnh Đắk Lắk,,Tỉnh Đắk Lắk
1503,16756115.0,2017-10-21,2018-10-26,12.0,FC UP L.G 1 TSA SCORE NEW- 616,10000000.0,550000.0,10550000.0,33.5,30.0,12.0,1.0,6285000.0,0.00020997976558623233,0.0,0.0,1.0,523860.0,M,30.0,,5000000.0,0.0,10800000.0,7000000.0,2000000.0,Married,High School,Tỉnh Thanh Hóa,Quảng Xương,Tỉnh Thanh Hóa
2414,16395980.0,2017-10-03,2018-10-26,12.0,FC CD SAMSUNG OCT IN-1914,4543000.0,299838.0,4842838.0,0.01,6.0,7.0,1.0,4720000.0,0.02640264026402639,0.0,0.0,0.0,808000.0,F,40.0,2.0,5000000.0,0.0,1000000.0,9000000.0,2500000.0,Married,Middle School,Tỉnh Cà Mau,Phú Tân,Tỉnh Cà Mau
2118,16665099.0,2017-10-18,2018-10-26,12.0,FC UP CAT A NEW- 608,30000000.0,1650000.0,31650000.0,37.0,24.0,13.0,1.0,24665001.0,,1.0,1.0,1.0,1885667.0,F,33.0,,8500000.0,,9600000.0,,5000000.0,Married,Middle School,,,Tỉnh Bình Phước
3858,16890502.0,2017-10-28,2018-10-26,12.0,,,1650000.0,31650000.0,45.0,24.0,3.0,0.0,6095000.0,,0.0,0.0,0.0,2023033.0,M,,,10000000.0,0.0,12000000.0,20000000.0,3000000.0,Married,High School,Thành phố Hà Nội,Mỹ Đức,
2462,16824443.0,2017-10-24,2018-10-26,12.0,FC CD VIVO OCT IN-1923,4193000.0,276738.0,4469738.0,0.01,,5.0,0.0,4542000.0,,1.0,0.0,1.0,745000.0,F,27.0,2.0,8000000.0,0.0,700000.0,15000000.0,2500000.0,Civil Marriage/live-in,Middle School,Tỉnh Đồng Tháp,Tam Nông,
3635,16716603.0,2017-10-17,2018-10-26,12.0,FC CD OPPO JULY OUT-1790,4893000.0,322938.0,5215938.0,0.01,6.0,6.0,1.0,5280000.0,,1.0,1.0,1.0,870000.0,M,31.0,,6500000.0,,1500000.0,12500000.0,4500000.0,Married,Bachelor,,Mỹ Hào,Tỉnh Hưng Yên
4105,16644163.0,2017-10-17,,12.0,FC CD FPT OCT OUT-1933,5391000.0,355806.0,5746806.0,0.01,6.0,6.0,1.0,5819000.0,,1.0,1.0,,958000.0,F,24.0,,5000000.0,0.0,800000.0,12000000.0,2500000.0,Married,High School,Tỉnh Sóc Trăng,Châu Thành,Tỉnh Sóc Trăng
4478,,2017-10-26,,12.0,FC UP SUR INS 37 NEW- 612,35000000.0,1925000.0,36925000.0,37.0,36.0,11.0,0.0,18971000.0,,0.0,0.0,0.0,1712401.0,,39.0,,7000000.0,0.0,24000000.0,20000000.0,4000000.0,Married,Middle School,Tỉnh Tây Ninh,Dương Minh Châu,Tỉnh Tây Ninh
196,16574060.0,,2018-10-26,12.0,FC UP DSA TS SCORE 1 NEW- 761,30000000.0,1650000.0,,35.0,18.0,12.0,1.0,27553528.0,,,1.0,1.0,2285048.0,F,54.0,,15000000.0,0.0,12000000.0,55000000.0,8000000.0,Married,Master Degree,Tỉnh Nghệ An,Anh Sơn,Tỉnh Nghệ An
4667,16762353.0,2017-10-22,2018-10-26,12.0,FC UP DSA TS SCORE 2 NEW- 762,10000000.0,550000.0,10550000.0,45.0,,12.0,1.0,8237000.0,,1.0,1.0,1.0,674344.0,M,29.0,,15000000.0,0.0,,30000000.0,9000000.0,Married,High School,Tỉnh Bắc Giang,,Tỉnh Bắc Giang
1543,16319678.0,2017-10-02,2018-10-26,12.0,FC UP L.G 2 TSA SCORE NEW- 617,20000000.0,1100000.0,21100000.0,44.5,24.0,12.0,,16260000.0,,,1.0,1.0,1342868.0,F,36.0,,10000000.0,0.0,21600000.0,17000000.0,5000000.0,Married,High School,Tỉnh Vĩnh Phúc,,Tỉnh Vĩnh Phúc
1330,16367210.0,2017-10-04,2018-10-26,12.0,,30000000.0,1650000.0,31650000.0,35.0,,5.0,0.0,37100000.0,,1.0,0.0,1.0,1597414.0,F,30.0,,20000000.0,0.0,36000000.0,30000000.0,8000000.0,Married,College,Tỉnh Nghệ An,Nghĩa Đàn,Tỉnh Nghệ An
879,16798923.0,,2018-10-26,12.0,FC UP CAT B NEW- 610,18000000.0,990000.0,18990000.0,47.0,15.0,,,,,,,0.0,1698044.0,F,25.0,,5022000.0,,9600000.0,16000000.0,4000000.0,Married,Middle School,Tỉnh Tây Ninh,Dương Minh Châu,
4502,16845450.0,2017-10-25,,12.0,,,550000.0,10550000.0,59.99,18.0,12.0,1.0,,,1.0,1.0,1.0,902454.0,F,30.0,,10000000.0,0.0,,18000000.0,6500000.0,Married,High School,Tỉnh Vĩnh Phúc,Yên Lạc,Tỉnh Vĩnh Phúc
3501,16962089.0,2017-10-31,2018-10-26,12.0,,16000000.0,,17056000.0,0.0,,,0.0,19612000.0,,1.0,0.0,1.0,1464000.0,,36.0,2.0,8000000.0,0.0,1500000.0,,4500000.0,Married,Middle School,Tỉnh Bình Dương,Thuận An,Tỉnh Bình Dương
3894,16874589.0,2017-10-27,2018-10-26,12.0,FC UP L.G 2 TSA SCORE NEW- 617,30000000.0,1650000.0,,44.5,24.0,,,,,,,0.0,2014302.0,F,32.0,,20000000.0,0.0,48000000.0,30000000.0,6000000.0,Divorced,High School,Thành phố Hà Nội,Ba Đình,Thành phố Hà Nội
4990,16408178.0,2017-10-09,,12.0,FC CD NONKEY MAR SUB4.4-1496,6000000.0,396000.0,6396000.0,0.01,6.0,6.0,1.0,6474000.0,,1.0,1.0,1.0,1067000.0,F,36.0,,6000000.0,0.0,500000.0,,1000000.0,Married,,TỈNH PHÚ YÊN,Đông Hòa,TỈNH PHÚ YÊN
887,16629393.0,2017-10-17,2018-10-26,12.0,FC UP L.G 3 TSA SCORE- 541,25000000.0,1375000.0,26375000.0,,12.0,5.0,0.0,14931260.0,,0.0,0.0,0.0,2975630.0,M,31.0,,,0.0,12000000.0,25000000.0,,Single,High School,Tỉnh Đồng Nai,Long Khánh,Tỉnh Đồng Nai
1345,16773062.0,2017-10-20,2018-10-26,12.0,FC UP DSA TS SCORE 1 NEW- 761,10000000.0,550000.0,10550000.0,35.0,12.0,,,,,,,0.0,1054610.0,M,23.0,,7000000.0,0.0,12000000.0,30000000.0,7000000.0,Single,,Tỉnh Quảng Ninh,Hạ Long,Tỉnh Quảng Ninh
68,16577215.0,2017-10-13,,,FC UP EVN CLASSIC - 292,9000000.0,0.0,9000000.0,60.0,12.0,,,12229000.0,,1.0,,1.0,1015429.0,M,54.0,,8000000.0,0.0,9600000.0,,5000000.0,Married,High School,Thành phố Đà Nẵng,,Thành phố Đà Nẵng
4210,16811265.0,2017-10-23,2018-10-26,12.0,FC CD OPPO JULY OUT-1789,3843000.0,253638.0,4096638.0,0.01,6.0,3.0,0.0,2085000.0,,0.0,0.0,0.0,,M,39.0,,,0.0,800000.0,18000000.0,,Married,Middle School,Tỉnh Đồng Nai,Biên Hòa,
1815,16536049.0,2017-10-09,,12.0,FC CD KEY DEALERS 1 - 811,9990000.0,499500.0,10489500.0,45.0,6.0,,1.0,11982000.0,,1.0,1.0,1.0,1985000.0,F,46.0,,8000000.0,0.0,1000000.0,20000000.0,5000000.0,Civil Marriage/live-in,High School,TP Hồ Chí Minh,Quận 12,TP Hồ Chí Minh
568,16961592.0,2017-10-31,2018-10-26,12.0,FC CD OPPO 10 KD OCT OUT-1941,6291000.0,,6706206.0,19.6,10.0,10.0,1.0,7464000.0,,,1.0,1.0,733000.0,M,41.0,2.0,6000000.0,0.0,1000000.0,25000000.0,3500000.0,Married,High School,TP Hồ Chí Minh,Bình Chánh,
2167,,2017-10-29,2018-10-26,12.0,FC UP CAT B NEW- 610,,1100000.0,,,36.0,5.0,0.0,4652000.0,,0.0,0.0,0.0,1103070.0,M,30.0,,5099000.0,0.0,,12000000.0,2000000.0,Single,,Tỉnh Đồng Nai,Thống Nhất,Tỉnh Đồng Nai
96,16492871.0,2017-10-10,2018-10-26,12.0,FC UP L.G 2 TSA SCORE NEW- 617,10000000.0,550000.0,10550000.0,44.5,18.0,,1.0,9908929.0,,1.0,1.0,1.0,,M,48.0,,,0.0,6000000.0,15000000.0,3000000.0,Married,High School,Tỉnh Sóc Trăng,Long Phú,Tỉnh Sóc Trăng
4181,16392229.0,2017-10-02,2018-10-26,12.0,FC CD NONKEY MAR SUB3.4-1495,5220000.0,344520.0,5564520.0,0.01,6.0,6.0,,,,1.0,1.0,,,M,27.0,,6900000.0,0.0,500000.0,50000000.0,3000000.0,Married,High School,Tỉnh Đồng Nai,Long Thành,
3353,16550361.0,2017-10-11,2018-10-26,12.0,FC UP DSA TS SCORE 1 NEW- 761,40000000.0,,,35.0,24.0,12.0,1.0,,,1.0,1.0,1.0,,F,39.0,,10000000.0,0.0,18000000.0,30000000.0,5000000.0,Married,Middle School,Tỉnh Đắk Lắk,Ea Kar,Tỉnh Đắk Lắk
139,16356573.0,2017-10-03,2018-10-26,12.0,FC UP L.G 2 TSA SCORE NEW- 617,30000000.0,1650000.0,31650000.0,44.5,24.0,,,,,,,,2014302.0,M,28.0,,18000000.0,0.0,24000000.0,30000000.0,5000000.0,Married,College,Tỉnh Hưng Yên,Phù Cừ,
4954,,2017-10-14,2018-10-26,12.0,FC CD SAMSUNG JULY IN-1745,4893000.0,322938.0,5215938.0,0.01,6.0,6.0,1.0,5292000.0,,1.0,1.0,1.0,870000.0,M,30.0,1.0,5000000.0,0.0,900000.0,15000000.0,4000000.0,Civil Marriage/live-in,College,Tỉnh Thanh Hóa,Yên Định,Tỉnh Thanh Hóa
2602,16766232.0,2017-10-24,2018-10-26,12.0,FC UP DSA TS SCORE 2 NEW- 762,20000000.0,1100000.0,21100000.0,45.0,18.0,11.0,0.0,17985000.0,,0.0,0.0,,1633069.0,F,,,8000000.0,0.0,12000000.0,25000000.0,5000000.0,Married,High School,Tỉnh Sóc Trăng,Trần Đề,Tỉnh Sóc Trăng
4023,16737589.0,2017-10-21,2018-10-26,12.0,FC UP DSA TS SCORE 1 NEW- 761,20000000.0,1100000.0,,35.0,24.0,9.0,0.0,,,0.0,,,1234743.0,,54.0,,9000000.0,0.0,8400000.0,20000000.0,,Married,Middle School,Tỉnh An Giang,Tân Châu,
4772,16320977.0,2017-10-02,,12.0,FC TW LIGHT START 3 - 139,12190000.0,609500.0,12799500.0,68.0,6.0,4.0,0.0,15528000.0,,1.0,0.0,1.0,2576000.0,M,21.0,,8000000.0,0.0,1000000.0,17000000.0,6000000.0,Married,High School,Tỉnh Hoà Bình,Đà Bắc,Tỉnh Hoà Bình
1606,16749968.0,2017-10-21,2018-10-26,12.0,FC CD PORT LP NEW-1848,3843000.0,192150.0,4035150.0,65.0,6.0,6.0,1.0,4906000.0,,1.0,1.0,1.0,806000.0,M,38.0,2.0,5000000.0,0.0,1000000.0,10000000.0,3000000.0,,College,Tỉnh Sóc Trăng,,Tỉnh Sóc Trăng
1629,16417043.0,2017-10-05,,12.0,FC CD KEY DEALERS 2 NEW- 1801,4990000.0,249500.0,,35.0,12.0,12.0,1.0,6429000.0,,,1.0,,524000.0,M,33.0,,6500000.0,0.0,1200000.0,14500000.0,,Married,College,Thành phố Hải Phòng,Ngô Quyền,Thành phố Hải Phòng
1539,16759183.0,2017-10-24,2018-10-26,12.0,,20000000.0,1100000.0,21100000.0,44.5,18.0,8.0,0.0,13080000.0,,0.0,0.0,,,,22.0,,6000000.0,0.0,10200000.0,27000000.0,3200000.0,,,Tỉnh Bình Dương,Thuận An,Tỉnh Bình Dương
1694,16568515.0,2017-10-10,2018-10-26,12.0,FC CD KEY DEALERS 1 - 811,2390000.0,119500.0,2509500.0,45.0,9.0,5.0,0.0,1730000.0,,0.0,0.0,0.0,334000.0,F,37.0,,5000000.0,0.0,600000.0,12000000.0,3800000.0,,Working Cerfiticate,Tỉnh Yên Bái,Yên Bái,Tỉnh Yên Bái
2059,16762291.0,2017-10-21,2018-10-26,12.0,FC UP L.G 1 TSA SCORE NEW- 616,10000000.0,550000.0,10550000.0,33.5,12.0,12.0,1.0,12860633.0,,1.0,1.0,1.0,1046737.0,M,24.0,,7000000.0,0.0,6000000.0,13000000.0,3000000.0,Single,High School,Tỉnh Nghệ An,Quỳnh Lưu,Tỉnh Nghệ An
463,16723092.0,2017-10-19,2018-10-26,,FC CD NON-PORTABLE LOW PRICE - 801,8000000.0,400000.0,8400000.0,65.0,6.0,6.0,1.0,10140000.0,,1.0,1.0,1.0,1678000.0,M,30.0,2.0,6000000.0,0.0,900000.0,19000000.0,3500000.0,Married,High School,Thành phố Hải Phòng,Thuỷ Nguyên,Thành phố Hải Phòng
2330,16720315.0,2017-10-17,2018-10-26,12.0,FC CD KEY DEALERS 2 NEW- 1801,5390000.0,269500.0,5659500.0,35.0,9.0,7.0,0.0,5159000.0,,0.0,0.0,0.0,725000.0,F,20.0,,5000000.0,0.0,1000000.0,15000000.0,3000000.0,,College,Tỉnh Kon Tum,Kon Tum,
3043,16536798.0,2017-10-09,2018-10-26,12.0,FC CD KEY DEALERS 1 - 811,2152000.0,107600.0,2259600.0,45.0,6.0,,1.0,2637000.0,,1.0,1.0,1.0,428000.0,M,21.0,,6000000.0,0.0,800000.0,19000000.0,4500000.0,,Working Cerfiticate,,Bình Chánh,
4734,16637699.0,2017-10-16,2018-10-26,12.0,FC CD NOKIA JUNE SUB7-1684,3913000.0,258258.0,4171258.0,0.01,6.0,6.0,1.0,4248000.0,,,1.0,1.0,696000.0,M,24.0,,12000000.0,0.0,1500000.0,40000000.0,5000000.0,Single,High School,TP Hồ Chí Minh,Quận 8,TP Hồ Chí Minh
594,,2017-10-30,2018-10-26,12.0,FC CD DMX SEP OUT-1896,4152000.0,0.0,4152000.0,0.01,6.0,6.0,,4225000.0,,1.0,1.0,1.0,693000.0,M,29.0,,5000000.0,0.0,500000.0,10000000.0,1500000.0,Married,High School,Tỉnh Hà Tĩnh,Nghi Xuân,Tỉnh Hà Tĩnh
3814,16380347.0,2017-10-10,2018-10-26,12.0,FC UP DSA TS SCORE 3- 541,15000000.0,825000.0,15825000.0,59.99,18.0,13.0,1.0,17754810.0,,,,1.0,,F,22.0,,9000000.0,0.0,12000000.0,40000000.0,8000000.0,Single,High School,Tỉnh Khánh Hòa,Vạn Ninh,Tỉnh Khánh Hòa
625,16542088.0,2017-10-11,2018-10-26,12.0,FC CD DMX SEP IN-1899,5350000.0,353100.0,5703100.0,0.01,6.0,6.0,1.0,5766000.0,,1.0,,1.0,951000.0,F,39.0,2.0,6000000.0,0.0,700000.0,20000000.0,3000000.0,Married,Middle School,Tỉnh Bình Dương,Bến Cát,Tỉnh Bình Dương
450,16899856.0,2017-10-30,2018-10-26,12.0,,2392000.0,119600.0,2511600.0,65.0,6.0,6.0,,3084000.0,,1.0,1.0,1.0,502000.0,M,32.0,2.0,5000000.0,0.0,500000.0,10000000.0,3000000.0,Married,High School,Tỉnh Hà Giang,Bắc Quang,Tỉnh Hà Giang
1499,16549166.0,2017-10-13,2018-10-26,12.0,,20000000.0,,21100000.0,45.0,24.0,12.0,1.0,16284134.0,,1.0,,1.0,1348689.0,M,29.0,,10000000.0,,,18000000.0,4000000.0,,High School,Tỉnh Tây Ninh,Dương Minh Châu,Tỉnh Tây Ninh
2456,16548050.0,2017-10-09,2018-10-26,12.0,FC CD PORT LP NEW-1848,2290000.0,114500.0,2404500.0,65.0,6.0,,0.0,2667000.0,,0.0,0.0,0.0,481000.0,M,20.0,,,,700000.0,25000000.0,3000000.0,Single,,Tỉnh Bình Dương,Tân Uyên,
4722,16842980.0,,2018-10-26,12.0,FC CD FPT OCT OUT-1970,8099100.0,534541.0,8633641.0,0.01,6.0,6.0,1.0,,,1.0,,1.0,1439000.0,M,25.0,,7000000.0,0.0,2000000.0,20000000.0,10000000.0,Single,High School,,Hoà Vang,Thành phố Đà Nẵng
2984,16793100.0,2017-10-23,2018-10-26,12.0,FC CD KEY DEALERS 1 - 811,5190000.0,259500.0,5449500.0,45.0,6.0,6.0,1.0,6264000.0,,1.0,1.0,1.0,1032000.0,M,29.0,,5000000.0,0.0,1000000.0,20000000.0,4000000.0,Married,,Tỉnh Bạc Liêu,Vĩnh Lợi,Tỉnh Bạc Liêu
1569,16811828.0,2017-10-29,2018-10-26,12.0,FC UP DSA TS SCORE 2 NEW- 762,20000000.0,1100000.0,,45.0,24.0,11.0,0.0,14967689.0,,0.0,0.0,0.0,1348689.0,M,44.0,,10000000.0,0.0,12000000.0,30000000.0,,Married,Middle School,Tỉnh Bình Thuận,,Tỉnh Bình Thuận
1034,16997771.0,2017-10-31,2018-10-26,12.0,FC CD OPPO JULY OUT-1789,3843000.0,253638.0,4096638.0,0.01,6.0,6.0,,4170000.0,,1.0,1.0,1.0,,F,22.0,,,0.0,800000.0,14000000.0,2000000.0,Married,High School,Tỉnh Bình Thuận,Phan Thiết,Tỉnh Bình Thuận
3518,16791815.0,2017-10-24,2018-10-26,12.0,FC CD UTILITY - 807,5280000.0,0.0,5280000.0,60.0,8.0,8.0,1.0,6620000.0,,1.0,1.0,1.0,817000.0,M,25.0,,7000000.0,0.0,900000.0,28000000.0,3900000.0,Single,College,Tỉnh Khánh Hòa,Nha Trang,Tỉnh Khánh Hòa
1557,16678638.0,2017-10-21,2018-10-26,12.0,FC UP L@W-TOP EMPLOYER-SOURCE 2-383,30000000.0,1650000.0,31650000.0,35.0,36.0,12.0,1.0,17324721.0,,1.0,1.0,1.0,1431721.0,F,26.0,,5000000.0,0.0,9600000.0,13000000.0,3500000.0,Single,Middle School,Tỉnh Đồng Nai,Biên Hòa,Tỉnh Đồng Nai
3624,16777453.0,2017-10-23,2018-10-26,12.0,FC CD VIVO SEP IN-1890,2793000.0,184338.0,2977338.0,0.01,4.0,4.0,1.0,,,1.0,1.0,1.0,745000.0,F,,3.0,5000000.0,0.0,,35000000.0,5000000.0,Married,Basic School,Tỉnh Kiên Giang,Kiên Lương,
4664,16346914.0,2017-10-04,,12.0,FC UP DSA TS SCORE 2 NEW- 762,,1650000.0,31650000.0,,24.0,12.0,1.0,24421000.0,,1.0,1.0,1.0,,F,45.0,,11000000.0,0.0,24000000.0,22000000.0,5000000.0,Married,High School,,Hải Dương,Tỉnh Hải Dương
150,16367200.0,,,12.0,FC UP L.G 3 TSA SCORE- 541,10000000.0,550000.0,10550000.0,59.99,,12.0,1.0,12328248.0,,1.0,1.0,1.0,1016354.0,F,32.0,,4500000.0,0.0,,,4500000.0,Married,High School,Tỉnh An Giang,,Tỉnh An Giang
1420,16573131.0,2017-10-12,,12.0,FC UP L.G 2 TSA SCORE NEW- 617,40000000.0,2200000.0,42200000.0,44.5,24.0,12.0,1.0,32374000.0,,1.0,1.0,1.0,2685736.0,,34.0,,10000000.0,0.0,12000000.0,20000000.0,6000000.0,Married,High School,Tỉnh Bình Thuận,La Gi,Tỉnh Bình Thuận
2011,16907653.0,2017-10-31,2018-10-26,12.0,FC UP L.G 2 TSA SCORE NEW- 617,,,42200000.0,44.5,24.0,7.0,0.0,26200000.0,,0.0,0.0,0.0,2685736.0,M,26.0,,10000000.0,0.0,24000000.0,35000000.0,8000000.0,Single,,Thành phố Hà Nội,Quốc Oai,
2686,16490474.0,2017-10-10,2018-10-26,12.0,FC UP L.G 3 TSA SCORE- 541,10000000.0,550000.0,10550000.0,59.99,12.0,11.0,,13232252.0,,0.0,0.0,0.0,1190252.0,M,,,10000000.0,0.0,12000000.0,17000000.0,2000000.0,Married,Master Degree,Tỉnh Bình Định,Tây Sơn,Tỉnh Bình Định
1786,16520570.0,2017-10-13,2018-10-26,,FC TW E STANDARD EBIKE-197,12800000.0,640000.0,13440000.0,55.0,12.0,12.0,,17906000.0,,1.0,1.0,1.0,,M,42.0,,9000000.0,0.0,1000000.0,35000000.0,5000000.0,Civil Marriage/live-in,College,Tỉnh Quảng Trị,Đông Hà,Tỉnh Quảng Trị
88,,2017-10-30,2018-10-26,12.0,FC UP L.G 1 TSA SCORE NEW- 616,30000000.0,1650000.0,31650000.0,33.5,30.0,11.0,0.0,17427000.0,,0.0,0.0,0.0,1571579.0,M,35.0,,15000000.0,0.0,12000000.0,25000000.0,8000000.0,Married,High School,Thành phố Hà Nội,Đông Anh,Thành phố Hà Nội
457,16829094.0,2017-10-26,2018-10-26,,FC CD DMX SEP OUT-1896,,423324.0,6837324.0,0.01,6.0,6.0,1.0,6912000.0,,,1.0,1.0,1140000.0,M,29.0,,6000000.0,0.0,1000000.0,12000000.0,3000000.0,Married,College,Thành phố Đà Nẵng,Hoà Vang,Thành phố Đà Nẵng
1305,,2017-10-20,2018-10-26,12.0,FC UP DSA TS SCORE 1 NEW- 761,20000000.0,1100000.0,21100000.0,,30.0,8.0,0.0,10064000.0,,0.0,0.0,0.0,1064943.0,F,25.0,,9000000.0,0.0,24000000.0,30000000.0,4000000.0,Married,College,Thành phố Hải Phòng,Hồng Bàng,Thành phố Hải Phòng
2925,16602337.0,2017-10-12,2018-10-26,12.0,FC TW 0% DP - 143,18500000.0,1017500.0,,45.0,18.0,11.0,0.0,16753000.0,,0.0,0.0,0.0,1511000.0,,35.0,,6000000.0,0.0,1000000.0,15000000.0,4000000.0,Married,Middle School,,Cầu Ngang,Tỉnh Trà Vinh
3270,,2017-10-10,2018-10-26,12.0,,,2750000.0,52750000.0,35.0,24.0,,1.0,37185570.0,,,1.0,,3086857.0,F,44.0,,12000000.0,0.0,6000000.0,25000000.0,3000000.0,Married,High School,Tỉnh Phú Yên,Tuy Hòa,Tỉnh Phú Yên
3227,16073505.0,2017-10-18,2018-10-26,12.0,FC UP SUR CF PLUS - 555,26000000.0,1430000.0,27430000.0,,24.0,12.0,1.0,22035000.0,0.0762758460407762,,0.0,0.0,1987877.0,M,40.0,,15000000.0,,18000000.0,,6000000.0,Married,High School,TP Hồ Chí Minh,Bình Chánh,TP Hồ Chí Minh
1988,16910206.0,2017-10-31,2018-10-26,12.0,FC UP DSA TS SCORE 1 NEW- 761,20000000.0,1100000.0,21100000.0,35.0,,12.0,,13691000.0,0.07598855254359271,0.0,0.0,0.0,,F,24.0,,8000000.0,0.0,18000000.0,15000000.0,4000000.0,Married,College,Tỉnh Tiền Giang,Cai Lậy,Tỉnh Tiền Giang
3754,16879006.0,2017-10-27,2018-10-26,12.0,,30000000.0,1650000.0,31650000.0,37.0,18.0,11.0,0.0,25612214.0,,0.0,,0.0,2317474.0,M,23.0,,14000000.0,0.0,24000000.0,14000000.0,3000000.0,Single,College,Tỉnh Khánh Hòa,Nha Trang,Tỉnh Khánh Hòa
3646,,2017-10-10,2018-10-26,,FC CD OPPO 10 KD OCT OUT-1941,6291000.0,415206.0,6706206.0,,10.0,10.0,1.0,7450000.0,,1.0,1.0,1.0,733000.0,,21.0,,6000000.0,0.0,600000.0,30000000.0,,,High School,Tỉnh Tây Ninh,Hòa Thành,Tỉnh Tây Ninh
831,16451551.0,2017-10-06,2018-10-26,12.0,FC UP L.G 1 TSA SCORE NEW- 616,10000000.0,550000.0,10550000.0,33.5,12.0,12.0,1.0,,,1.0,1.0,1.0,,M,33.0,,10000000.0,0.0,18000000.0,20000000.0,5000000.0,Married,High School,Tỉnh Gia Lai,Pleiku,Tỉnh Gia Lai
239,,2017-10-15,2018-10-26,12.0,,30000000.0,1650000.0,31650000.0,45.0,24.0,12.0,1.0,24420363.0,,1.0,,,2023033.0,F,30.0,,6000000.0,,9600000.0,15000000.0,4000000.0,Married,High School,Tỉnh Trà Vinh,Cầu Ngang,Tỉnh Trà Vinh
4681,16776785.0,2017-10-23,,12.0,,8190000.0,540540.0,8730540.0,0.01,,6.0,1.0,8796000.0,,1.0,,1.0,1456000.0,F,22.0,,6000000.0,0.0,1000000.0,30000000.0,5000000.0,Single,High School,TP Hồ Chí Minh,,TP Hồ Chí Minh
3022,16675681.0,2017-10-17,2018-10-26,12.0,FC CD KEY DEALERS 2 NEW- 1801,4490000.0,224500.0,4714500.0,35.0,9.0,9.0,1.0,5536000.0,,1.0,1.0,1.0,604000.0,F,51.0,1.0,4500000.0,0.0,1000000.0,15000000.0,3000000.0,Married,High School,Tỉnh Tiền Giang,Châu Thành,Tỉnh Tiền Giang
3148,16773198.0,2017-10-22,2018-10-26,12.0,FC UP DSA TS SCORE 2 NEW- 762,20000000.0,1100000.0,,45.0,24.0,12.0,1.0,16188000.0,,1.0,1.0,,1348689.0,M,36.0,,15000000.0,0.0,24000000.0,25000000.0,4000000.0,Married,,Tỉnh Sóc Trăng,Kế Sách,Tỉnh Sóc Trăng
1946,16526528.0,2017-10-12,2018-10-26,,FC UP SUR BIKE BASIC - 546,12000000.0,660000.0,12660000.0,68.0,12.0,11.0,,16359722.0,,0.0,0.0,0.0,1482574.0,F,21.0,,12000000.0,0.0,9600000.0,,6000000.0,Married,High School,Tỉnh Bình Thuận,Phan Thiết,Tỉnh Bình Thuận
2775,16462052.0,2017-10-09,2018-10-26,12.0,FC CD OPPO JULY OUT-1791,,,,0.01,6.0,,1.0,6912000.0,,1.0,1.0,1.0,1140000.0,F,20.0,,7000000.0,0.0,2000000.0,15000000.0,5000000.0,Married,High School,Thành phố Đà Nẵng,Ngũ Hành Sơn,Thành phố Đà Nẵng
192,16377775.0,2017-10-03,2018-10-26,12.0,,20000000.0,0.0,20000000.0,45.0,24.0,12.0,1.0,15473268.0,,1.0,1.0,1.0,1278378.0,M,39.0,,,0.0,,35000000.0,9000000.0,Married,High School,Thành phố Hà Nội,Thanh Oai,Thành phố Hà Nội
4849,16699387.0,2017-10-19,2018-10-26,12.0,FC TW ATTRACTIVE NEW - 151,23000000.0,,24150000.0,45.0,12.0,11.0,0.0,30711000.0,,1.0,0.0,1.0,2537000.0,F,30.0,1.0,8000000.0,,1600000.0,15000000.0,4000000.0,,High School,Tỉnh Thanh Hóa,Thạch Thành,
4939,16466898.0,2017-10-10,2018-10-26,12.0,FC CD KEY DEALERS 2 NEW- 1801,4576000.0,228800.0,4804800.0,,9.0,,1.0,5643000.0,,1.0,1.0,1.0,,F,48.0,,6000000.0,,1000000.0,20000000.0,4000000.0,Civil Marriage/live-in,,Tỉnh Đồng Tháp,Sa Đéc,Tỉnh Đồng Tháp
944,16546110.0,2017-10-18,2018-10-26,12.0,FC CD KEY DEALERS 2 NEW- 1801,9990000.0,499500.0,10489500.0,35.0,9.0,9.0,1.0,12186000.0,,1.0,1.0,,1342000.0,M,28.0,,8000000.0,0.0,1000000.0,22000000.0,,Single,High School,Thành phố Hải Phòng,Lê Chân,Thành phố Hải Phòng
1268,16514272.0,2017-10-10,2018-10-26,12.0,FC UP DSA TS SCORE 1 NEW- 761,,1375000.0,26375000.0,35.0,24.0,13.0,1.0,,,1.0,1.0,1.0,1543429.0,M,49.0,,12000000.0,0.0,12000000.0,40000000.0,6000000.0,Married,Basic School,Tỉnh An Giang,Tri Tôn,Tỉnh An Giang
4231,,2017-10-06,2018-10-26,12.0,FC TW 0% DP - 143,,0.0,35000000.0,45.0,12.0,12.0,1.0,44236000.0,,1.0,1.0,1.0,3676000.0,F,,2.0,10000000.0,0.0,2000000.0,20000000.0,7000000.0,Married,High School,Thành phố Hà Nội,Quốc Oai,Thành phố Hà Nội
2307,,2017-10-30,2018-10-26,12.0,FC CD KEY DEALERS 2 NEW- 1801,3990000.0,199500.0,4189500.0,35.0,9.0,3.0,0.0,4878000.0,,,0.0,,536000.0,F,34.0,,5000000.0,0.0,1000000.0,12000000.0,3500000.0,Married,High School,Tỉnh Điện Biên,,Tỉnh Điện Biên
4424,16778088.0,2017-10-24,2018-10-26,12.0,FC UP DSA TS SCORE 2 NEW- 762,40000000.0,2200000.0,42200000.0,45.0,24.0,11.0,0.0,29678000.0,,0.0,0.0,0.0,2697378.0,M,38.0,,10000000.0,0.0,12000000.0,20000000.0,5000000.0,Married,Basic School,Tỉnh An Giang,Tri Tôn,Tỉnh An Giang
4711,16489130.0,2017-10-11,2018-10-26,12.0,FC CD UTILITY - 807,5850000.0,292500.0,6142500.0,60.0,6.0,6.0,1.0,7338000.0,,1.0,1.0,1.0,1211000.0,M,22.0,,6000000.0,0.0,1500000.0,12000000.0,4000000.0,Single,High School,Thành phố Đà Nẵng,Ngũ Hành Sơn,Thành phố Đà Nẵng
2313,16540190.0,2017-10-10,2018-10-26,12.0,FC CD DMX SEP OUT-1896,4000000.0,264000.0,4264000.0,0.01,6.0,6.0,1.0,4338000.0,,1.0,1.0,1.0,711000.0,F,30.0,1.0,4000000.0,,1000000.0,,3500000.0,Married,Middle School,Tỉnh An Giang,Châu Thành,Tỉnh An Giang
3214,16854096.0,2017-10-24,2018-10-26,12.0,FC UP DSA TS SCORE 2 NEW- 762,20000000.0,1100000.0,21100000.0,45.0,24.0,12.0,,16316579.0,,1.0,1.0,1.0,1348689.0,F,33.0,,6000000.0,0.0,21600000.0,,4500000.0,Married,Middle School,TP Hồ Chí Minh,,TP Hồ Chí Minh
2732,16728104.0,2017-10-19,2018-10-26,12.0,,,2200000.0,42200000.0,35.0,30.0,10.0,0.0,21420000.0,,0.0,0.0,0.0,2129886.0,M,45.0,,8000000.0,0.0,12000000.0,30000000.0,8000000.0,,Middle School,Tỉnh Long An,Bến Lức,Tỉnh Long An
1926,16921033.0,2017-10-30,2018-10-26,12.0,FC UP SUR BIKE PLUS NEW- 618,25000000.0,1375000.0,26375000.0,47.0,,11.0,0.0,22901000.0,,0.0,0.0,0.0,2069362.0,M,26.0,,10000000.0,0.0,12000000.0,20000000.0,,Married,Middle School,Thành phố Cần Thơ,Thốt Nốt,Thành phố Cần Thơ
